pref,pref_code,cat,date,shop,addr,lat,lon,lat_i,lon_i
aichi,23,コンビニ,2025-07-01,法人番号3180001157216株式会社エージェイアイ商店ファミリーマート新栄一丁目店,名古屋市中区新栄一丁目16番12号,35.166912,136.919403,8440,5907
aichi,23,スーパー,2025-07-08,法人番号1080101006499マックスバリュ東海株式会社マックスバリュエクスプレス御器所２丁目店,名古屋市昭和区御器所二丁目5番11号,35.149204,136.922424,8435,5907
aichi,23,コンビニ,2025-07-01,加藤和也ローソン南区芝町店,名古屋市南区芝町30番地,35.097404,136.942017,8423,5910
aichi,23,ドラッグ・薬局,2025-07-08,法人番号7180301016951株式会社スギ薬局スギドラッグ豊明寺池店,豊明市沓掛町寺池91番地,35.061054,137.015457,8414,5922
aichi,23,ドラッグ・薬局,2025-07-01,法人番号9290001025414株式会社コスモス薬品ドラッグコスモス百々店,岡崎市百々町字七社12番地,34.986679,137.170853,8396,5947
aichi,23,コンビニ,2025-07-08,法人番号7180002088142有限会社浅井商店ファミリーマート知多にしの台店,知多市にしの台二丁目1305番地,34.9772,136.874359,8394,5899
aichi,23,コンビニ,2025-07-01,中山雄太セブン－イレブン豊田市秋葉町店,豊田市秋葉町一丁目72番地,35.063309,137.16713,8415,5946
aichi,23,コンビニ,2025-07-16,法人番号1010001088181株式会社セブン－イレブン・ジャパンセブン－イレブン扶桑南山名店,丹羽郡扶桑町大字南山名字前ノ浦51番地1,35.365631,136.903976,8487,5904
akita,05,コンビニ,2025-07-01,佐々木繁喜ファミリーマート秋田土崎港相染町店,秋田市土崎港相染町字中谷地169番地2,39.766537,140.064301,9543,6410
aomori,02,コンビニ,2025-07-01,乳井亮セブン－イレブン弘前駅前3丁目店,弘前市大字駅前三丁目2番地2,40.599476,140.480881,9743,6476
aomori,02,コンビニ,2025-07-05,法人番号2420001013436株式会社ミブローソン八戸沢里二ツ屋店,八戸市大字沢里字二ツ屋4番地1,40.487705,141.478378,9717,6636
aomori,02,コンビニ,2025-07-01,法人番号7420001016046株式会社佐々木商店ローソン十和田東二十三番町店,十和田市東二十三番町29番6号,40.624535,141.235489,9749,6597
chiba,12,コンビニ,2025-07-01,佐久間丈敏ローソン君津末吉店,君津市末吉２２２番地１,35.327866,140.062119,8478,6409
chiba,12,ドラッグ・薬局,2025-07-17,法人番号9290001025414株式会社コスモス薬品ドラッグコスモス請西店,木更津市請西２丁目２５番５号,35.373753,139.938721,8489,6390
chiba,12,コンビニ,2025-07-25,法人番号7050001018105セキショウブランニューシステム株式会社ファミリーマートＴＸ南流山駅店,流山市南流山２丁目１番地首都圏新都市鉄道つくばエクスプレス南流山駅地下１階ラチ外コンコース内,35.837788,139.903992,8601,6384
chiba,12,コンビニ,2025-07-31,法人番号1040003022953ＭＵＳＴ合同会社ファミリーマート松戸駅西口店,松戸市本町１番地の１２日発ビル１階,35.783905,139.899689,8588,6383
chiba,12,コンビニ,2025-07-01,桑田正和ファミリーマートいすみ大原店,いすみ市大原１２１０番地,35.23893,140.392517,8457,6462
chiba,12,コンビニ,2025-07-01,桑田正和ファミリーマート大多喜石神店,夷隅郡大多喜町石神１４３番地４,35.249332,140.264862,8459,6442
chiba,12,コンビニ,2025-07-01,坂田和彦ミニストップ四街道物井店,四街道市物井５９０番地,35.681576,140.197906,8563,6431
chiba,12,コンビニ,2025-07-15,鈴木孝典ファミリーマート酒々井尾上店,印旛郡酒々井町尾上６０番地４,35.728699,140.284378,8574,6445
chiba,12,スーパー,2025-07-30,法人番号9011001072762株式会社オールアバウトライフマーケティングサンプル百貨店イオンモール千葉ニュータウン店,印西市中央北３丁目２番地イオンモール千葉ニュータウン１階１３３区画,35.802212,140.112183,8592,6417
ehime,38,コンビニ,2025-07-08,濱浦恵介セブン－イレブン松山辰巳町店,松山市辰巳町３番１４号,33.867504,132.718323,8128,5234
ehime,38,コンビニ,2025-07-31,田王将文ファミリーマート北条下難波店,松山市下難波４５６番地１,33.98085,132.782913,8155,5245
fukuoka,40,コンビニ,2025-07-04,法人番号3290801002312株式会社大信薬局ファミリーマート八幡本城東店,北九州市八幡西区本城東三丁目２番２０号,33.874516,130.732559,8129,4917
fukuoka,40,スーパー,2025-07-28,法人番号6290001017604イオン九州株式会社マックスバリュエクスプレス渡辺通３丁目店,福岡市中央区渡辺通三丁目１番１７号,33.585556,130.405609,8060,4864
fukuoka,40,ドラッグ・薬局,2025-07-31,法人番号9290001042145株式会社ドラッグイレブンドラッグイレブン柳河内店,福岡市南区柳河内二丁目１１番１号,33.551453,130.405991,8052,4864
fukuoka,40,ドラッグ・薬局,2025-07-14,法人番号9290001044133株式会社ドラッグストアモリドラッグストアモリ梅林店,福岡市城南区梅林一丁目１６番４３号,33.542809,130.357468,8050,4857
fukuoka,40,コンビニ,2025-07-01,水落貴大セブン－イレブン久留米櫛原店,久留米市東櫛原町２３０１番地４,33.320446,130.5186,7996,4882
fukuoka,40,ドラッグ・薬局,2025-07-07,法人番号9290001025414株式会社コスモス薬品ドラッグコスモス津古店,小郡市津古９２６番地,33.442627,130.558167,8026,4889
fukuoka,40,コンビニ,2025-07-10,法人番号4290801026005ＭＡＲＵＹＡＷＯＲＫＳ株式会社ファミリーマート嘉麻飯田店,嘉麻市飯田２０１番地,33.569553,130.701767,8056,4912
fukuoka,40,コンビニ,2025-07-14,法人番号4020001007831株式会社日産クリエイティブサービスファミリーマートラ・ポーズ白石／Ｓ店,京都郡苅田町大字与原字白石２２７０番７,33.754032,130.992355,8100,4958
fukuoka,40,スーパー,2025-07-23,法人番号9290001072902株式会社トライアルストアーズスーパーセンタートライアル上毛店,築上郡上毛町大字宇野８３１番地１,33.574856,131.156952,8057,4985
fukuoka,40,コンビニ,2025-07-23,小林勝代セブン－イレブン行橋行事３丁目店,行橋市行事三丁目１番３０号,33.738846,130.976212,8097,4956
fukuoka,40,コンビニ,2025-07-02,水落信次セブン－イレブン大野城紫台店,大野城市紫台１２０番地,33.506607,130.47966,8041,4876
fukushima,07,コンビニ,2025-07-07,法人番号6380001005624株式会社ＮＡＮＡセブン－イレブン郡山富久山梅田店,郡山市富久山町久保田字梅田134番地の1,37.405834,140.38826,8977,6462
fukushima,07,ドラッグ・薬局,2025-07-09,法人番号1430001010672株式会社ツルハツルハドラッグ小野店,田村郡小野町大字飯豊字坂東内前31番地,37.297077,140.619202,8951,6499
fukushima,07,スーパー,2025-07-09,法人番号5410001001901イオン東北株式会社イオン双葉店,双葉郡双葉町大字長塚字町西36番地1,37.45293,141.003799,8988,6560
gifu,21,コンビニ,2025-07-14,梶田聡セブン－イレブン各務原鵜沼西町店,各務原市鵜沼西町四丁目138番地1,35.397923,136.930328,8495,5908
gifu,21,コンビニ,2025-07-01,汲田淳ローソン大垣本今一丁目店,大垣市本今一丁目77番地1,35.352482,136.607239,8484,5857
gifu,21,コンビニ,2025-07-31,法人番号3200001028554株式会社売売堂セブン－イレブン大垣割田店,大垣市割田三丁目51番地,35.34079,136.608368,8481,5857
gumma,10,コンビニ,2025-07-01,法人番号2070002014485有限会社アイオライトローソン高崎宿大類町店,高崎市宿大類町９００番地１,36.329777,139.050781,8719,6248
gumma,10,コンビニ,2025-07-01,殷志宏ローソン藤岡芦田南店,藤岡市藤岡２３４０番地１,36.237442,139.067078,8696,6250
gumma,10,スーパー,2025-07-16,法人番号5070001023864株式会社田村商店株式会社田村商店スーパー大津本店,吾妻郡長野原町大字大津２３０番地１,36.5532,138.620026,8772,6179
gumma,10,コンビニ,2025-07-31,青木正博ファミリーマート中之条伊勢町下店,吾妻郡中之条町大字伊勢町６７５番地１,36.588902,138.856369,8781,6217
hiroshima,34,ドラッグ・薬局,2025-07-07,法人番号1012401000634株式会社サンドラッグサンドラッグ広島皆実町店,広島市南区皆実町六丁目15番5号,34.371983,132.464462,8249,5194
hiroshima,34,コンビニ,2025-07-01,法人番号6240002006635有限会社境谷商店セブン－イレブン広島可部中央店,広島市安佐北区可部三丁目45番8号,34.515991,132.513412,8283,5202
hiroshima,34,コンビニ,2025-07-31,法人番号2013301010706株式会社ファミリーマートファミリーマート広白石店,呉市広白石一丁目3番44号,34.228203,132.632294,8214,5221
hiroshima,34,コンビニ,2025-07-31,法人番号9240001041366株式会社Ｓ．Ｓ．Ｔ．ファミリーマートＪＲ忠海駅前店,竹原市忠海中町一丁目1番77号,34.336853,132.990768,8240,5278
hiroshima,34,コンビニ,2025-07-01,原昂志ローソン福山西深津店,福山市西深津町四丁目3番11号,34.497036,133.379227,8279,5340
hiroshima,34,ドラッグ・薬局,2025-07-11,法人番号9290001025414株式会社コスモス薬品ドラッグコスモス手城店,福山市南手城町四丁目9番24号,34.482796,133.397278,8275,5343
ibaraki,08,コンビニ,2025-07-01,齋藤秀昭ローソン土浦神立中央五丁目店,土浦市神立中央五丁目３７番５号,36.120918,140.221634,8669,6435
ibaraki,08,コンビニ,2025-07-01,法人番号4010001030181ミニストップ株式会社ミニストップつくば西大橋店,つくば市西大橋５８１番地１,36.071014,140.084671,8657,6413
ibaraki,08,コンビニ,2025-07-24,小林由紀子ファミリーマートつくば竹園店,つくば市竹園一丁目８番地７,36.078316,140.113297,8658,6418
ibaraki,08,コンビニ,2025-07-31,法人番号2010701019195株式会社ローソンローソンつくば自由ケ丘店,つくば市自由ヶ丘１７０番地４４,35.963306,140.1026,8631,6416
ibaraki,08,コンビニ,2025-07-31,法人番号2010701019195株式会社ローソンローソンつくばみらい谷井田店,つくばみらい市谷井田２０４７番地４,35.953484,140.048874,8628,6407
ibaraki,08,コンビニ,2025-07-31,蒲生麗奈ファミリーマート石岡第一病院前店,石岡市石岡１３４４６番地２,36.204174,140.289398,8689,6446
ibaraki,08,コンビニ,2025-07-31,根本誠一ファミリーマート土浦中村南四丁目店,土浦市中村南四丁目１１番４号,36.04044,140.164536,8649,6426
ibaraki,08,コンビニ,2025-07-01,川端克明ローソン総和駒羽根店,古河市駒羽根１５０３番地,36.158054,139.762558,8677,6362
ibaraki,08,コンビニ,2025-07-01,法人番号4010001030181ミニストップ株式会社ミニストップ龍ケ崎白羽店,龍ケ崎市白羽一丁目７番地３７,35.921665,140.217911,8621,6434
ibaraki,08,コンビニ,2025-07-31,東原潔子ファミリーマート竜ヶ崎警察署前店,龍ケ崎市光順田２８３１番地１,35.906113,140.195084,8617,6431
iwate,03,コンビニ,2025-07-24,米倉真吾セブン－イレブン宮古実田1丁目店,宮古市実田一丁目4番21号,39.624634,141.958374,9509,6713
kagawa,37,コンビニ,2025-07-31,坂口愛果ファミリーマート高松庵治町店,高松市庵治町６１８番地６,34.377396,134.142563,8250,5462
kagoshima,46,コンビニ,2025-07-08,法人番号1010001088181株式会社セブン－イレブン・ジャパンセブン－イレブン鹿児島東俣店,鹿児島市東俣町１６８番地１,31.688299,130.499268,7605,4879
kagoshima,46,コンビニ,2025-07-15,法人番号4340001013574株式会社リンクスファミリーマート薩摩川内宮崎町店,薩摩川内市宮崎町１８８１番地１,31.800077,130.318878,7632,4851
kagoshima,46,コンビニ,2025-07-07,法人番号1340003002090合同会社鹿児島リテイルローソン鹿屋医療センター前店,鹿屋市札元一丁目３番２６号,31.39282,130.866959,7534,4938
kagoshima,46,ドラッグ・薬局,2025-07-08,法人番号9290001042145株式会社ドラッグイレブンドラッグイレブン加世田店,南さつま市加世田本町２番地１,31.421581,130.32338,7541,4851
kagoshima,46,コンビニ,2025-07-01,法人番号2340002014276有限会社Ｙａｍａｄａローソン霧島国分上井店,霧島市国分上井７４１番地１,31.72172,130.78714,7613,4925
kanagawa,14,コンビニ,2025-07-01,石黒亮セブン－イレブン横浜尻手駅前店,横浜市鶴見区矢向４丁目３番６号プチ５小室１階,35.531143,139.683746,8527,6349
kanagawa,14,コンビニ,2025-07-24,石黒亮セブン－イレブン横浜尻手駅西店,横浜市鶴見区矢向４丁目５番２３号,35.531277,139.68338,8527,6349
kanagawa,14,コンビニ,2025-07-16,法人番号7020001117826株式会社エル・ティーエフローソン・スリーエフ上星川店,横浜市保土ケ谷区上星川２丁目５番１５号,35.472069,139.575409,8513,6332
kanagawa,14,コンビニ,2025-07-31,法人番号2010701019195株式会社ローソンローソン瀬谷相沢七丁目店,横浜市瀬谷区相沢７丁目５３番地１,35.478725,139.490219,8514,6318
kanagawa,14,コンビニ,2025-07-01,酒井純ファミリーマート新横浜駅西店,横浜市港北区篠原町３２３６番地１,35.506004,139.616486,8521,6338
kanagawa,14,コンビニ,2025-07-23,法人番号9020002032733有限会社恵登屋セブン－イレブン横浜新綱島駅前店,横浜市港北区綱島東１丁目８番１５号,35.536308,139.63736,8528,6341
kanagawa,14,コンビニ,2025-07-23,魏春强ファミリーマート小机駅前店,横浜市港北区小机町２４８４番地９,35.509315,139.594742,8522,6335
kanagawa,14,コンビニ,2025-07-25,伊藤和明セブン－イレブン横浜栄飯島町店,横浜市栄区飯島町１６４３番地１,35.371319,139.537064,8489,6325
kanagawa,14,スーパー,2025-07-08,法人番号9120001025793テレック株式会社韓国スーパーリトルソウルららぽーと横浜,横浜市都筑区池辺町４０３５番地１ららぽーと横浜１階,35.5173,139.566422,8524,6330
kanagawa,14,コンビニ,2025-07-31,法人番号3020003017805合同会社ゼンチンローソンセンター北駅東店,横浜市都筑区中川中央１丁目２９番３６号,35.553883,139.580063,8532,6332
kanagawa,14,コンビニ,2025-07-31,法人番号8021001074536株式会社ＫＭＦａｃｔｏｒｙセブン－イレブン横須賀長浦町店,横須賀市長浦町２丁目１９番地濱田会計ビル１階,35.289146,139.644272,8469,6343
kanagawa,14,コンビニ,2025-07-01,大澤岳生セブン－イレブン平塚明石町店,平塚市明石町７番９号,35.331066,139.348358,8479,6295
kanagawa,14,コンビニ,2025-07-01,北山哲夫ファミリーマート湯河原土肥五丁目店,足柄下郡湯河原町土肥５丁目８番地１７,35.142406,139.098251,8434,6255
kanagawa,14,コンビニ,2025-07-01,法人番号8021001039778株式会社アプロスローソン相模原消防署前店,相模原市中央区中央３丁目１番２号,35.572136,139.370117,8537,6299
kanagawa,14,コンビニ,2025-07-01,法人番号8021001039778株式会社アプロスローソン厚木緑ケ丘二丁目店,厚木市緑ケ丘２丁目１番１号,35.453514,139.342606,8508,6294
kanagawa,14,コンビニ,2025-07-01,法人番号7021002053820有限会社リバリッチローソン厚木妻田西一丁目店,厚木市妻田西１丁目１５番１号,35.457672,139.355972,8509,6296
kanagawa,14,コンビニ,2025-07-01,法人番号7021002053820有限会社リバリッチローソン新厚木高校前店,厚木市恩名４丁目５番９２号,35.445141,139.349167,8506,6295
kochi,39,コンビニ,2025-07-01,西山一彦ローソン宿毛平田町店,宿毛市平田町戸内１７２８番地１,32.946892,132.785233,7907,5245
mie,24,コンビニ,2025-07-01,法人番号4010001030181ミニストップ株式会社ミニストップ津大古曽店,津市一身田大古曽687番地3,34.755894,136.495056,8341,5839
mie,24,コンビニ,2025-07-01,法人番号2190002024225株式会社ドゥ・サービス・オオタローソン四日市ときわ店,四日市市ときわ四丁目8番4号,34.962013,136.597519,8390,5855
mie,24,コンビニ,2025-07-01,法人番号6190002018628有限会社コンシェルジュファミリーマートキング観光伊勢／Ｓ店,伊勢市西豊浜町174番地6,34.516785,136.687927,8284,5870
mie,24,コンビニ,2025-07-03,法人番号2013301010706株式会社ファミリーマートファミリーマート伊勢萩原店,伊勢市小木町152番地1,34.504902,136.725616,8281,5876
mie,24,コンビニ,2025-07-31,小久保良一ファミリーマートみくも中道店,松阪市中道町537番地3,34.619694,136.516525,8308,5842
mie,24,コンビニ,2025-07-28,日下部なおみローソン桑名寿町店,桑名市寿町二丁目31番12号,35.065414,136.684219,8415,5869
miyagi,04,コンビニ,2025-07-31,早坂実ファミリーマート一番町駅前店,仙台市青葉区一番町二丁目4番1号青葉通パークビルディング1階,38.25967,140.873657,9182,6539
miyagi,04,コンビニ,2025-07-01,法人番号7370001052121Ｌ‐ＦＲＯＮＴＩＥＲ株式会社ローソン亘理中町東店,亘理郡亘理町字中町東158番地1,38.034492,140.856796,9128,6537
miyagi,04,スーパー,2025-07-08,法人番号9290001072902株式会社トライアルストアーズスーパーセンタートライアル亘理店,亘理郡亘理町逢隈牛袋字谷地添40番地1,38.074383,140.870331,9137,6539
miyagi,04,コンビニ,2025-07-01,阿部佳奈ローソン石巻東中里二丁目店,石巻市東中里二丁目9番9号,38.441204,141.305252,9225,6608
miyagi,04,ドラッグ・薬局,2025-07-08,法人番号9290001044133株式会社ドラッグストアモリドラッグストアモリ大街道店,石巻市大街道東一丁目1番24号,38.429615,141.288727,9223,6606
miyazaki,45,ドラッグ・薬局,2025-07-24,法人番号9290001044133株式会社ドラッグストアモリドラッグストアモリ大塚店,宮崎市大塚町横立１２２４番地１,31.921549,131.392578,7661,5022
miyazaki,45,コンビニ,2025-07-01,藤井聖絵ファミリーマート神之山店,都城市都北町５９１１番地１,31.759247,131.095535,7622,4975
miyazaki,45,コンビニ,2025-07-01,藤本良ファミリーマート神之山西店,都城市神之山町１８３０番地７,31.755039,131.102188,7621,4976
miyazaki,45,コンビニ,2025-07-01,能勢匡史ローソン日向春原町店,日向市春原町一丁目５４番地,32.421707,131.622513,7781,5059
miyazaki,45,コンビニ,2025-07-31,長倉みゆきセブン－イレブン門川加草店,東臼杵郡門川町大字加草１０５番１,32.501217,131.651016,7800,5064
nagano,20,コンビニ,2025-07-24,法人番号6010402033293株式会社フルフィルメントＣＶＳファミリーマート松本駐屯地／Ｓ店,松本市高宮西１番１号,36.209381,137.954559,8690,6072
nagasaki,42,コンビニ,2025-07-22,湯地秀哉ローソン大村宮小路三丁目店,大村市宮小路三丁目１９３７番地４,32.951248,129.941132,7908,4790
niigata,15,コンビニ,2025-07-31,法人番号2013301010706株式会社ファミリーマートファミリーマート長岡福道店,長岡市福道町３７８番地１,37.473282,138.811279,8993,6209
niigata,15,コンビニ,2025-07-31,法人番号2013301010706株式会社ファミリーマートファミリーマート三条千把野店,三条市千把野新田７４番地１,37.579651,138.903061,9019,6224
niigata,15,コンビニ,2025-07-31,法人番号2013301010706株式会社ファミリーマートファミリーマート柏崎比角店,柏崎市比角二丁目１０番３号,37.374405,138.571854,8969,6171
niigata,15,コンビニ,2025-07-16,前島加代子ファミリーマート聖籠諏訪山店,北蒲原郡聖籠町大字諏訪山９５５番地１,37.974323,139.275314,9113,6284
niigata,15,コンビニ,2025-07-25,川上千春ファミリーマート六日町駅西店,南魚沼市六日町２８４０番地１,37.067043,138.873856,8896,6219
niigata,15,コンビニ,2025-07-31,髙橋和寛ファミリーマート津南町上郷店,中魚沼郡津南町大字上郷子種新田１４番地１,36.961121,138.608765,8870,6177
oita,44,ドラッグ・薬局,2025-07-03,法人番号9290001042145株式会社ドラッグイレブンドラッグイレブン大分長浜店,大分市長浜町一丁目５番８号,33.236771,131.615768,7976,5058
oita,44,コンビニ,2025-07-16,法人番号2320001014849株式会社ｂｏｎｄローソン大分小池原店,大分市大字小池原１４３９番地１,33.237064,131.660934,7976,5065
oita,44,コンビニ,2025-07-29,中島靖彦ローソン大分京が丘南一丁目店,大分市京が丘南一丁目１１番１号,33.176357,131.648315,7962,5063
oita,44,コンビニ,2025-07-07,若林知大セブン－イレブン佐伯城南町店,佐伯市城南町６番２８号,32.952324,131.8909,7908,5102
oita,44,コンビニ,2025-07-01,法人番号7320202000858有限会社プロスパートローソン臼杵祇園店,臼杵市大字臼杵１１番地１,33.12241,131.802719,7949,5088
okayama,33,ドラッグ・薬局,2025-07-23,法人番号1500001004428株式会社レデイ薬局くすりのレデイ福成店,岡山市南区福成一丁目161番地3,34.615879,133.933533,8307,5429
okayama,33,コンビニ,2025-07-01,法人番号6260003004660合同会社テミスローソン和気町石生店,和気郡和気町本86番地,34.801426,134.121109,8352,5459
okayama,33,コンビニ,2025-07-31,クンワルスランファミリーマート真備町箭田店,倉敷市真備町箭田1706番地5,34.630276,133.690292,8311,5390
okayama,33,ドラッグ・薬局,2025-07-17,法人番号1500001004428株式会社レデイ薬局くすりのレデイ里庄店,浅口郡里庄町里見4263番地6,34.523399,133.561417,8285,5369
okayama,33,コンビニ,2025-07-31,市村允信ファミリーマート津山駅前店,津山市南町一丁目28番地,35.055836,134.003189,8413,5440
okinawa,47,ドラッグ・薬局,2025-07-24,法人番号9290001044133株式会社ドラッグストアモリドラッグストアモリ宮古工業高校前店,宮古島市平良字東仲宗根９６６番地１,24.798487,125.301369,5951,4048
okinawa,47,コンビニ,2025-07-31,法人番号3360001000497株式会社沖縄ファミリーマートファミリーマートおもろまち四丁目店,那覇市おもろまち４丁目１２番１３号,26.228109,127.699425,6294,4431
saitama,11,コンビニ,2025-07-01,金山貴世ローソン日高武蔵台店,日高市武蔵台五丁目３９８番地１,35.872684,139.302628,8609,6288
saitama,11,コンビニ,2025-07-01,向井武ローソン熊谷佐谷田店,熊谷市佐谷田１７００番地１,36.131767,139.41861,8671,6306
saitama,11,コンビニ,2025-07-01,碓井玲子ローソン埼玉江南店,熊谷市樋春１９８０番地１,36.113426,139.352249,8667,6296
saitama,11,コンビニ,2025-07-31,杉浦拓也ファミリーマート熊谷武体店,熊谷市三ケ尻５２０番地２,36.149685,139.323441,8675,6291
saitama,11,コンビニ,2025-07-01,法人番号2030001106873株式会社ライズローソンさいたま上大久保店,さいたま市桜区大字上大久保２７７番地３,35.870377,139.610657,8608,6337
saitama,11,コンビニ,2025-07-01,法人番号7030001055629株式会社丸広百貨店ファミリーマートまるひろ飯能店,飯能市栄町２４番地４,35.852547,139.326279,8604,6292
saitama,11,コンビニ,2025-07-01,法人番号6030001092012株式会社サンネクストローソン蓮田閏戸店,蓮田市閏戸２８２１番地,36.009277,139.640793,8642,6342
saitama,11,コンビニ,2025-07-31,佐取琴音ファミリーマート久喜青葉二丁目店,久喜市青葉二丁目２番地１,36.07127,139.692108,8657,6350
saitama,11,コンビニ,2025-07-01,法人番号5070001033236株式会社Ｍ’ｓｃｏｍｐａｎｙローソン志木ニュータウン店,新座市新座二丁目１８番３１号,35.823547,139.55928,8597,6329
saitama,11,コンビニ,2025-07-01,伊藤健太ローソンストア１００新座栗原一丁目店,新座市栗原一丁目６番２５号,35.761551,139.548172,8582,6327
sapporo,01,コンビニ,2025-07-15,法人番号7430002041620有限会社秀緑商会ファミリーマートメイプル通り店,札幌市中央区南五条西三丁目１番地４第１１グリーンビル１階,43.054253,141.354477,10333,6616
sapporo,01,コンビニ,2025-07-01,青柳昇セブン-イレブン札幌北丘珠３条４丁目店,札幌市東区北丘珠三条四丁目３番７号,43.128517,141.411011,10350,6625
sapporo,01,コンビニ,2025-07-01,法人番号9430001011003株式会社出村商店ローソン新千歳空港ゲートラウンジ２店,千歳市美々９８７番地２２新千歳空港旅客ターミナルビル２階,42.787346,141.678482,10268,6668
sapporo,01,コンビニ,2025-07-17,和田俊博ファミリーマート月寒マルハン／Ｓ店,札幌市豊平区月寒西二条十丁目２番４７号,43.02367,141.393723,10325,6622
sapporo,01,コンビニ,2025-07-01,大沼正嗣ファミリーマート札幌宮の森３条店,札幌市中央区宮の森三条六丁目２番８号建物１階,43.061962,141.305832,10334,6608
sapporo,01,コンビニ,2025-07-01,神原博和ローソン厚別駅前店,札幌市厚別区厚別中央四条三丁目５番１号,43.043159,141.463638,10330,6634
sapporo,01,コンビニ,2025-07-01,法人番号6450003000475ＫＭポイント合資会社ローソンＳ旭川空港店,上川郡東神楽町東２線１６号９８番地旭川空港旅客ターミナルビル１階,43.669201,142.459091,10480,6793
sapporo,01,コンビニ,2025-07-01,法人番号1010001088181株式会社セブン-イレブン・ジャパンセブン-イレブン岩見沢４条通店,岩見沢市四条西十八丁目１０番地,43.195438,141.749573,10366,6679
sapporo,01,コンビニ,2025-07-01,法人番号1010001088181株式会社セブン-イレブン・ジャパンセブン-イレブン岩見沢大和２条店,岩見沢市大和二条八丁目８番地１,43.187752,141.737579,10365,6678
sapporo,01,コンビニ,2025-07-24,法人番号8450001013832株式会社川島商事セブン-イレブン下川町店,上川郡下川町西町３１１番地,44.304508,142.62973,10633,6820
sapporo,01,コンビニ,2025-07-01,法人番号7430001059283株式会社ＴＩＰＳセブン-イレブン様似大通２丁目店,様似郡様似町大通二丁目３３番地３,42.12677,142.938034,10110,6870
shimane,32,コンビニ,2025-07-01,原包ローソン斐川上直江店,出雲市斐川町上直江2529番地,35.379944,132.819565,8491,5251
shizuoka,22,コンビニ,2025-07-01,長房尚平セブン－イレブン静岡丸子北店,静岡市駿河区丸子六丁目8番20号,34.949554,138.344955,8387,6135
shizuoka,22,コンビニ,2025-07-31,多満シャルミラファミリーマート静岡大坪南店,静岡市駿河区大坪町4番32号,34.962978,138.397202,8391,6143
shizuoka,22,コンビニ,2025-07-30,森田京典セブン－イレブン浜北平口店,浜松市浜名区平口510番地の1,34.806065,137.766953,8353,6042
shizuoka,22,コンビニ,2025-07-31,西山育栄ファミリーマート韮山中條店,伊豆の国市中條406番地1,35.042889,138.944443,8410,6231
shizuoka,22,コンビニ,2025-07-01,法人番号4010001030181ミニストップ株式会社ミニストップ富士若松町店,富士市大淵66番地の2,35.189648,138.692764,8445,6190
shizuoka,22,コンビニ,2025-07-01,小島寿実男セブン－イレブン掛川長谷店,掛川市長谷二丁目16番地の5,34.766369,137.989548,8343,6078
tochigi,09,コンビニ,2025-07-01,法人番号5060001026372株式会社グローイング・カンパニーローソン足利久保田町店,足利市久保田町１７１番地１,36.292652,139.494568,8710,6319
tochigi,09,コンビニ,2025-07-31,大門昭文ファミリーマート益子塙店,芳賀郡益子町大字塙１０４９番地４,36.463848,140.079453,8751,6412
tochigi,09,コンビニ,2025-07-01,法人番号5050001044607ここまーる株式会社ミニストップ那須塩原唐杉店,那須塩原市唐杉字古屋敷２３９番地４,36.950008,140.005234,8868,6400
tokushima,36,コンビニ,2025-07-16,前田俊治ローソン小松島赤石店,小松島市赤石町４番地89,33.983654,134.608566,8156,5537
tokushima,36,コンビニ,2025-07-04,法人番号1010001088181株式会社セブン－イレブン・ジャパンセブン－イレブン鳴門大桑島店,鳴門市撫養町大桑島字濘岩浜５１番地１５,34.187206,134.61203,8204,5537
tokyo,13,コンビニ,2025-07-01,近藤浩子セブン－イレブン秋葉原電気街口店,千代田区外神田１丁目１８番１９号新秋葉原ビル１階,35.698715,139.771988,8567,6363
tokyo,13,コンビニ,2025-07-15,法人番号7010001137239株式会社ヴァリューコーポレーションファミリーマート日本橋一丁目昭和通り店,中央区日本橋１丁目１６番１１号日本橋Ｄスクエア１階,35.682377,139.776443,8563,6364
tokyo,13,コンビニ,2025-07-31,末武康彦ファミリーマート日本橋人形町三丁目店,中央区日本橋人形町３丁目４番１５号レジディア日本橋人形町Ⅱ１階,35.685955,139.78125,8564,6365
tokyo,13,コンビニ,2025-07-01,王之文ファミリーマートザトウキョウタワーズＳＥＡ／Ｓ店,中央区勝どき６丁目３番１号ＴＨＥＴＯＫＹＯＴＯＷＥＲＳＳＥＡＴＯＷＥＲ３階,35.656235,139.773636,8557,6363
tokyo,13,コンビニ,2025-07-18,玉岡茂セブン－イレブン銀座１丁目桜通り店,中央区銀座１丁目６番２号ＬＩＦＥＣＡＲＤ銀座ビル１階,35.674938,139.76799,8561,6362
tokyo,13,コンビニ,2025-07-16,金鎖ファミリーマートアーバンネット内幸町ビル／Ｓ店,港区新橋１丁目１番１３号アーバンネット内幸町ビル２階,35.66914,139.756119,8560,6360
tokyo,13,コンビニ,2025-07-24,法人番号2013301010706株式会社ファミリーマートファミマブルーフロント芝浦Ｓ棟店,港区芝浦１丁目１番１号ブルーフロント芝浦Ｓ棟３階Ｓ３０１区画,35.651527,139.757477,8556,6361
tokyo,13,コンビニ,2025-07-01,法人番号5010701002561株式会社貴田商店セブン－イレブン品川南大井１丁目店,品川区南大井１丁目１０番７号ホワイトキャッスル１階,35.595596,139.738998,8542,6358
tokyo,13,コンビニ,2025-07-01,法人番号4010001030181ミニストップ株式会社ミニストップ新大塚店,文京区大塚６丁目１０番６号日神パレス新大塚１階１０１号室,35.726173,139.726746,8574,6356
tokyo,13,コンビニ,2025-07-04,渡辺恵ファミリーマート仲御徒町店,台東区上野５丁目２４番１１号ＮＴＴ上野ビル１階,35.707588,139.775955,8569,6364
tokyo,13,コンビニ,2025-07-16,法人番号6010601054470株式会社ヤマケンフロンティアセブン－イレブン豊洲セイルパーク店,江東区豊洲２丁目１番９号豊洲セイルパークビル１階１０３区,35.656776,139.793976,8557,6367
tokyo,13,コンビニ,2025-07-01,法人番号7010102000865有限会社岩崎企画ローソン世田谷駒沢二丁目店,世田谷区駒沢２丁目１１番１号駒沢フォーラムガーデン１階,35.632347,139.659409,8551,6345
tokyo,13,コンビニ,2025-07-01,法人番号1010902000351有限会社アールイーアイローソン世田谷瀬田五丁目店,世田谷区瀬田５丁目２０番３０号,35.624165,139.627258,8549,6340
tokyo,13,コンビニ,2025-07-01,法人番号8010102005459有限会社ハーベストローソン代々木八幡駅北店,渋谷区代々木５丁目７番２号アーバン代々木１階,35.669785,139.68869,8560,6350
tokyo,13,コンビニ,2025-07-31,石香丹ファミリーマート東中野ギンザ通り店,中野区東中野３丁目１番２０号不二園ビル１階,35.70665,139.682724,8569,6349
tokyo,13,コンビニ,2025-07-16,櫻井宏樹ファミリーマートサンシャインシティアルパＢ１店,豊島区東池袋３丁目１番１号サンシャインシティ専門店街アルパ地下１階Ｂ１＿６８,35.727703,139.720245,8574,6355
tokyo,13,コンビニ,2025-07-15,李榕ファミリーマート板橋東新町二丁目店,板橋区東新町２丁目１１番１１号,35.755642,139.683624,8581,6349
tokyo,13,コンビニ,2025-07-01,田中泰雄セブン－イレブン練馬富士見台駅南店,練馬区貫井３丁目１番９号フラックス１階,35.735474,139.629852,8576,6340
tokyo,13,コンビニ,2025-07-01,法人番号1010701035020株式会社ローソンアーバンワークスローソン東新小岩一丁目店,葛飾区東新小岩１丁目３番１号,35.71851,139.857819,8572,6377
tokyo,13,コンビニ,2025-07-01,石橋勝一ローソンストア１００上篠崎店,江戸川区上篠崎２丁目１番１８号篠崎貸店舗１階,35.709435,139.901749,8570,6384
tokyo,13,コンビニ,2025-07-01,中澤海斗セブン－イレブン江戸川上篠崎３丁目店,江戸川区上篠崎３丁目１番１８号,35.709686,139.899078,8570,6383
tokyo,13,コンビニ,2025-07-01,法人番号2013301010706株式会社ファミリーマートファミリーマート瑞江一丁目店,江戸川区瑞江１丁目４番１１号,35.698452,139.893478,8567,6382
tokyo,13,スーパー,2025-07-30,法人番号5010501024698株式会社アンビカコーポレーションアンビカベジ＆ヴィーガンショップサニーモール,江戸川区西葛西４丁目２番２８号サニーモール西葛西２階,35.668137,139.861313,8560,6377
tokyo,13,コンビニ,2025-07-04,坂本裕司ファミリーマート八王子暁町店,八王子市暁町１丁目２１番８号,35.66972,139.331238,8560,6292
tokyo,13,コンビニ,2025-07-15,稲盛竣介ファミリーマート立川富士見通り店,立川市富士見町３丁目４番１２号,35.696827,139.395462,8567,6303
tokyo,13,スーパー,2025-07-25,法人番号7120001197420株式会社パル３ＣＯＩＮＳ＋ｐｌｕｓイオンモールむさし村山店,武蔵村山市榎１丁目１番地の３イオンモールむさし村山２階２０１１区画,35.746552,139.385162,8579,6301
tokyo,13,コンビニ,2025-07-16,法人番号3013102006976有限会社ヨシコーセブン－イレブン瑞穂殿ヶ谷店,西多摩郡瑞穂町大字殿ケ谷８１２番地１,35.763069,139.357986,8583,6297
tokyo,13,コンビニ,2025-07-31,法人番号2013301010706株式会社ファミリーマートファミリーマート瑞穂ルート１６店,西多摩郡瑞穂町大字駒形富士山４２３番地５,35.784924,139.354996,8588,6296
tokyo,13,コンビニ,2025-07-10,法人番号9012701011745株式会社春日屋ファミリーマート狛江西野川店,狛江市西野川３丁目１０番１２号,35.643963,139.571045,8554,6331
tokyo,13,コンビニ,2025-07-24,法人番号2013301010706株式会社ファミリーマートファミリーマート国領二丁目店,調布市国領町２丁目１０番地２五香屋プラザビル１階,35.65147,139.557831,8556,6329
tokyo,13,コンビニ,2025-07-16,法人番号5021001019287株式会社アイワジャパンセブン－イレブン稲城スカイテラス南山店,稲城市大字矢野口南山東部土地区画整理事業地内８０－１街区３－２画地,35.633862,139.51416,8552,6322
tokyo,13,コンビニ,2025-07-31,法人番号2013301010706株式会社ファミリーマートファミリーマート東久留米前沢店,東久留米市前沢４丁目４番１２号,35.745243,139.514038,8578,6322
tokyo,13,コンビニ,2025-07-31,法人番号9012701017916株式会社ＬａＰｌｕｓファミリーマート滝山中央通り店,東久留米市前沢５丁目２４番１２号,35.743057,139.509491,8578,6321
tottori,31,コンビニ,2025-07-01,法人番号3270005003943特定非営利活動法人あかり広場ローソン日南生山店,日野郡日南町生山393番地２,35.17411,133.318222,8441,5330
tottori,31,コンビニ,2025-07-01,船越博之ローソン鳥取三朝温泉店,東伯郡三朝町大字大瀬字石原1090番地１,35.413544,133.868332,8499,5418
yamagata,06,コンビニ,2025-07-01,金子勝史ローソン川西中小松店,東置賜郡川西町大字中小松字田仲2505番地1,38.012032,140.053085,9122,6408
yamagata,06,コンビニ,2025-07-15,法人番号1390001015288株式会社矩久セブン－イレブン南陽蒲生田南店,南陽市蒲生田607番地の3,38.059059,140.145004,9134,6423
yamaguchi,35,コンビニ,2025-07-01,山内学ファミリーマート豊浦湯玉店,下関市豊浦町宇賀7430番地30,34.217777,130.938232,8212,4950
yamaguchi,35,スーパー,2025-07-09,法人番号1250001003892富士商株式会社富士商株式会社買取大吉イオンタウン周南久米店,周南市久米中央五丁目8番1号ｲｵﾝﾀｳﾝ周南久米1階,34.036911,131.8423,8168,5094
yamanashi,19,スーパー,2025-07-03,法人番号5011001016616株式会社ハンズハンズイオンモール甲府昭和店,中巨摩郡昭和町飯喰１５０５番地１イオンモール甲府昭和３階,35.622814,138.522202,8549,6163
yamanashi,19,コンビニ,2025-07-31,法人番号2013301010706株式会社ファミリーマートファミリーマート甲府朝日店,甲府市朝日５丁目７番１６号,35.673515,138.56662,8561,6170
yamanashi,19,ドラッグ・薬局,2025-07-19,法人番号9290001025414株式会社コスモス薬品ドラッグコスモス塩山店,甲州市塩山下於曽８５４番地４,35.699455,138.727921,8567,6196
yamanashi,19,コンビニ,2025-07-31,若杉武史ファミリーマート甲州塩山店,甲州市塩山西広門田３５３番１,35.69043,138.719696,8565,6195
aichi,23,コンビニ,2025-08-01,法人番号3180001127664金昌株式会社ローソン北名古屋熊之庄店,北名古屋市熊之庄江川10番地,35.254269,136.887787,8461,5902
aichi,23,コンビニ,2025-08-01,法人番号5180001138288株式会社条将ローソン昭和川原通店,名古屋市昭和区川原通4丁目11番地,35.154415,136.950592,8437,5912
aichi,23,コンビニ,2025-08-20,石井孝憲ローソン新瑞橋駅前店,名古屋市瑞穂区瑞穂通8丁目9番地2,35.117996,136.936325,8428,5909
aichi,23,コンビニ,2025-08-01,法人番号7180001157534愛信商事株式会社ローソン熱田川並店,名古屋市熱田区川並町2番23号,35.137348,136.893524,8432,5902
aichi,23,コンビニ,2025-08-01,浅野雅信ファミリーマート三河一宮店,豊川市一宮町幸213番地,34.852016,137.4198,8364,5987
aichi,23,コンビニ,2025-08-18,長谷川智哉ファミリーマート豊橋東雲店,豊橋市東雲町5番地,34.765438,137.40918,8343,5985
aichi,23,コンビニ,2025-08-31,法人番号1180302004135有限会社仁満ファミリーマート岡崎竜美南店,岡崎市竜美南二丁目1番地1,34.938965,137.170334,8385,5947
aichi,23,ドラッグ・薬局,2025-08-01,法人番号2180002073223有限会社メルシー愛知薬局東茨店,瀬戸市東茨町29番地,35.220921,137.102661,8453,5936
aichi,23,コンビニ,2025-08-21,笠井翔セブン－イレブン大府半月町店,大府市半月町二丁目5番地1,35.002995,136.942047,8400,5910
aichi,23,スーパー,2025-08-25,法人番号4140001022100株式会社Ｇ－7スーパーマート業務スーパー西尾店,西尾市上町泡原15番地,34.870548,137.045685,8368,5927
aichi,23,ドラッグ・薬局,2025-08-18,法人番号7180301016951株式会社スギ薬局スギドラッグ高蔵寺北店,春日井市東神明町一丁目12番地4,35.272289,137.024506,8465,5923
aichi,23,コンビニ,2025-08-19,李鑫ファミリーマート扶桑柏森店,丹羽郡扶桑町大字柏森字寺裏355番地1,35.352493,136.904297,8484,5904
aichi,23,コンビニ,2025-08-19,李鑫ファミリーマート名鉄扶桑駅／Ｓ店,丹羽郡扶桑町大字高雄字下山91番地1,35.359913,136.916153,8486,5906
akita,05,コンビニ,2025-08-01,佐藤由香利セブン－イレブン秋田保戸野桜町店,秋田市保戸野桜町4番15号,39.730793,140.118881,9535,6419
akita,05,コンビニ,2025-08-01,佐藤由香利セブン－イレブン秋田広面屋敷田店,秋田市広面字屋敷田316番地,39.717663,140.14035,9532,6422
akita,05,コンビニ,2025-08-20,法人番号3410002013682有限会社オーケー企画ローソン横手幸町店,横手市幸町3番57号,39.323734,140.565201,9437,6490
aomori,02,コンビニ,2025-08-01,法人番号2420002015159有限会社ＯＤＡＧＩＲＩローソン青森浪岡店,青森市浪岡大字浪岡字若松30番地1,40.712044,140.5914,9770,6494
chiba,12,コンビニ,2025-08-18,吉田寛ファミリーマートウェリス稲毛店,千葉市稲毛区稲毛東４丁目５番１号ウェリス稲毛ＴＳＵＤＯＩハウス棟,35.640293,140.089462,8553,6414
chiba,12,コンビニ,2025-08-21,木下裕太セブン－イレブン千葉駅前大通り店,千葉市中央区富士見２丁目３番１号塚本大千葉ビル１階,35.611683,140.116653,8546,6418
chiba,12,コンビニ,2025-08-14,法人番号4040003005369神作合同会社セブン－イレブン千葉大高町店,千葉市緑区大高町２８番地６,35.533546,140.254776,8528,6440
chiba,12,コンビニ,2025-08-14,友野裕太セブン－イレブン千葉山王東店,千葉市稲毛区山王町４１６番地１,35.660248,140.146561,8558,6423
chiba,12,コンビニ,2025-08-31,法人番号2013301010706株式会社ファミリーマートファミリーマート船橋実籾街道店,船橋市習志野２丁目１２番１３号,35.707275,140.058365,8569,6409
chiba,12,スーパー,2025-08-20,法人番号6040001051280株式会社富分スーパー富分のぞみ野店,袖ケ浦市のぞみ野６６番地１,35.418774,140.025909,8500,6404
chiba,12,コンビニ,2025-08-15,法人番号4040001107398日本コネクション株式会社ファミリーマート鎌ヶ谷南初富店,鎌ケ谷市南初富２丁目１０番５４号,35.774349,140.007874,8585,6401
chiba,12,コンビニ,2025-08-25,齋藤幸一ファミリーマート北松戸駅東口店,松戸市上本郷９０５番地の１,35.800907,139.91243,8592,6385
chiba,12,コンビニ,2025-08-31,法人番号2013301010706株式会社ファミリーマートファミリーマート小金原八丁目店,松戸市小金原８丁目７番地の５,35.812283,139.939972,8594,6390
chiba,12,コンビニ,2025-08-08,法人番号2040001077783株式会社たつきセブン－イレブン柏増尾６丁目店,柏市増尾６丁目２５番８号,35.831467,139.980316,8599,6396
ehime,38,コンビニ,2025-08-07,大武彦仁セブン－イレブン松山千舟町６丁目店,松山市千舟町６丁目２番７号,33.836662,132.760498,8120,5241
ehime,38,コンビニ,2025-08-31,法人番号2013301010706株式会社ファミリーマートファミリーマート松山松末店,松山市松末２丁目１９番２８号,33.827618,132.788025,8118,5246
ehime,38,ドラッグ・薬局,2025-08-19,法人番号9290001044133株式会社ドラッグストアモリドラッグストアモリ徳常店,新居浜市徳常町１０番３５号,33.965454,133.282852,8151,5325
fukuoka,40,コンビニ,2025-08-20,法人番号9290801029127株式会社ヒートファミリーマート中間垣生店,中間市大字垣生１３０８番地,33.823124,130.692429,8117,4910
fukuoka,40,コンビニ,2025-08-31,法人番号2013301010706株式会社ファミリーマートファミリーマート小倉下石田一丁目店,北九州市小倉南区下石田一丁目１８番３号エクセレント・リッチ伊崎１階,33.839615,130.892487,8121,4942
fukuoka,40,コンビニ,2025-08-01,法人番号6290802014898有限会社鳴水商店セブン－イレブン八幡紅梅１丁目店,北九州市八幡西区紅梅一丁目２番１３号,33.86747,130.776581,8128,4924
fukuoka,40,コンビニ,2025-08-16,法人番号6290001089759株式会社一家セブン－イレブン福岡鳥飼１丁目店,福岡市中央区鳥飼一丁目８番１号,33.582016,130.366974,8059,4858
fukuoka,40,ドラッグ・薬局,2025-08-25,法人番号9240001021698株式会社ツルハグループドラッグ＆ファーマシー西日本ツルハドラッグ天神北店,福岡市中央区天神三丁目３番１４号ホテルオリエンタルエクスプレス福岡天神１階,33.592163,130.396683,8062,4863
fukuoka,40,コンビニ,2025-08-31,吉森廣幸ファミリーマート福岡寺塚店,福岡市南区寺塚二丁目７番１号,33.557259,130.402939,8053,4864
fukuoka,40,コンビニ,2025-08-31,武内小波ファミリーマート久留米金島駅南店,久留米市北野町八重亀１０１番地２,33.354858,130.621918,8005,4899
fukushima,07,コンビニ,2025-08-21,田中頼裕セブン－イレブン福島下飯坂店,福島市下飯坂字七久保7番地の8,37.815578,140.461716,9075,6473
gifu,21,コンビニ,2025-08-26,平下隆志セブンーイレブン岐阜芥見長山店,岐阜市芥見長山二丁目111番地1,35.455452,136.848831,8509,5895
hiroshima,34,スーパー,2025-08-07,法人番号2240001047246株式会社エブリイ業務スーパー広島八丁堀店,広島市中区新天地5番14号,34.39122,132.461472,8253,5193
ibaraki,08,スーパー,2025-08-22,法人番号3011101036128株式会社エイジェックアグリの森直売所イオン笠間店,笠間市赤坂８番地,36.390781,140.250519,8733,6440
ibaraki,08,コンビニ,2025-08-31,法人番号2013301010706株式会社ファミリーマートファミリーマート神立中央一丁目店,土浦市神立中央一丁目１６番２号,36.117859,140.244965,8668,6439
ibaraki,08,コンビニ,2025-08-31,法人番号7050003002643合資会社Ｋ．Ｆｉｅｌｄファミリーマート稲敷伊佐津店,稲敷市伊佐津４７６番地２,35.918728,140.297165,8620,6447
ibaraki,08,コンビニ,2025-08-31,手塚遼太郎ファミリーマート龍ヶ崎平台店,龍ケ崎市平台三丁目１番地,35.92561,140.16188,8622,6425
ibaraki,08,コンビニ,2025-08-26,法人番号5050001048203株式会社常信ディールファミリーマート常陸太田大森町店,常陸太田市大森町１１５２番地３,36.51635,140.573898,8763,6491
kagawa,37,コンビニ,2025-08-01,越智晴美ローソン豊浜町店,観音寺市豊浜町和田浜１５１２番地２,34.073196,133.638428,8177,5382
kagoshima,46,コンビニ,2025-08-20,曽山康弘ファミリーマート上本町店,鹿児島市上本町１７番２０号,31.601734,130.5625,7584,4890
kagoshima,46,コンビニ,2025-08-01,法人番号1340003002090合同会社鹿児島リテイルローソン加治木岩原店,姶良市加治木町木田２６３番地１,31.734993,130.657028,7616,4905
kanagawa,14,コンビニ,2025-08-01,近藤浩司ローソンストア１００横浜初音町店,横浜市中区初音町２丁目２６番地１リブゼ横浜ブロードステージ１階１０２号室,35.441582,139.624268,8505,6339
kanagawa,14,コンビニ,2025-08-01,當間信行ローソン旭善部町店,横浜市旭区善部町９６番地１,35.449921,139.518188,8507,6322
kanagawa,14,コンビニ,2025-08-21,小椋文子ファミリーマート東戸塚駅東口店,横浜市戸塚区品濃町５１９番地８上條ビル１階,35.428448,139.558563,8502,6329
kanagawa,14,コンビニ,2025-08-01,冨田三郎ファミリーマート都筑中川区役所通り店,横浜市都筑区中川８丁目１番１６号,35.550434,139.574509,8532,6331
kanagawa,14,コンビニ,2025-08-07,法人番号3020003017805合同会社ゼンチンローソンセンター北あいたい店,横浜市都筑区中川中央１丁目１番３号ショッピングタウンあいたい１階,35.553467,139.578354,8532,6332
kanagawa,14,コンビニ,2025-08-25,法人番号8020001122123幸和商事株式会社ファミリーマート市が尾駅前店,横浜市青葉区市ケ尾町１０６３番地１０フォレストオブステーションビル１階,35.551044,139.541061,8532,6326
kanagawa,14,コンビニ,2025-08-27,張芳ファミリーマート北山田一丁目店,横浜市都筑区北山田１丁目１２番８号グラン・リーオ１階,35.561195,139.594208,8534,6335
kanagawa,14,コンビニ,2025-08-31,田智也ファミリーマート白山二丁目店,横浜市緑区白山２丁目３８番１６号八斗屋ビル１階,35.507252,139.556152,8521,6328
kanagawa,14,コンビニ,2025-08-07,法人番号2020001084179株式会社ベルワイズローソン川崎東田町店,川崎市川崎区東田町７番地９スタイリオ川崎１階,35.529472,139.702881,8527,6352
kanagawa,14,コンビニ,2025-08-21,山本浩史ファミリーマート中幸町三丁目店,川崎市幸区中幸町３丁目３番地２,35.535072,139.694687,8528,6351
kanagawa,14,コンビニ,2025-08-05,法人番号9021001082083株式会社ダブルボランチローソン平塚大神店,平塚市大神３丁目５番６号,35.383484,139.369217,8492,6299
kanagawa,14,コンビニ,2025-08-31,米山道正ファミリーマート平塚四之宮店,平塚市四之宮３丁目１番５号,35.348972,139.356552,8483,6297
kanagawa,14,コンビニ,2025-08-19,日野大輔ファミリーマート大船谷之前店,鎌倉市大船１７４５番地,35.350189,139.542831,8484,6326
kanagawa,14,コンビニ,2025-08-19,法人番号1010001088181株式会社セブン－イレブン・ジャパンセブン－イレブン藤沢本鵠沼２丁目店,藤沢市本鵠沼２丁目１１番１５,35.332054,139.475098,8479,6316
kanagawa,14,コンビニ,2025-08-01,平林功司ローソン・スリーエフ相模大野銀座通り店,相模原市南区相模大野６丁目４番４号サン・ベルデュール１階,35.528404,139.430786,8526,6308
kanagawa,14,コンビニ,2025-08-16,佐藤正樹セブンーイレブン相模原鵜野森１丁目店,相模原市南区鵜野森１丁目２４番１０号建物１階,35.547192,139.427292,8531,6308
kanagawa,14,コンビニ,2025-08-01,金子絵美ファミリーマート座間相模が丘一丁目店,座間市相模が丘１丁目１２番１５号,35.511284,139.415909,8522,6306
miyagi,04,コンビニ,2025-08-01,法人番号4010001030181ミニストップ株式会社ミニストップ仙台岩切店,仙台市宮城野区岩切分台三丁目5番地の10,38.309456,140.95697,9194,6553
miyagi,04,コンビニ,2025-08-20,渡邊悠貴ローソン富谷明石台七丁目店,富谷市明石台七丁目1番6,38.347965,140.899414,9203,6543
miyagi,04,ドラッグ・薬局,2025-08-27,法人番号1430001010672株式会社ツルハツルハドラッグ東北大学病院前店,仙台市青葉区支倉町4番40号,38.270424,140.861801,9184,6537
miyagi,04,コンビニ,2025-08-20,法人番号1010001088181株式会社セブン－イレブン・ジャパンセブン－イレブン仙台一番町1丁目店,仙台市青葉区一番町一丁目3番1号ＴＭビル1階,38.257484,140.872345,9181,6539
miyagi,04,コンビニ,2025-08-01,法人番号7370001052121Ｌ‐ＦＲＯＮＴＩＥＲ株式会社ローソン岩沼中央三丁目店,岩沼市中央三丁目4番38号,38.111874,140.867554,9146,6538
miyagi,04,コンビニ,2025-08-01,法人番号3370302000030有限会社アイ・エフ・エスセブン－イレブン石巻桃生店,石巻市桃生町中津山字内八木111番地8,38.561138,141.241547,9254,6598
miyagi,04,コンビニ,2025-08-10,法人番号5370001046190株式会社ＺＰＥＣセブン－イレブン多賀城町前店,多賀城市町前二丁目2番3号,38.285179,141.003021,9188,6560
miyagi,04,コンビニ,2025-08-01,髙橋健ファミリーマート宮城蔵王町店,刈田郡蔵王町宮字古川44番地1,38.04261,140.669434,9130,6507
miyagi,04,コンビニ,2025-08-01,法人番号4010001030181ミニストップ株式会社ミニストップ中田町石森店,登米市中田町石森字古舘82番地1,38.707169,141.216721,9289,6594
miyazaki,45,コンビニ,2025-08-06,川端幸伸ファミリーマート宮崎大将堀店,宮崎市大島町大将堀１８２４番地１,31.939104,131.438812,7665,5030
miyazaki,45,コンビニ,2025-08-07,法人番号8350002004031有限会社ふじ屋セブン－イレブン宮崎高洲町店,宮崎市高洲町２８０番地１,31.899946,131.444275,7655,5031
miyazaki,45,コンビニ,2025-08-21,甲斐達弥ファミリーマート五ヶ瀬さくら山店,西臼杵郡五ヶ瀬町大字三ヶ所１２９６番地１,32.64777,131.232925,7835,4997
miyazaki,45,ドラッグ・薬局,2025-08-07,法人番号9290001042145株式会社ドラッグイレブンドラッグイレブン串間店,串間市西浜一丁目５番５号,31.453924,131.213501,7548,4994
nagano,20,コンビニ,2025-08-25,小野雅寛ローソン信濃町役場前店,上水内郡信濃町大字柏原７０番地１,36.806145,138.203751,8833,6112
nagano,20,スーパー,2025-08-25,法人番号2040001000456イオンリテール株式会社イオンスタイル須坂,須坂市大字福島３８６番地１,36.646191,138.265137,8795,6122
nagano,20,コンビニ,2025-08-01,法人番号8100003001671株式会社モモセエンタープライズファミリーマート松本つかま店,松本市筑摩一丁目２１番１号,36.221539,137.97644,8693,6076
nagano,20,コンビニ,2025-08-01,丸山芳樹ファミリーマート安曇野真々部店,安曇野市豊科高家５５８４番地,36.259632,137.916199,8702,6066
nagasaki,42,スーパー,2025-08-06,法人番号9290001072902株式会社トライアルストアーズＴＲＩＡＬｓｍａｒｔ東長崎店,長崎市田中町１０２７番地３５,32.769611,129.94725,7864,4791
nagasaki,42,コンビニ,2025-08-31,池田麻莉絵ファミリーマート島原港店,島原市下川尻町７２番地７６,32.766365,130.370834,7863,4859
niigata,15,コンビニ,2025-08-31,法人番号2013301010706株式会社ファミリーマートファミリーマート新潟紫竹山店,新潟市中央区紫竹山六丁目３番１号,37.89798,139.067322,9095,6250
oita,44,コンビニ,2025-08-01,法人番号7320002006584有限会社御酒屋酒店ファミリーマート寺崎町一丁目店,大分市寺崎町一丁目２番地９,33.245316,131.662659,7978,5066
oita,44,コンビニ,2025-08-01,法人番号7320002006584有限会社御酒屋酒店ファミリーマート大分乙津港町店,大分市乙津港町二丁目５番３８号,33.240952,131.676895,7977,5068
oita,44,コンビニ,2025-08-20,二宮武典セブン－イレブン大分下判田店,大分市下判田１０２番１,33.169163,131.639038,7960,5062
oita,44,コンビニ,2025-08-26,法人番号6320001005687株式会社ｄａｋｏｍａローソン大分西鶴崎一丁目店,大分市西鶴崎一丁目６番２３号,33.242046,131.686249,7978,5069
okayama,33,コンビニ,2025-08-01,法人番号1260003003790合同会社ＧＲＯＷＵＰｃｏｒｐｏｒａｔｉｏｎファミリーマート建部大田店,岡山市北区建部町大田4305番地1,34.861671,133.91983,8366,5427
okayama,33,コンビニ,2025-08-29,徳岡直美ファミリーマート岡山彦崎店,岡山市南区彦崎147番地1,34.552811,133.847137,8292,5415
okayama,33,コンビニ,2025-08-16,妹尾正明セブン－イレブン備前伊部店,備前市伊部1281番地1,34.736134,134.169998,8336,5467
okayama,33,コンビニ,2025-08-31,法人番号5260001036814株式会社ＢＡＬＡＮＣＥファミリーマート倉敷平田南店,倉敷市平田155番地43,34.612835,133.774002,8307,5403
okinawa,47,コンビニ,2025-08-01,赤嶺友規ファミリーマート第一牧志公設市場前店,那覇市松尾２丁目１０番１０号１階,26.214422,127.68856,6291,4430
okinawa,47,コンビニ,2025-08-27,山田美和子ローソン南城古堅店,南城市大里字古堅８２９番地３,26.192163,127.741035,6286,4438
okinawa,47,コンビニ,2025-08-01,佐渡山妙子ファミリーマート宮古松原店,宮古島市平良字下里１５８２番地７,24.786039,125.282455,5948,4045
okinawa,47,ドラッグ・薬局,2025-08-06,法人番号9290001042145株式会社ドラッグイレブンドラッグイレブン平良西里店,宮古島市平良字西里１００３番地１,24.795599,125.29258,5950,4046
okinawa,47,コンビニ,2025-08-26,法人番号5360003009270ＧＲＥＥＮＯＮＥ合同会社ファミリーマート古島店,那覇市松島１丁目３番１６号,26.223936,127.708122,6293,4433
okinawa,47,コンビニ,2025-08-28,新城永康ファミリーマートサンパーク通り店,浦添市伊祖２丁目３番５号,26.253584,127.713997,6300,4434
okinawa,47,コンビニ,2025-08-01,法人番号3360001000497株式会社沖縄ファミリーマートファミリーマートイオンモール沖縄ライカム店,中頭郡北中城村字ライカム１番地イオンモール沖縄ライカム３階３０４２区画,26.314575,127.796043,6315,4447
saga,41,コンビニ,2025-08-26,榊原義隆ファミリーマート金立店,佐賀市金立町大字金立２２２１番地,33.315655,130.299011,7995,4847
saga,41,コンビニ,2025-08-05,平川勝義ファミリーマート神埼日の隈店,神埼市神埼町尾崎４１６９番地１８,33.325321,130.351166,7998,4856
saga,41,コンビニ,2025-08-07,福富剛セブン－イレブン上峰町役場前店,三養基郡上峰町大字坊所３９０番地４,33.322044,130.425797,7997,4868
saitama,11,ドラッグ・薬局,2025-08-22,法人番号7180301016951株式会社スギ薬局スギドラッグ富士見渡戸店,富士見市渡戸二丁目５番４５号,35.860149,139.53743,8606,6325
saitama,11,コンビニ,2025-08-01,法人番号7020001117826株式会社エル・ティーエフローソン・スリーエフ川口北原台店,川口市北原台三丁目１９番１７号,35.86977,139.730545,8608,6356
saitama,11,スーパー,2025-08-08,法人番号8010901017654株式会社アエナアエナイオンモール川口店,川口市大字安行領根岸３１８０番地イオンモール川口１階１０４９区画,35.839615,139.723526,8601,6355
saitama,11,コンビニ,2025-08-01,法人番号3030001107870株式会社フォレックスローソンさいたま市立向小学校前店,さいたま市南区大字大谷口５４１０番地１,35.858883,139.695953,8606,6351
saitama,11,ドラッグ・薬局,2025-08-22,法人番号6030001051892株式会社セキ薬品ドラッグストアセキ山口店,所沢市大字山口１４１７番地の１,35.780258,139.438965,8587,6310
saitama,11,コンビニ,2025-08-01,法人番号5070001033236株式会社Ｍ’ｓｃｏｍｐａｎｙローソン吉見松崎店,比企郡吉見町大字松崎１７１番地,36.066353,139.446945,8655,6311
saitama,11,コンビニ,2025-08-07,法人番号6030001092012株式会社サンネクストローソン久喜吉羽二丁目店,久喜市吉羽二丁目３５番地２,36.065845,139.689972,8655,6350
saitama,11,スーパー,2025-08-04,法人番号8010901017654株式会社アエナアエナイオンモール上尾店,上尾市愛宕三丁目８番１号イオンモール上尾１階,35.965076,139.598068,8631,6335
saitama,11,コンビニ,2025-08-01,徐岩岩ローソン彦糸小学校前店,三郷市彦糸二丁目２００番地,35.860065,139.850082,8606,6376
saitama,11,コンビニ,2025-08-01,法人番号6030003009402合同会社ｆｌｅｘｉｂｌｅローソン東埼玉テクノポリス店,吉川市旭６番地１０,35.931011,139.842102,8623,6374
saitama,11,ドラッグ・薬局,2025-08-07,法人番号1040001036939株式会社マツモトキヨシドラッグストアマツモトキヨシ越谷南町店,越谷市南町三丁目１５番３１号,35.858494,139.806488,8606,6369
sapporo,01,ドラッグ・薬局,2025-08-27,法人番号1430001027964株式会社オストジャパングループドラッグセイムス札幌琴似２条店,札幌市西区琴似二条三丁目１番５号琴似パラダイス観光ビル１階,43.077621,141.304672,10338,6608
sapporo,01,コンビニ,2025-08-01,法人番号5440003001343合同会社トーソンローソン七飯峠下店,亀田郡七飯町字峠下３２番地１,41.93623,140.655807,10064,6504
sapporo,01,コンビニ,2025-08-21,前田英一セブン-イレブン小樽桜町店,小樽市桜五丁目６番６号建物１階,43.170105,141.031921,10360,6565
sapporo,01,ドラッグ・薬局,2025-08-28,法人番号1430001010672株式会社ツルハツルハドラッグ旭川大町店,旭川市大町二条十四丁目９２番２６,43.796127,142.348633,10511,6775
sapporo,01,コンビニ,2025-08-01,法人番号6450003000475ＫＭポイント合資会社ローソン東川北町六丁目店,上川郡東川町北町六丁目１番２号,43.707977,142.494598,10489,6799
sapporo,01,ドラッグ・薬局,2025-08-05,法人番号1430001010672株式会社ツルハツルハドラッグ釧路鳥取南店,釧路市鳥取南四丁目４番７号,43.006981,144.346542,10321,7095
sapporo,01,コンビニ,2025-08-08,髙橋秀範ローソン美唄大通西１条店,美唄市大通西一条南五丁目２番７号,43.325672,141.858337,10398,6697
sapporo,01,コンビニ,2025-08-05,法人番号2450001007757株式会社中村商店ローソン浜頓別役場前店,枝幸郡浜頓別町緑ケ丘三丁目１番地,45.12207,142.359406,10829,6777
shimane,32,コンビニ,2025-08-21,法人番号6280001002706株式会社ＢＥＡＴＮＩＫコーポレーションローソン松江上乃木店,松江市上乃木五丁目12番25号,35.447544,133.068085,8507,5290
shimane,32,コンビニ,2025-08-01,法人番号1280001005226益美コンサルタント株式会社ローソン益田駅南店,益田市駅前町34番地3,34.678627,131.835739,8322,5093
shizuoka,22,コンビニ,2025-08-01,法人番号4010001030181ミニストップ株式会社ミニストップ静岡西島店,静岡市駿河区西島546番地の1,34.942574,138.403641,8386,6144
shizuoka,22,コンビニ,2025-08-28,村松祥子ファミリーマート小鹿店,静岡市駿河区小鹿86番地の4,34.968811,138.420609,8392,6147
shizuoka,22,コンビニ,2025-08-31,法人番号2013301010706株式会社ファミリーマートファミリーマート静岡北安東店,静岡市葵区北安東四丁目5番22号,35.002285,138.391129,8400,6142
shizuoka,22,コンビニ,2025-08-31,岡村浩ファミリーマート修善寺駅北口店,伊豆市柏久保1298番地,34.979828,138.950226,8395,6232
shizuoka,22,コンビニ,2025-08-01,原田明美ローソン富士津田店,富士市津田264番地の4,35.152027,138.678177,8436,6188
shizuoka,22,コンビニ,2025-08-01,増田利明ミニストップ富士宮島店,富士市宮島183番地の1,35.141357,138.649536,8433,6183
shizuoka,22,コンビニ,2025-08-01,小畑安夫ミニストップ藤枝水守店,藤枝市水守一丁目2番地の14,34.878807,138.271088,8370,6123
shizuoka,22,コンビニ,2025-08-29,木本琢也ローソン焼津西小川店,焼津市西小川六丁目20番地の8,34.854424,138.301376,8365,6128
tochigi,09,コンビニ,2025-08-01,法人番号4010001030181ミニストップ株式会社ミニストップ宇都宮大学陽東キャンパス店,宇都宮市陽東七丁目１番３６号,36.552704,139.928406,8772,6388
tochigi,09,コンビニ,2025-08-25,法人番号5060002012339有限会社村上商事ローソン宇都宮天神二丁目店,宇都宮市天神二丁目１１番５号,36.552521,139.887817,8772,6382
tochigi,09,コンビニ,2025-08-31,張暁玲ファミリーマート宇都宮羽牛田店,宇都宮市羽牛田町３５番地６,36.484188,139.877014,8756,6380
tochigi,09,コンビニ,2025-08-31,法人番号5060002016785有限会社Ｔ＆Ｎファミリーマート那須塩原豊浦バイパス店,那須塩原市豊浦１０番地６８２,36.950207,140.055084,8868,6408
tokushima,36,コンビニ,2025-08-31,竹葉康文ファミリーマート徳島北矢三町店,徳島市北矢三町三丁目８０４番地５,34.088493,134.520905,8181,5523
tokyo,13,コンビニ,2025-08-01,法人番号8120001031074株式会社銭家ファミリーマート内神田二丁目店,千代田区内神田２丁目１５番１１号翔和神田ビル１階,35.692204,139.768082,8566,6362
tokyo,13,コンビニ,2025-08-20,桑元千絵セブン－イレブン御成門店,港区西新橋３丁目２３番５号御成門郵船ビルディング１階,35.661716,139.751343,8558,6360
tokyo,13,コンビニ,2025-08-12,法人番号5011201020491株式会社ＩＴサービス・フレットファミリーマート赤坂グリーンクロス店,港区赤坂２丁目４番６号赤坂グリーンクロス地下１階Ｂ１０２区画,35.671883,139.740875,8561,6358
tokyo,13,コンビニ,2025-08-01,法人番号2010801016902株式会社スズセンローソン東大井二丁目店,品川区東大井２丁目２３番３号ＫＰビル１階,35.598427,139.738251,8543,6358
tokyo,13,コンビニ,2025-08-30,片本克美ファミリーマート青物横丁駅北店,品川区南品川２丁目４番７号アサミビル１階０１０１号室,35.610497,139.742355,8546,6358
tokyo,13,コンビニ,2025-08-01,法人番号2011102023316株式会社丸石ＣＶＳファミリーマート新宿通り店,新宿区新宿２丁目８番１号新宿セブンビル１階,35.688904,139.709702,8565,6353
tokyo,13,コンビニ,2025-08-14,法人番号2010701019195株式会社ローソンローソン歌舞伎町二丁目西店,新宿区歌舞伎町２丁目２６番１０号ＴＭＫＯ３歌舞伎町２丁目ビル１階,35.695564,139.703415,8566,6352
tokyo,13,コンビニ,2025-08-20,法人番号2010701019195株式会社ローソンローソン新大久保店,新宿区大久保１丁目６番１２号グランメール東新宿１階,35.700996,139.705948,8568,6352
tokyo,13,コンビニ,2025-08-21,邵祺然セブン－イレブン墨田太平２丁目店,墨田区太平２丁目４番１１号興和太平アパートメント１階,35.699768,139.813217,8567,6370
tokyo,13,コンビニ,2025-08-01,法人番号9010601039147株式会社八福屋ファミリーマート豊洲ＯＮビル店,江東区豊洲１丁目１番１号豊洲ＯＮビル１階１０７号室,35.6614,139.791733,8558,6366
tokyo,13,コンビニ,2025-08-18,遠藤健太セブン－イレブン大島中の橋南店,江東区大島５丁目４７番９号ヴェラハイツ大島１階１０２号室,35.689754,139.837936,8565,6374
tokyo,13,コンビニ,2025-08-09,杉山敏也セブン－イレブン目黒中町２丁目店,目黒区中町２丁目１１番１５号ルネスクラカタ１階,35.635048,139.695099,8552,6351
tokyo,13,コンビニ,2025-08-18,毛美玲ファミリーマート羽田二丁目店,大田区羽田２丁目１０番２号,35.54829,139.741379,8531,6358
tokyo,13,コンビニ,2025-08-31,法人番号7011701015386株式会社ニーズ・メディカルシステムファミリーマート世田谷松原一丁目店,世田谷区松原１丁目４１番８号アロデミウ明大前１階,35.668869,139.651367,8560,6344
tokyo,13,コンビニ,2025-08-16,加納敬大ローソンストア１００渋谷本町三丁目店,渋谷区本町３丁目４８番２１号豊栄新都心マンション１階,35.687817,139.683228,8565,6349
tokyo,13,コンビニ,2025-08-21,佐藤敦規ファミリーマート恵比寿南一丁目店,渋谷区恵比寿南１丁目１４番１５号ラ・レンヌ恵比寿１階,35.64571,139.709625,8554,6353
tokyo,13,コンビニ,2025-08-20,法人番号7013303001896合同会社Ｕ－ＢＯＸセブン－イレブン豊島雑司ヶ谷３丁目店,豊島区雑司が谷３丁目３番１８号Ｍｉａｃａｓａ雑司が谷１階,35.720375,139.714661,8572,6354
tokyo,13,コンビニ,2025-08-31,本多和人ファミリーマート目白南店,豊島区高田３丁目３１番５号,35.717365,139.705673,8572,6352
tokyo,13,コンビニ,2025-08-01,法人番号6011803001954合同会社種村錦好堂ローソン王子二丁目店,北区王子２丁目１８番１２号建物１階,35.758389,139.737289,8582,6357
tokyo,13,スーパー,2025-08-01,法人番号7013101003500株式会社オザムエネルギースーパーたじま田端店,荒川区東尾久１丁目３０番１０号ダイアパレス田端１階,35.739456,139.768829,8577,6363
tokyo,13,コンビニ,2025-08-01,野﨑鉄也セブン－イレブン新高島平駅前店,板橋区高島平７丁目１４番１８号,35.791103,139.653732,8589,6344
tokyo,13,コンビニ,2025-08-07,張健ファミリーマートサンシティサンゼリゼ商店街／Ｓ店,板橋区中台３丁目２７番７号サンゼリゼ２階２０９号室,35.775517,139.679535,8586,6348
tokyo,13,コンビニ,2025-08-31,仲田幸正ファミリーマート練馬南田中一丁目店,練馬区南田中１丁目６番１６号,35.731503,139.620743,8575,6339
tokyo,13,コンビニ,2025-08-01,法人番号8011801022892株式会社ブルーウィンズセブン－イレブン足立加賀２丁目店,足立区加賀２丁目７番２号,35.790237,139.759644,8589,6361
tokyo,13,コンビニ,2025-08-06,法人番号1010701035020株式会社ローソンアーバンワークスローソン梅島駅前店,足立区梅田７丁目３６番２号藪重ビル１階,35.772202,139.797714,8585,6367
tokyo,13,コンビニ,2025-08-21,池田達哉セブン－イレブン足立栗原１丁目店,足立区栗原１丁目７番２４号,35.778717,139.790161,8586,6366
tokyo,13,スーパー,2025-08-01,法人番号7013101003500株式会社オザムエネルギースーパーたじま新小岩駅前店,葛飾区新小岩２丁目５番１２号松田ビル１階,35.716667,139.861328,8572,6377
tokyo,13,コンビニ,2025-08-07,法人番号5011702011130株式会社イージスリテイリングローソン江戸川春江町二丁目店,江戸川区春江町２丁目４３番４号,35.700169,139.890457,8568,6382
tokyo,13,コンビニ,2025-08-22,鎌田靑治セブン－イレブン八王子堀之内店,八王子市堀之内２丁目１７番地８,35.629379,139.402985,8551,6304
tokyo,13,コンビニ,2025-08-26,王佳祺セブン－イレブン八王子桑並木通り店,八王子市元横山町２丁目１番９号,35.661205,139.339188,8558,6294
tokyo,13,コンビニ,2025-08-31,篠原正昭セブン－イレブン八王子絹ヶ丘１丁目店,八王子市絹ケ丘１丁目３番７号,35.638966,139.359787,8553,6297
tokyo,13,コンビニ,2025-08-01,法人番号4010101011255株式会社ケージーカンパニーローソン昭島東町三丁目店,昭島市東町３丁目５番１０号,35.700378,139.392624,8568,6302
tokyo,13,コンビニ,2025-08-04,法人番号1010001088181株式会社セブン－イレブン・ジャパンセブン－イレブン昭島美堀町１丁目店,昭島市美堀町１丁目１４番７号,35.724438,139.364853,8573,6298
tokyo,13,コンビニ,2025-08-29,佐藤隼ファミリーマート立川富士見町店,立川市富士見町１丁目２番１４号,35.700809,139.398346,8568,6303
tokyo,13,コンビニ,2025-08-29,清水裕二ファミリーマート東大和青梅街道店,東大和市中央３丁目８５７番地３,35.74538,139.428329,8578,6308
tokyo,13,コンビニ,2025-08-27,法人番号3021003004438合同会社中川企画ローソン町田金森四丁目店,町田市金森４丁目３番９号,35.524837,139.467041,8525,6314
tokyo,13,コンビニ,2025-08-01,法人番号2013401004979株式会社こうとくファミリーマート日野市立病院前店,日野市多摩平３丁目２番地の１建物１階,35.666668,139.377365,8560,6300
tottori,31,コンビニ,2025-08-27,法人番号2010701019195株式会社ローソンローソン米子奈喜良店,米子市奈喜良279番地1,35.401634,133.342545,8496,5334
tottori,31,コンビニ,2025-08-01,筏津豊秋ローソン倉吉秋喜店,倉吉市秋喜字四反長312番地1,35.4286,133.795258,8502,5407
tottori,31,コンビニ,2025-08-01,筏津豊秋ローソン倉吉広瀬店,倉吉市広瀬町1733番地1,35.431595,133.814117,8503,5410
yamagata,06,コンビニ,2025-08-19,山本栄次郎ファミリーマート山形嶋店,山形市嶋南三丁目6番13号,38.280212,140.315506,9187,6450
yamagata,06,コンビニ,2025-08-01,法人番号6390002005911有限会社江口商店ローソン村山楯岡五日町店,村山市楯岡五日町1番1号,38.477539,140.388763,9234,6462
yamaguchi,35,コンビニ,2025-08-05,法人番号3250001002793株式会社ネクトファミリーマート宇部市役所／Ｓ店,宇部市常盤町一丁目7番1号宇部市役所本庁舎市民交流棟1階,33.952061,131.246475,8148,4999
aichi,23,コンビニ,2025-09-11,法人番号4010001030181ミニストップ株式会社ミニストップ名古屋つつじが丘店,名古屋市名東区つつじが丘410番地,35.180801,136.993591,8443,5918
aichi,23,コンビニ,2025-09-01,法人番号3180001148644株式会社サンライズセブン－イレブン北名古屋白山店,北名古屋市九之坪白山26番地1,35.241673,136.874863,8458,5899
aichi,23,ドラッグ・薬局,2025-09-10,法人番号6200001014428株式会社ユタカファーマシードラッグユタカ日進岩崎店,日進市岩崎町石兼24番地8,35.146584,137.028687,8435,5924
aichi,23,ドラッグ・薬局,2025-09-18,法人番号4180002045872有限会社エムアイティみと調剤薬局,豊川市御津町西方広田49番地,34.809002,137.309937,8354,5969
aichi,23,コンビニ,2025-09-01,李宗淡ファミリーマート武豊石川橋店,知多郡武豊町字石川79番地1,34.867577,136.92009,8368,5907
aichi,23,コンビニ,2025-09-30,法人番号2013301010706株式会社ファミリーマートファミリーマート津島宮川店,津島市江東町三丁目182番地,35.170513,136.716782,8440,5874
aichi,23,コンビニ,2025-09-30,法人番号2013301010706株式会社ファミリーマートファミリーマート津島江西店,津島市江西町二丁目61番地,35.175938,136.714005,8442,5874
aichi,23,コンビニ,2025-09-01,安藤貴野ファミリーマート安城井杭山町店,安城市井杭山町高見1番地3,34.973843,137.05983,8393,5929
aichi,23,コンビニ,2025-09-01,中島佳男ローソン春日井桃山町二丁目店,春日井市桃山町二丁目319番地4,35.282303,136.969559,8467,5915
aichi,23,コンビニ,2025-09-01,原田賢一ローソン小牧二重堀東店,小牧市大字二重堀1102番地1,35.290977,136.943314,8469,5910
aichi,23,コンビニ,2025-09-10,石田祥司ローソン小牧市北外山店,小牧市尾張都市計画事業小牧南土地区画整理事業149街区2画地,35.29044,136.910995,8469,5905
aichi,23,ドラッグ・薬局,2025-09-10,法人番号7180301016951株式会社スギ薬局スギドラッグ岩倉石仏店,岩倉市石仏町長福寺154番地1,35.297184,136.871658,8471,5899
aichi,23,コンビニ,2025-09-16,法人番号2010701019195株式会社ローソンローソン春日井西山町二丁目店,春日井市西山町二丁目7番地1,35.27599,136.972183,8466,5915
akita,05,コンビニ,2025-09-01,齋藤尚徳セブン－イレブン潟上昭和豊川店,潟上市昭和豊川竜毛字開沢25番地1,39.868591,140.075684,9568,6412
aomori,02,コンビニ,2025-09-16,法人番号1010001088181株式会社セブン－イレブン・ジャパンセブン－イレブン弘前和泉店,弘前市大字和泉二丁目18番地1,40.610298,140.496811,9746,6479
aomori,02,コンビニ,2025-09-25,法人番号2420003002445合同会社ＭＵＧＥＮセブン－イレブン弘前独狐店,弘前市大字独狐字笹元8番地2,40.643726,140.446487,9754,6471
chiba,12,コンビニ,2025-09-18,侯艶君セブン－イレブン千葉東本町店,千葉市中央区東本町１４番３６号,35.609642,140.130142,8546,6420
chiba,12,コンビニ,2025-09-30,法人番号8040003013491合同会社エクセルファミリーマート千葉汐見丘町店,千葉市中央区汐見丘町２３番地１１,35.616245,140.106979,8547,6417
chiba,12,コンビニ,2025-09-01,山田裕弘デイリーヤマザキ五井駅前店,市原市五井中央東１丁目１番地３建物１階,35.512024,140.089066,8522,6414
chiba,12,コンビニ,2025-09-01,法人番号4010001030181ミニストップ株式会社ミニストップ千葉真砂店,千葉市美浜区真砂２丁目２４番１号,35.643047,140.068726,8554,6410
chiba,12,ドラッグ・薬局,2025-09-12,法人番号1040001036939株式会社マツモトキヨシドラッグストアマツモトキヨシ市川真間店,市川市真間２丁目１９番１号,35.736897,139.909332,8576,6385
chiba,12,スーパー,2025-09-01,法人番号4020001137967株式会社良知経営生鮮＆業務スーパー船橋南店,船橋市南本町１３番６号船橋南本町店舗１階,35.697388,139.976959,8567,6396
chiba,12,ドラッグ・薬局,2025-09-19,法人番号1012401000634株式会社サンドラッグサンドラッグ蔵波台店,袖ケ浦市蔵波台２丁目６番地２,35.439846,139.990601,8505,6398
chiba,12,コンビニ,2025-09-30,髙石好江ファミリーマート袖ケ浦奈良輪店,袖ケ浦市奈良輪２４３番地３,35.433193,139.96492,8503,6394
chiba,12,スーパー,2025-09-19,法人番号1011801030720株式会社サンベルクススーパーベルクス柏大室店,柏市大室１８５番地１,35.901402,139.9599,8616,6393
chiba,12,コンビニ,2025-09-25,法人番号7040001100986株式会社ＫＩＣセブン－イレブン野田下町店,野田市野田１３番地の１,35.93914,139.864624,8625,6378
ehime,38,コンビニ,2025-09-01,法人番号5500003001568Ｏ．Ｎ．Ｅ．＆Ｈ合同会社ローソン伯方島インター店,今治市伯方町叶浦１３６１番地１,34.208508,133.079269,8210,5292
ehime,38,コンビニ,2025-09-01,東野真理セブン－イレブン新居浜郷１丁目店,新居浜市郷１丁目３番１８号,33.966007,133.307449,8151,5329
fukuoka,40,スーパー,2025-09-08,法人番号9290001098798イオンウエルシア九州株式会社ウエルシアプラス門司東町店,北九州市門司区下二十町８番７号,33.91114,130.940231,8138,4950
fukuoka,40,コンビニ,2025-09-25,法人番号5240001056657株式会社ポプラリテールローソン芦屋高浜町店,遠賀郡芦屋町高浜町１番２８号,33.88982,130.667984,8133,4906
fukuoka,40,ドラッグ・薬局,2025-09-01,法人番号7180301016951株式会社スギ薬局スギドラッグ博多駅東店,福岡市博多区博多駅東一丁目１番２５号宝ビル１階,33.592121,130.422546,8062,4867
fukuoka,40,コンビニ,2025-09-09,宮部和哉セブン－イレブン博多駅２丁目店,福岡市博多区博多駅前二丁目１７番８号安田第４ビル１階１０１号室,33.590618,130.416916,8061,4866
fukuoka,40,コンビニ,2025-09-17,法人番号9290002031072有限会社Ｋ・Ｕコーポレーションローソン博多住吉通り店,福岡市博多区博多駅前三丁目４番２号,33.586819,130.41716,8060,4866
fukuoka,40,ドラッグ・薬局,2025-09-22,法人番号9120001030612株式会社コクミンコクミンドラッグ福岡空港店,福岡市博多区大字下臼井７６７番地１福岡空港国内線旅客ターミナルビル１階ロビーエリア,33.597618,130.444122,8063,4871
fukuoka,40,ドラッグ・薬局,2025-09-01,法人番号9290001025414株式会社コスモス薬品ドラッグコスモス新宮下府店,糟屋郡新宮町大字下府１２０２番地１,33.708199,130.436966,8089,4869
fukuoka,40,スーパー,2025-09-12,法人番号5011001016616株式会社ハンズハンズイオンモール福岡店,糟屋郡粕屋町大字酒殿字老ノ木１９２番地１イオンモール福岡１階,33.596455,130.480286,8063,4876
fukuoka,40,コンビニ,2025-09-30,岡田卓己ファミリーマートオークタウン北店,福岡市東区香椎駅東三丁目２２番８号,33.668171,130.45224,8080,4872
fukuoka,40,スーパー,2025-09-18,法人番号6290001017604イオン九州株式会社マックスバリュエクスプレス姪浜駅南１丁目店,福岡市西区姪浜駅南一丁目１１番４号,33.581944,130.327148,8059,4852
fukuoka,40,コンビニ,2025-09-30,村元二美ローソン大牟田駛馬町店,大牟田市駛馬町４７番地１,33.01836,130.452286,7924,4872
fukuoka,40,コンビニ,2025-09-01,法人番号6290002054340有限会社イシックスセブン－イレブン大川大野島店,大川市大字大野島２８８８番地１,33.195908,130.348648,7967,4855
fukushima,07,コンビニ,2025-09-01,法人番号4010001030181ミニストップ株式会社ミニストップ福島北沢又店,福島市南沢又字上番匠田7番地の1,37.783859,140.43457,9068,6469
fukushima,07,コンビニ,2025-09-01,法人番号4010001030181ミニストップ株式会社ミニストップ福島梁川店,伊達市梁川町広瀬町30番地,37.850567,140.603821,9084,6496
fukushima,07,コンビニ,2025-09-01,法人番号4010001030181ミニストップ株式会社ミニストップ三春町バイパス店,田村郡三春町大字貝山字岩田61番地の1,37.434277,140.486786,8984,6477
fukushima,07,コンビニ,2025-09-30,法人番号9380001029414株式会社エスポワールインベストメントローソン喜多方豊川町店,喜多方市豊川町米室字アカト5246番地13,37.639366,139.87326,9033,6379
gifu,21,ドラッグ・薬局,2025-09-17,法人番号9290001025414株式会社コスモス薬品ドラッグコスモス香蘭店,岐阜市香蘭二丁目30番地,35.411293,136.744522,8498,5879
gifu,21,ドラッグ・薬局,2025-09-08,法人番号7180301016951株式会社スギ薬局スギドラッグ大垣インター店,大垣市島里二丁目25番地1,35.324753,136.62001,8477,5859
gifu,21,ドラッグ・薬局,2025-09-17,法人番号9290001025414株式会社コスモス薬品ドラッグコスモス岐阜大野店,揖斐郡大野町大字黒野48番地1,35.467457,136.633972,8512,5861
gumma,10,コンビニ,2025-09-23,山本照彦ファミリーマート前橋総社町高井店,前橋市総社町高井２３５番地１,36.414616,139.026917,8739,6244
gumma,10,コンビニ,2025-09-30,松本智征ファミリーマート高崎石原町店,高崎市石原町１４６８番地１,36.309505,139.000854,8714,6240
gumma,10,コンビニ,2025-09-30,法人番号2013301010706株式会社ファミリーマートファミリーマート玉村町福島店,佐波郡玉村町大字福島１０９４番地１,36.309856,139.125427,8714,6260
gumma,10,コンビニ,2025-09-30,信田由美ファミリーマート邑楽赤堀店,邑楽郡邑楽町大字赤堀５２６番地１０,36.234756,139.479233,8696,6316
gumma,10,コンビニ,2025-09-30,法人番号2013301010706株式会社ファミリーマートファミリーマート太田藤阿久町店,太田市藤阿久町９７７番地１,36.295086,139.351608,8710,6296
hiroshima,34,コンビニ,2025-09-01,法人番号2013301010706株式会社ファミリーマートファミリーマート宇品西店,広島市南区宇品西五丁目11番1-102号,34.362461,132.458755,8246,5193
hiroshima,34,コンビニ,2025-09-30,三島由香里ファミリーマート府中目崎店,府中市目崎町312番地2,34.571148,133.221832,8297,5315
ibaraki,08,コンビニ,2025-09-16,石井友美ローソン日立中央インター店,日立市白銀町二丁目２２番地１２,36.612026,140.644333,8786,6503
ibaraki,08,コンビニ,2025-09-30,手塚遼太郎ファミリーマートつくば筑穂一丁目店,つくば市筑穂一丁目１１番地１,36.136856,140.083374,8672,6413
ibaraki,08,コンビニ,2025-09-30,法人番号6050002042336有限会社中澤商店ファミリーマート五霞新幸谷店,猿島郡五霞町大字新幸谷４４２番地３,36.114906,139.743179,8667,6358
ibaraki,08,コンビニ,2025-09-30,柴山真里子ファミリーマート東海駅東三丁目店,那珂郡東海村舟石川駅東三丁目９番２３号,36.464764,140.571304,8751,6491
iwate,03,コンビニ,2025-09-16,四役大介ローソン盛岡上太田店,盛岡市上太田細工63番地,39.692394,141.080841,9526,6572
iwate,03,コンビニ,2025-09-17,法人番号2400003000450合同会社帷子物産ファミリーマート盛岡三ツ割北店,盛岡市三ツ割四丁目9番3号,39.729424,141.160782,9535,6585
iwate,03,コンビニ,2025-09-17,小向祥子セブン－イレブン宮古板屋１丁目店,宮古市板屋一丁目2番22号,39.63398,141.917252,9512,6706
iwate,03,コンビニ,2025-09-30,菅原浩幸ファミリーマート北上相去店,北上市相去町舘下1番地23,39.246147,141.100525,9419,6576
kagawa,37,コンビニ,2025-09-12,鏡原哲也セブン－イレブン高松牟礼町店,高松市牟礼町牟礼２４４５番地１,34.346066,134.122681,8243,5459
kagawa,37,コンビニ,2025-09-01,法人番号2010701019195株式会社ローソンローソン琴平町榎井店,仲多度郡琴平町榎井７０６番地５,34.19009,133.828033,8205,5412
kagawa,37,コンビニ,2025-09-16,岡真由美セブン－イレブン三豊豊中町店,三豊市豊中町比地大９７９番地１,34.167072,133.689041,8200,5390
kagawa,37,コンビニ,2025-09-22,本郷信之ローソン小豆島土庄税務署前店,小豆郡土庄町甲５９３６番地５,34.491627,134.165695,8277,5466
kagoshima,46,コンビニ,2025-09-17,法人番号6340001017103さこ株式会社ローソン鹿児島田上天神店,鹿児島市田上二丁目３３番１７号,31.574654,130.530945,7577,4884
kagoshima,46,コンビニ,2025-09-18,桑波田善明ファミリーマート串木野インター前店,いちき串木野市麓１３１番地,31.723705,130.280136,7613,4844
kagoshima,46,コンビニ,2025-09-30,法人番号8340002010922有限会社髙遊ファミリーマート姶良平松店,姶良市平松２９９２番地３,31.719532,130.606308,7612,4897
kanagawa,14,コンビニ,2025-09-01,天白光平ファミリーマート矢向二丁目店,横浜市鶴見区矢向２丁目１３番９号セザール第三矢向１階,35.530666,139.681244,8527,6348
kanagawa,14,コンビニ,2025-09-01,佐藤宏樹ファミリーマート横浜千歳橋店,横浜市南区高砂町１丁目１４番地千歳橋駐車場１階,35.433331,139.621414,8503,6339
kanagawa,14,コンビニ,2025-09-01,法人番号3020001094425株式会社オルガローソン磯子森三丁目店,横浜市磯子区森３丁目８番４号,35.392426,139.614395,8494,6338
kanagawa,14,コンビニ,2025-09-01,髙寿之セブン－イレブン横浜西大口店,横浜市神奈川区西大口１２５番地３マリブフラット１階,35.491341,139.63739,8517,6341
kanagawa,14,コンビニ,2025-09-30,趙紅岩ファミリーマート藤崎一丁目店,川崎市川崎区藤崎１丁目３０番１０号,35.529163,139.722519,8526,6355
kanagawa,14,コンビニ,2025-09-01,法人番号4010001030181ミニストップ株式会社ミニストップ生田駅南口店,川崎市多摩区生田７丁目１番４号スクエアガーデン生田１階,35.614712,139.540695,8547,6326
kanagawa,14,コンビニ,2025-09-13,法人番号1010001088181株式会社セブン－イレブン・ジャパンセブン－イレブン川崎稲田堤店,川崎市多摩区菅４丁目２番１号マルコンボナールⅡ１階,35.634567,139.531906,8552,6325
kanagawa,14,コンビニ,2025-09-29,法人番号5021001024007株式会社グローイングクローバーローソンツインシティ大神店,平塚市大神７丁目１１番１４号,35.389423,139.360291,8493,6297
kanagawa,14,コンビニ,2025-09-01,陳之内裕高ローソン・スリーエフ逗子葉桜店,逗子市桜山６丁目１７番２号,35.295921,139.590637,8471,6334
kanagawa,14,コンビニ,2025-09-04,法人番号2013301010706株式会社ファミリーマートファミリーマート東林間六丁目店,相模原市南区東林間６丁目１９番１５号建物１階,35.51825,139.439545,8524,6310
kanagawa,14,コンビニ,2025-09-24,法人番号3021001045599株式会社壹歩セブン－イレブン相模原下溝南店,相模原市南区下溝２００５番地２４,35.527687,139.382431,8526,6301
kanagawa,14,コンビニ,2025-09-04,法人番号2013301010706株式会社ファミリーマートファミリーマート三機工業／Ｓ店,大和市中央林間７丁目１０番１号三機工業株式会社三機大和ビル共用棟３階,35.505836,139.451431,8521,6312
kanagawa,14,ドラッグ・薬局,2025-09-29,法人番号9290001025414株式会社コスモス薬品ドラッグコスモス今里店,海老名市今里３丁目１８番１２号,35.427029,139.386841,8502,6301
kanagawa,14,コンビニ,2025-09-29,丸山健一ローソン・スリーエフ相武台前北口店,座間市相武台１丁目３４番７号,35.49976,139.408096,8519,6305
kochi,39,コンビニ,2025-09-01,法人番号6490002002857有限会社積善会ローソン高知新本町店,高知市新本町二丁目１番１２号,33.568527,133.544189,8056,5367
kochi,39,コンビニ,2025-09-30,柳原裕ファミリーマート後免駅前店,南国市駅前町二丁目４番９０号,33.579586,133.647095,8059,5383
kochi,39,ドラッグ・薬局,2025-09-20,法人番号9290001025414株式会社コスモス薬品ドラッグコスモス古津賀店,四万十市古津賀１２９６番地１,32.992085,132.963531,7918,5274
kumamoto,43,コンビニ,2025-09-03,法人番号4330001017345株式会社荒木屋ファミリーマート熊本国府四丁目店,熊本市中央区国府四丁目３番地１,32.786446,130.72699,7868,4916
kumamoto,43,コンビニ,2025-09-10,田中梢子セブン－イレブン八代迎町店,八代市千反町二丁目壱八号８番,32.495365,130.599792,7798,4895
kumamoto,43,ドラッグ・薬局,2025-09-26,法人番号9290001025414株式会社コスモス薬品ドラッグコスモス光の森南店,菊池郡菊陽町光の森七丁目４７番地１０,32.859581,130.786423,7886,4925
mie,24,コンビニ,2025-09-01,法人番号4010001030181ミニストップ株式会社ミニストップ津雲出島貫店,津市雲出島貫町781番地1,34.652679,136.520432,8316,5843
mie,24,コンビニ,2025-09-01,山本陽介ローソン四日市中部店,四日市市中部11番1号,34.968975,136.625946,8392,5860
mie,24,コンビニ,2025-09-01,法人番号2190002024225株式会社ドゥ・サービス・オオタローソン四日市山城町店,四日市市山城町358番地4,35.032024,136.574677,8407,5851
mie,24,コンビニ,2025-09-01,法人番号2190002024225株式会社ドゥ・サービス・オオタローソン四日市まきの木台店,四日市市まきの木台一丁目1番地,35.038464,136.569733,8409,5851
miyagi,04,コンビニ,2025-09-20,後藤正昭ローソン仙台長命ケ丘六丁目店,仙台市泉区長命ケ丘六丁目15番1,38.312008,140.829742,9194,6532
miyagi,04,コンビニ,2025-09-01,齋藤優介ローソン仙台新港店,仙台市宮城野区中野五丁目3番地の3,38.268478,140.988083,9184,6558
miyagi,04,コンビニ,2025-09-25,小畑健二ファミリーマート小鶴新田店,仙台市宮城野区新田東一丁目17番3号,38.279922,140.934021,9187,6549
miyagi,04,コンビニ,2025-09-01,法人番号4010001030181ミニストップ株式会社ミニストップ気仙沼松川店,気仙沼市切通247番地1,38.912296,141.543182,9338,6646
miyazaki,45,コンビニ,2025-09-11,後藤謙一セブン－イレブン都城山之口町花木店,都城市山之口町花木１９５０番地２,31.778902,131.153351,7626,4984
nagano,20,スーパー,2025-09-04,法人番号6010901003292株式会社キャメル珈琲カルディコーヒーファームイオンモール須坂店,須坂市大字福島３８６番地１,36.646191,138.265137,8795,6122
nagano,20,スーパー,2025-09-08,法人番号4100001004085株式会社サンクゼール久世福商店イオンモール須坂店,須坂市大字福島３８６番地１,36.646191,138.265137,8795,6122
nagano,20,スーパー,2025-09-08,法人番号5100001015908中村漆器産業株式会社Ｔｈｒｅｅｌｉｔｔlｅｓｏｎｇｂｉｒｄｓイオンモール須坂店,須坂市大字福島３８６番地１,36.646191,138.265137,8795,6122
nagano,20,スーパー,2025-09-18,法人番号2220001011567株式会社ＣＨＥＬＳＥＡＮｅｗＹｏｒｋ北海道うまいもの館イオンモール須坂店,須坂市大字福島３８６番地１,36.646191,138.265137,8795,6122
nagano,20,コンビニ,2025-09-30,法人番号2013301010706株式会社ファミリーマートファミリーマート長野栗田店,長野市大字栗田１７８９番地,36.638416,138.19426,8793,6111
nagano,20,コンビニ,2025-09-30,法人番号2013301010706株式会社ファミリーマートファミリーマート長野しののい店,長野市篠ノ井御幣川６３６番地３,36.567654,138.140396,8776,6102
niigata,15,コンビニ,2025-09-01,法人番号6110001031291株式会社トライアイローソン三条本町店,三条市本町五丁目１番５０号,37.630852,138.950897,9031,6232
oita,44,コンビニ,2025-09-01,幸賢一セブン－イレブン大分横瀬店,大分市大字横瀬６３番地７,33.187248,131.5439,7964,5047
oita,44,コンビニ,2025-09-04,法人番号7010901016970ロイヤルコントラクトサービス株式会社セブン－イレブン大分空港店,国東市安岐町下原１３番地,33.469814,131.723572,8032,5075
okayama,33,スーパー,2025-09-03,法人番号9290001072902株式会社トライアルストアーズスーパーセンタートライアル岡山豊浜店,岡山市南区豊浜町13番68号,34.630787,133.934189,8311,5429
okayama,33,コンビニ,2025-09-30,法人番号9260002026208有限会社ビギンファミリーマート笠岡里庄口店,笠岡市絵師406番地1,34.502827,133.533554,8280,5365
okinawa,47,スーパー,2025-09-26,法人番号4360001006502イオン琉球株式会社マックスバリュエクスプレス南の駅やえせ店,島尻郡八重瀬町字具志頭６５９番地の２,26.125996,127.747185,6270,4439
okinawa,47,コンビニ,2025-09-03,法人番号8360001014047株式会社いちばファミリーマート宮古下里ぱいぱい店,宮古島市平良字下里８１８番地５,24.799063,125.283623,5951,4045
saga,41,コンビニ,2025-09-06,北野一馬セブン－イレブン佐賀諸富店,佐賀市諸富町大字諸富津１３９番地７,33.222313,130.358215,7973,4857
saga,41,ドラッグ・薬局,2025-09-02,法人番号9290001025414株式会社コスモス薬品ドラッグコスモス鳥栖秋葉町店,鳥栖市秋葉町一丁目９９８番地２,33.37188,130.513535,8009,4882
saga,41,コンビニ,2025-09-18,法人番号7300001004640株式会社東洋測量設計ローソン武雄竹下町店,武雄市武雄町大字武雄５６５８番地１,33.192493,130.013367,7966,4802
saitama,11,コンビニ,2025-09-01,法人番号7070001004879株式会社セーブオンローソン越生西和田店,入間郡越生町大字西和田３９０番地９,35.970188,139.301483,8632,6288
saitama,11,コンビニ,2025-09-01,法人番号7070001004879株式会社セーブオンローソン日高高麗店,日高市大字台２９４番地１,35.881649,139.306122,8611,6288
saitama,11,コンビニ,2025-09-30,矢嶋大輔ファミリーマート飯能日高団地店,日高市横手一丁目１６番地１,35.872417,139.289062,8609,6286
saitama,11,コンビニ,2025-09-01,法人番号7020001117826株式会社エル・ティーエフローソン・スリーエフ川口朝日四丁目店,川口市朝日四丁目１３番１０号,35.810505,139.743317,8594,6358
saitama,11,コンビニ,2025-09-16,法人番号1030003011924三生サービス合同会社ローソン川口南鳩ヶ谷六丁目店,川口市南鳩ヶ谷六丁目１１番５号,35.817722,139.734192,8596,6357
saitama,11,スーパー,2025-09-23,法人番号2011801028342株式会社喜楽スーパー喜楽生鮮市場川口店,川口市大字東本郷１０９０番地１,35.82478,139.763535,8597,6362
saitama,11,コンビニ,2025-09-04,法人番号9011503005328エクスリンク合同会社ローソン戸田中央総合病院前店,戸田市本町一丁目２４番１号,35.809944,139.679642,8594,6348
saitama,11,ドラッグ・薬局,2025-09-05,法人番号6030001066965株式会社ウイーズドラッグイチワタ秩父永田店,秩父市永田町５番２８号,36.00758,139.083939,8641,6253
saitama,11,ドラッグ・薬局,2025-09-05,法人番号6030001066965株式会社ウイーズドラッグイチワタ皆野バイパス店,秩父郡皆野町大字皆野７７５番地,36.070019,139.104385,8656,6256
saitama,11,コンビニ,2025-09-17,法人番号2013301010706株式会社ファミリーマートファミリーマート久喜吉羽店,久喜市吉羽１８１番地４,36.061356,139.688644,8654,6350
saitama,11,コンビニ,2025-09-18,渡邊誠之ファミリーマート久喜河原代店,久喜市河原代下分６７６番地１,36.10981,139.698792,8666,6351
saitama,11,コンビニ,2025-09-30,稲垣悟ファミリーマートモラージュ菖蒲店,久喜市菖蒲町菖蒲６００５番地１,36.075211,139.611633,8658,6337
saitama,11,コンビニ,2025-09-01,橋真実ローソン八潮鶴ケ曽根東店,八潮市大字鶴ケ曽根３９４番地１,35.82708,139.840546,8598,6374
saitama,11,コンビニ,2025-09-01,外崎健司ミニストップ越谷大道店,越谷市大字大道８４９番地,35.926609,139.763046,8622,6362
saitama,11,コンビニ,2025-09-30,五十嵐隆敏ファミリーマート三郷花和田西店,三郷市花和田５番地１,35.824989,139.856384,8597,6377
saitama,11,コンビニ,2025-09-01,法人番号5070001033236株式会社Ｍ’ｓｃｏｍｐａｎｙローソン志木柏町店,志木市柏町五丁目１２番１８号の１階,35.829041,139.569702,8598,6331
saitama,11,ドラッグ・薬局,2025-09-12,法人番号1040001036939株式会社マツモトキヨシドラッグストアマツモトキヨシ新座栗原店,新座市栗原二丁目１番３４号,35.763817,139.553467,8583,6328
saitama,11,コンビニ,2025-09-19,張本珠琴ファミリーマートＣＫスクエア新座店,新座市野火止五丁目２番１０号ＣＫスクエア新座２階,35.80257,139.556412,8592,6329
shimane,32,コンビニ,2025-09-01,法人番号9280003001513合同会社のぞみローソン松江大庭店,松江市大庭町堂ﾉ前1195番地2,35.429585,133.083359,8503,5293
shimane,32,ドラッグ・薬局,2025-09-09,法人番号9240001021698株式会社ツルハグループドラッグ＆ファーマシー西日本ドラッグストアウェルネス浜田医療セン,浜田市浅井町875番,34.90337,132.086273,8376,5133
shimane,32,コンビニ,2025-09-01,小林裕典ローソン斐川荒神谷入口店,出雲市斐川町直江5092番地3,35.391251,132.827621,8493,5252
shizuoka,22,コンビニ,2025-09-05,法人番号9080002000164有限会社アクティブローソン清水袖師町店,静岡市清水区袖師町1575番地の36,35.024323,138.490692,8405,6158
shizuoka,22,コンビニ,2025-09-16,土屋丞セブン－イレブン伊東川奈店,伊東市川奈1225番地の32,34.951012,139.118195,8388,6258
shizuoka,22,コンビニ,2025-09-04,法人番号1010001088181株式会社セブン－イレブン・ジャパンセブン－イレブン袋井湊店,袋井市湊599番地,34.679813,137.918472,8323,6066
shizuoka,22,コンビニ,2025-09-30,江﨑愛紀ファミリーマート磐田豊浜店,磐田市豊浜525番地,34.678612,137.901581,8322,6064
tochigi,09,スーパー,2025-09-03,法人番号9290001072902株式会社トライアルストアーズスーパーセンタートライアル鹿沼店,鹿沼市茂呂９２３番地７,36.545471,139.791382,8770,6366
tochigi,09,コンビニ,2025-09-01,海野篤史ローソン那須烏山大桶店,那須烏山市大桶２００７番地３,36.709339,140.149261,8810,6423
tokushima,36,コンビニ,2025-09-01,川城真司セブン－イレブン藍住インター店,板野郡藍住町東中富字龍池傍示１２番地１,34.124924,134.476791,8189,5516
tokyo,13,コンビニ,2025-09-01,河合秀東セブン－イレブン勝どきグロウスタウン店,中央区勝どき１丁目３番３号ＢｒｉｌｌｉａｉｓｔＴｏｗｅｒ勝どき１階,35.660786,139.777084,8558,6364
tokyo,13,コンビニ,2025-09-01,王之文ファミリーマートメトロ新橋駅店,港区新橋１丁目１１番７号新橋センタープレイス１階店舗Ａ,35.667454,139.759262,8560,6361
tokyo,13,コンビニ,2025-09-24,法人番号2010701035143株式会社ＭＯＡＮＡセブン－イレブンしながわ水族館西店,品川区南大井３丁目１４番２号ＨｉｌｌｍａｘＨＯ．０２１階,35.590515,139.734924,8541,6357
tokyo,13,コンビニ,2025-09-19,木田安洋セブン－イレブン新宿下落合４丁目店,新宿区下落合４丁目２１番１９号目白ＬＫビル１階,35.721832,139.696976,8573,6351
tokyo,13,コンビニ,2025-09-30,法人番号1011803001439合同会社小林ローソンＨ台東三ノ輪一丁目店,台東区三ノ輪１丁目６番６号,35.727142,139.792038,8574,6366
tokyo,13,コンビニ,2025-09-16,法人番号5011801031541浩海株式会社ファミリーマートリバーサイド隅田店,墨田区堤通１丁目１９番１１号リバーサイド隅田ガーデンプラザ１階Ｂ－３,35.727551,139.812424,8574,6369
tokyo,13,コンビニ,2025-09-01,星泰雅ファミリーマート江東塩浜二丁目店,江東区塩浜２丁目１４番１号,35.663086,139.808868,8559,6369
tokyo,13,コンビニ,2025-09-03,法人番号4120001041300ライジング厚生サービス株式会社セブン－イレブンＳＭＢＣ豊洲ビル店,江東区豊洲２丁目２番３１号ＳＭＢＣ豊洲ビル６階,35.65361,139.793854,8556,6367
tokyo,13,コンビニ,2025-09-19,法人番号6010803001972合同会社いちたすいちローソン東邦医大通り店,大田区大森西４丁目５番３号コンフォリア・リヴ大森西１階,35.574234,139.724899,8537,6355
tokyo,13,コンビニ,2025-09-30,福屋武日出ファミリーマート大田多摩川一丁目店,大田区多摩川１丁目２３番１号ＭＳフォルム多摩川１階１０２区画,35.561577,139.697205,8534,6351
tokyo,13,コンビニ,2025-09-01,楠本竜生ローソン・スリーエフ世田谷船橋店,世田谷区船橋１丁目１５番１６号モンテローザ船橋１階,35.649754,139.62381,8555,6339
tokyo,13,コンビニ,2025-09-17,王清豪セブン－イレブン世田谷瀬田４丁目店,世田谷区瀬田４丁目２４番１２号イトーピア用賀１階,35.621174,139.630722,8549,6340
tokyo,13,コンビニ,2025-09-01,法人番号4010001030181ミニストップ株式会社ミニストップ北区赤羽南２丁目店,北区赤羽南２丁目９番６０号,35.773563,139.722412,8585,6355
tokyo,13,コンビニ,2025-09-01,法人番号8011501031566ＭＤＳ株式会社ファミリーマートタジマ千住元町店,足立区千住元町２３番４号建物１階,35.75502,139.791183,8581,6366
tokyo,13,コンビニ,2025-09-19,法人番号4011801035147株式会社アダカツローソン足立千住三丁目店,足立区千住３丁目３２番地ザ・パークハビオ北千住１階,35.750916,139.801529,8580,6368
tokyo,13,コンビニ,2025-09-01,法人番号4010001030181ミニストップ株式会社ミニストップ足立鹿浜店,足立区鹿浜５丁目１５番１０号,35.785629,139.751923,8588,6360
tokyo,13,コンビニ,2025-09-30,法人番号5040001133996株式会社華盛ファミリーマート葛飾亀有四丁目南店,葛飾区亀有４丁目１番８号,35.758381,139.843704,8582,6374
tokyo,13,コンビニ,2025-09-22,逢坂則之セブン－イレブン八王子台町４丁目店,八王子市台町４丁目３２番１８号,35.656822,139.318832,8557,6291
tokyo,13,コンビニ,2025-09-01,工藤美紀セブン－イレブン立川砂川三番店,立川市砂川町３丁目２５番２号,35.72702,139.399689,8574,6303
tokyo,13,コンビニ,2025-09-17,法人番号5012401038357株式会社ｎｏｓｔｙローソン三鷹新川二丁目店,三鷹市新川２丁目９番２３号,35.677917,139.574905,8562,6331
tokyo,13,コンビニ,2025-09-12,法人番号2013301010706株式会社ファミリーマートファミリーマート府中是政店,府中市是政１丁目３４番地の２２,35.662521,139.495438,8559,6319
tokyo,13,コンビニ,2025-09-01,須藤聖矢ローソン町田南成瀬一丁目店,町田市南成瀬１丁目２番２号ＯＳＪ成瀬ビル１階,35.536507,139.473557,8528,6315
tokyo,13,コンビニ,2025-09-17,篠﨑健セブン－イレブン町田森野１丁目店,町田市森野１丁目３４番１０号第一矢沢ビル１階,35.546719,139.444534,8531,6311
tokyo,13,コンビニ,2025-09-25,鈴木清崇セブン－イレブン日野豊田３丁目店,日野市豊田３丁目２７番地９,35.657215,139.38147,8557,6301
tokyo,13,コンビニ,2025-09-10,法人番号1010001088181株式会社セブン－イレブン・ジャパンセブン－イレブン西東京西原１丁目店,西東京市西原町１丁目３番１３号,35.732853,139.539322,8575,6326
tokyo,13,コンビニ,2025-09-30,田村竜大ファミリーマート西東京新町五丁目店,西東京市新町５丁目１７番２０号建物１階,35.714905,139.532516,8571,6325
tottori,31,コンビニ,2025-09-01,法人番号7280001002696株式会社ウェイクストーンローソン境港外江店,境港市外江町字上大沢2414番地1,35.531353,133.209152,8527,5313
tottori,31,コンビニ,2025-09-01,桑垣翔子ローソン境港市役所前店,境港市上道町3286番地,35.539928,133.233444,8529,5317
tottori,31,ドラッグ・薬局,2025-09-20,法人番号1012401000634株式会社サンドラッグサンドラッグ米子旗ヶ崎店,米子市旗ヶ崎六丁目13番27号,35.440823,133.310547,8505,5329
tottori,31,コンビニ,2025-09-30,法人番号2013301010706株式会社ファミリーマートファミリーマート湯梨浜町店,東伯郡湯梨浜町大字龍島157番地１,35.469383,133.897659,8512,5423
yamagata,06,ドラッグ・薬局,2025-09-01,法人番号1012401000634株式会社サンドラッグサンドラッグ鶴岡東新斎店,鶴岡市東新斎町7番77号,38.735695,139.818253,9296,6370
yamagata,06,スーパー,2025-09-02,法人番号2220001008745株式会社クスリのアオキスーパーのアオキ山形三川店,東田川郡三川町大字猪子字大堰端349番地1,38.817928,139.83551,9316,6373
yamanashi,19,コンビニ,2025-09-30,法人番号2013301010706株式会社ファミリーマートファミリーマート甲府昭和店,中巨摩郡昭和町西条５０３７番地,35.640076,138.543427,8553,6166
aichi,23,コンビニ,2025-10-16,青名畑雄也セブン－イレブン名古屋豊が丘店,名古屋市名東区豊が丘501番地,35.185898,137.012909,8444,5922
aichi,23,コンビニ,2025-10-01,長谷川理沙ローソン北名古屋井瀬木店,北名古屋市鹿田南蒲屋敷646番地1,35.244236,136.882889,8458,5901
aichi,23,コンビニ,2025-10-24,鈴木清ローソン久屋大通駅南店,名古屋市中区錦三丁目6番35号,35.172512,136.906738,8441,5905
aichi,23,コンビニ,2025-10-01,法人番号4010001030181ミニストップ株式会社ミニストップ長久手下山店,長久手市下山2番地1,35.187473,137.022614,8444,5923
aichi,23,コンビニ,2025-10-01,法人番号6010001023019アイング株式会社セブン－イレブンプライムツリー赤池店,日進市箕ノ手1番地,35.132008,137.039444,8431,5926
aichi,23,コンビニ,2025-10-01,法人番号5180301010717株式会社シンゼンビローソン豊橋神ノ輪店,豊橋市神ノ輪町102番地,34.741261,137.367523,8337,5978
aichi,23,ドラッグ・薬局,2025-10-09,法人番号7180301016951株式会社スギ薬局スギドラッグ蒲郡府相店,蒲郡市府相町二丁目346番地,34.823734,137.236862,8357,5957
aichi,23,コンビニ,2025-10-17,内田雅之ファミリーマート岡崎アウトレットパーク店,岡崎市舞木町岡崎本宿山中土地区画整理事業6街区1画地,34.903805,137.238174,8376,5958
aichi,23,コンビニ,2025-10-02,高井美恵ファミリーマート東海関東山店,東海市名和町岡廻間17番地1,35.046711,136.908752,8411,5905
aichi,23,コンビニ,2025-10-02,法人番号7180002088142有限会社浅井商店ファミリーマート知多つつじが丘店,知多市八幡新町三丁目15番14号,34.989113,136.869003,8397,5899
aichi,23,スーパー,2025-10-21,法人番号4020001053801株式会社コメダコマース久世福商店イオンモール東浦店,知多郡東浦町大字緒川字旭13番地2,34.982567,136.971863,8395,5915
aichi,23,コンビニ,2025-10-01,法人番号3180001157216株式会社エージェイアイ商店ファミリーマートあま丹波店,あま市丹波西切6番地1,35.199463,136.770065,8447,5883
aichi,23,コンビニ,2025-10-01,若松孝吏ミニストップ安城新田町店,安城市新田町宮町5番地5,34.963783,137.093506,8391,5934
aichi,23,コンビニ,2025-10-22,法人番号1180301024472株式会社Ｋ．Ｃ．Ｃ．ファミリーマート西尾駅店,西尾市住吉町三丁目36番地1,34.865311,137.058472,8367,5929
aichi,23,コンビニ,2025-10-31,會澤太作ファミリーマート西尾徳永東店,西尾市徳永町東側14番地1,34.841587,137.022354,8361,5923
aichi,23,コンビニ,2025-10-01,堀尾謙生ローソンストア100小牧岩崎西店,小牧市大字岩崎2667番地1,35.311951,136.92363,8474,5907
aichi,23,コンビニ,2025-10-01,法人番号4010001030181ミニストップ株式会社ミニストップ小牧原新田店,小牧市大字小牧原新田1250番地3,35.300541,136.924133,8472,5907
aichi,23,コンビニ,2025-10-14,竹本順哉ローソン鳳来長篠店,新城市長篠字施所橋12番地5,34.932003,137.56572,8383,6010
akita,05,コンビニ,2025-10-01,筒井彰ローソン大館一心院店,大館市字一心院南43番地2,40.265366,140.560608,9663,6489
akita,05,コンビニ,2025-10-17,伊藤健セブン－イレブン仁賀保庁舎前店,にかほ市平沢字田角森107番地1,39.286209,139.959244,9428,6393
chiba,12,ドラッグ・薬局,2025-10-17,法人番号1040001036939株式会社マツモトキヨシ薬マツモトキヨシ千葉駅前通り店,千葉市中央区富士見２丁目３番１号塚本大千葉ビルディング１階,35.611683,140.116653,8546,6418
chiba,12,コンビニ,2025-10-30,法人番号3040001132760株式会社ＳＡＢＩＳローソンマーヴ行徳店,市川市行徳駅前２丁目４番１号Ｍ’ａｖ行徳ステーションエリアＭ’ａｖ行徳－００１区画及びＭ’ａｖ行徳－００２区画,35.683029,139.914581,8563,6386
chiba,12,コンビニ,2025-10-31,ＧＵＲＵＮＧＡＹＵＭＩＫＵＭＡＲＩファミリーマート船橋実籾街道店,船橋市習志野２丁目１２番１３号,35.707275,140.058365,8569,6409
chiba,12,コンビニ,2025-10-31,法人番号3040001079366株式会社館山那古新聞販売ファミリーマート鋸南竜島店,安房郡鋸南町竜島７２９番地１,35.115826,139.834396,8427,6373
chiba,12,コンビニ,2025-10-21,法人番号2013301010706株式会社ファミリーマートファミリーマート鎌ヶ谷南初富店,鎌ケ谷市南初富２丁目１０番５４号,35.774349,140.007874,8585,6401
chiba,12,スーパー,2025-10-02,法人番号8010901017654株式会社アエナアエナイオンモール成田店,成田市ウイング土屋２４番地イオンモール成田２階４２１区画,35.795254,140.318909,8590,6451
chiba,12,コンビニ,2025-10-01,法人番号2040002078418有限会社大樹ファミリーマート大網みどりが丘店,大網白里市みどりが丘３丁目９番８号,35.540485,140.317184,8529,6450
chiba,12,コンビニ,2025-10-01,福山宏樹セブン－イレブン柏豊四季台４丁目店,柏市豊四季台４丁目１番８号,35.863777,139.954666,8607,6392
chiba,12,コンビニ,2025-10-24,法人番号7040001070825株式会社絆セブン－イレブン柏高田中上店,柏市高田４８４番地２５,35.876755,139.951935,8610,6392
ehime,38,ドラッグ・薬局,2025-10-08,法人番号1500001004428株式会社レデイ薬局くすりのレデイ久枝店,松山市安城寺町５９１番地１２階,33.870274,132.740723,8128,5238
ehime,38,ドラッグ・薬局,2025-10-08,法人番号1500001004428株式会社レデイ薬局くすりのレデイ東長戸店,松山市東長戸四丁目６番２９号,33.871002,132.752838,8129,5240
ehime,38,コンビニ,2025-10-02,法人番号7500001017580株式会社水沼屋ローソン愛南町一本松店,南宇和郡愛南町広見３６２２番１,32.975002,132.638596,7914,5222
ehime,38,ドラッグ・薬局,2025-10-19,法人番号9290001044133株式会社ドラッグストアモリドラッグストアモリ大洲若宮店,大洲市若宮５０４番地１,33.517979,132.548294,8044,5207
fukuoka,40,ドラッグ・薬局,2025-10-14,法人番号9120001030612株式会社コクミンコクミンドラッグ博多地下店,福岡市博多区博多駅中央街地下２号,33.589783,130.420593,8061,4867
fukuoka,40,コンビニ,2025-10-24,法人番号4010001030181ミニストップ株式会社ミニストップ福岡香椎浜４丁目店,福岡市東区香椎浜四丁目１１番１号,33.658073,130.435837,8077,4869
fukuoka,40,コンビニ,2025-10-24,法人番号4010001030181ミニストップ株式会社ミニストップ福岡八田１丁目店,福岡市東区八田一丁目１２番１４号,33.635841,130.459,8072,4873
fukuoka,40,コンビニ,2025-10-24,法人番号4010001030181ミニストップ株式会社ミニストップ上須恵店,糟屋郡須恵町大字上須恵８０５番地１,33.587917,130.511353,8061,4881
fukuoka,40,コンビニ,2025-10-27,草場克己ファミリーマートみなと香椎店,福岡市東区みなと香椎一丁目１番５号,33.663078,130.404388,8079,4864
fukuoka,40,スーパー,2025-10-27,法人番号6290001017604イオン九州株式会社マックスバリュエクスプレス香椎駅前１丁目店,福岡市東区香椎駅前一丁目６番２０号,33.657253,130.442657,8077,4870
fukuoka,40,コンビニ,2025-10-01,小林良輔ローソン横手二丁目店,福岡市南区横手二丁目１４番２号,33.550762,130.438889,8052,4870
fukuoka,40,コンビニ,2025-10-01,法人番号4010001030181ミニストップ株式会社ミニストップ福岡屋形原店,福岡市南区屋形原一丁目２番３７号,33.541813,130.407364,8050,4865
fukuoka,40,コンビニ,2025-10-06,酒井丸セブン－イレブン井尻駅前店,福岡市南区井尻五丁目２番１号建物１階,33.551754,130.443436,8052,4870
fukuoka,40,コンビニ,2025-10-31,古相智崇ファミリーマート福岡天神店,福岡市中央区天神三丁目３番５号,33.592216,130.397354,8062,4863
fukuoka,40,コンビニ,2025-10-01,村上正樹ローソン荒江一丁目店,福岡市城南区荒江一丁目１７番１号,33.571144,130.359207,8057,4857
fukuoka,40,コンビニ,2025-10-01,長坂幸樹ミニストップ福岡田村３丁目店,福岡市早良区田村三丁目２番５号,33.540565,130.325806,8049,4852
fukuoka,40,コンビニ,2025-10-01,井手順也ローソン昭代一丁目店,福岡市早良区昭代一丁目１７番１号,33.574966,130.356308,8057,4857
fukuoka,40,スーパー,2025-10-06,法人番号4140001022100株式会社Ｇ－７スーパーマート業務スーパー壱岐団地店,福岡市西区壱岐団地７６番地１,33.559155,130.315414,8054,4850
fukuoka,40,ドラッグ・薬局,2025-10-21,法人番号9290001025414株式会社コスモス薬品ドラッグコスモス八女唐人町店,八女市本町１番地２１７,33.211708,130.560104,7970,4889
fukuoka,40,コンビニ,2025-10-22,法人番号8290002047937有限会社ＨＹＭセブン－イレブン八女星野村店,八女市星野村字原５２１９番地９,33.249599,130.761124,7979,4921
fukuoka,40,コンビニ,2025-10-01,法人番号4290001087153株式会社Ｎｅｗｅｍローソン大川三丸店,大川市大字三丸字馬場添１４５０番地１０,33.190403,130.387146,7965,4861
fukuoka,40,コンビニ,2025-10-01,吉丸隆浩ミニストップ那珂川道善店,那珂川市道善五丁目２番地,33.514095,130.421204,8043,4867
fukushima,07,コンビニ,2025-10-01,法人番号6380001035489株式会社４Ｒｏｏｔｓセブン－イレブン会津小田橋店,会津若松市北青木1番15号,37.482262,139.937454,8995,6389
fukushima,07,コンビニ,2025-10-31,緑川智史セブン－イレブン棚倉町八槻店,東白川郡棚倉町大字八槻字遠鳥居150番地1,36.98608,140.39267,8876,6462
fukushima,07,スーパー,2025-10-24,法人番号9290001072902株式会社トライアルストアーズスーパーセンタートライアル南相馬原町店,南相馬市原町区日の出町109番地の1,37.632092,140.985092,9031,6557
gifu,21,コンビニ,2025-10-01,加藤諭香ファミリーマートアスティ岐阜駅店,岐阜市橋本町一丁目10番地1アスティ岐阜1階,35.409679,136.754929,8498,5880
gifu,21,コンビニ,2025-10-31,前田芳樹ファミリーマート本巣木知原店,本巣市木知原字大川端423番地1,35.525673,136.671478,8526,5867
gifu,21,コンビニ,2025-10-31,鴻巣晟次ファミリーマート岐阜日野南店,岐阜市日野南七丁目4番1号,35.429188,136.808014,8503,5889
gumma,10,コンビニ,2025-10-01,中村淳一ローソン前橋朝倉町四丁目店,前橋市朝倉町四丁目１０番地１１,36.366871,139.099915,8728,6255
gumma,10,スーパー,2025-10-17,法人番号8010901017654株式会社アエナアエナイオンモール高崎店,高崎市棟高町１４００番地１イオンモール高崎１階,36.390381,139.006577,8733,6241
gumma,10,ドラッグ・薬局,2025-10-01,法人番号9290001025414株式会社コスモス薬品ドラッグコスモス伊勢崎境店,伊勢崎市境米岡３２８番地,36.263771,139.264313,8703,6282
gumma,10,コンビニ,2025-10-01,大木剛ローソン群馬赤谷湖畔店,利根郡みなかみ町相俣９９番地,36.768791,138.874954,8824,6219
gumma,10,ドラッグ・薬局,2025-10-02,法人番号9290001025414株式会社コスモス薬品ドラッグコスモス東矢島店,太田市東矢島町１１４８番地４,36.273037,139.384033,8705,6301
hiroshima,34,コンビニ,2025-10-01,法人番号1010001088181株式会社セブン－イレブン・ジャパンセブン－イレブンスタートラム広島店,広島市中区八丁堀16番11号,34.394424,132.461823,8254,5193
hiroshima,34,コンビニ,2025-10-01,渡邊隆夫デイリーヤマザキ広島天神川駅前店,広島市東区矢賀新町五丁目10番1号,34.390217,132.498779,8253,5199
hiroshima,34,コンビニ,2025-10-10,法人番号5240001056657株式会社ポプラリテールローソン広島宝町店,広島市中区宝町8番21号,34.384628,132.463394,8252,5194
ibaraki,08,コンビニ,2025-10-01,石井友美ローソン日立田尻町店,日立市田尻町二丁目１６８番地１,36.629547,140.668365,8791,6506
ibaraki,08,コンビニ,2025-10-31,法人番号2013301010706株式会社ファミリーマートファミリーマートつくば赤塚店,つくば市赤塚６２９番地６,36.045753,140.125214,8650,6420
ibaraki,08,コンビニ,2025-10-15,法人番号6050002042336有限会社中澤商店ファミリーマート境下小橋店,猿島郡境町大字下小橋１５５番地２,36.098534,139.809296,8663,6369
ibaraki,08,ドラッグ・薬局,2025-10-22,法人番号1040001036939株式会社マツモトキヨシ薬マツモトキヨシ龍ケ崎サプラ店,龍ケ崎市小柴五丁目１番地２サプラスクエアサプラ１階,35.93317,140.160172,8623,6425
kagawa,37,ドラッグ・薬局,2025-10-30,法人番号1500001004428株式会社レデイ薬局くすりのレデイ丸亀土器店,丸亀市飯野町西分甲５８４番地１,34.284435,133.820435,8228,5411
kagawa,37,スーパー,2025-10-08,法人番号5260001002857株式会社ザグザグザグザグイオンタウン宇多津店,綾歌郡宇多津町浜二番丁１６番１階109区画,34.307522,133.809052,8233,5409
kagoshima,46,コンビニ,2025-10-01,竹迫晶ローソン城南魚市場前店,鹿児島市城南町１１番地１,31.585157,130.563095,7580,4890
kagoshima,46,コンビニ,2025-10-01,竹迫晶ローソン鹿児島南港店,鹿児島市新栄町１３番１６号,31.548866,130.545425,7571,4887
kagoshima,46,コンビニ,2025-10-01,竹迫晶ローソン鹿児島南林寺町店,鹿児島市南林寺町１８番１６号,31.583462,130.561569,7580,4889
kagoshima,46,コンビニ,2025-10-01,法人番号1340001004122株式会社南九州ファミリーマートファミリーマート鹿児島中央郵便局前店,鹿児島市中央町２番３１号,31.585926,130.543381,7580,4886
kagoshima,46,コンビニ,2025-10-01,出水淳一ローソン肝付内之浦店,肝属郡肝付町北方１９０４番地１,31.301073,131.048828,7512,4967
kagoshima,46,コンビニ,2025-10-01,法人番号4340002007352有限会社西康ローソン金峰阿多店,南さつま市金峰町宮崎４０３９番地１,31.440023,130.329208,7545,4852
kanagawa,14,コンビニ,2025-10-01,法人番号6020001001337小島量為株式会社ローソン瀬谷相沢七丁目店,横浜市瀬谷区相沢７丁目５３番地１,35.478725,139.490219,8514,6318
kanagawa,14,コンビニ,2025-10-14,法人番号7020001061157株式会社イズミ商事ファミリーマート横浜権太坂店,横浜市保土ケ谷区権太坂３丁目２０番４３号フジレジデンス１階,35.434074,139.575714,8504,6332
kanagawa,14,コンビニ,2025-10-01,法人番号2020001148090株式会社ＳＥＩＳＨＩＮＫＥＩローソン富岡東二丁目店,横浜市金沢区富岡東２丁目５番３６号,35.376423,139.639862,8490,6342
kanagawa,14,コンビニ,2025-10-02,法人番号3020003003929株式会社神龍ローソン港南芹が谷二丁目店,横浜市港南区芹が谷２丁目８番３号,35.41647,139.575043,8499,6332
kanagawa,14,コンビニ,2025-10-02,尾方健二ローソン横浜霧が丘四丁目店,横浜市緑区霧が丘４丁目８番地１,35.513313,139.505417,8523,6320
kanagawa,14,ドラッグ・薬局,2025-10-18,法人番号1040001036939株式会社マツモトキヨシ薬マツモトキヨシセンター南駅前店,横浜市都筑区茅ヶ崎中央１番２号センター南光ビル３階,35.545258,139.575317,8530,6332
kanagawa,14,コンビニ,2025-10-30,渡邉洋ファミリーマート十日市場店,横浜市緑区十日市場町８４７番地１１,35.524063,139.511337,8525,6321
kanagawa,14,コンビニ,2025-10-01,法人番号2020001094426株式会社エーケーワンコーポレーションローソン古川町店,川崎市幸区古川町１６９番地３,35.545708,139.684753,8530,6349
kanagawa,14,コンビニ,2025-10-01,安田智志ローソン川崎渡田三丁目店,川崎市川崎区渡田３丁目１４番１２号,35.519253,139.706177,8524,6352
kanagawa,14,コンビニ,2025-10-28,吉川正太セブン－イレブン川崎梶ヶ谷駅前店,川崎市高津区末長１丁目２３番２１号建物１階,35.592892,139.606598,8542,6337
kanagawa,14,コンビニ,2025-10-01,法人番号2110001007007株式会社Ｆｕｓｉｏｎ’ｚローソン横須賀森崎一丁目店,横須賀市森崎１丁目３番１４号,35.251179,139.680328,8460,6348
kanagawa,14,コンビニ,2025-10-01,法人番号1010001088181株式会社セブン－イレブン・ジャパンセブン－イレブン平塚大島店,平塚市大島４０６番地２,35.375587,139.341797,8490,6294
kanagawa,14,コンビニ,2025-10-22,細井広海ファミリーマートＢＬｉＸ茅ヶ崎店,茅ヶ崎市新栄町１１番地８ＢＬｉＸ茅ヶ崎１階,35.331764,139.405167,8479,6304
kanagawa,14,コンビニ,2025-10-16,法人番号1010001088181株式会社セブン－イレブン・ジャパンセブン－イレブン湯河原宮上店,足柄下郡湯河原町宮上７８番地１,35.141026,139.089188,8433,6254
kanagawa,14,コンビニ,2025-10-01,法人番号4021001084010幸せ株式会社ローソン相模原清新四丁目店,相模原市中央区清新４丁目２番１０号,35.580105,139.361389,8539,6297
kanagawa,14,コンビニ,2025-10-28,法人番号5021002021259有限会社翔洋セブン－イレブン相模原６丁目店,相模原市中央区相模原６丁目６番２１号,35.574543,139.371521,8537,6299
kanagawa,14,コンビニ,2025-10-31,法人番号1010701027810エイ・ケイ・フランチャイズシステム株式会社ファミリーマート相模原大野台店,相模原市南区大野台２丁目２５番３号細谷達司商店ビル１階,35.552471,139.402954,8532,6304
kanagawa,14,コンビニ,2025-10-31,鈴木信治ファミリーマート三機工業／Ｓ店,大和市中央林間７丁目１０番１号三機工業株式会社三機大和ビル共用棟３階,35.505836,139.451431,8521,6312
kochi,39,コンビニ,2025-10-01,法人番号7490001007971株式会社ローソン高知ローソン高知朝倉本町二丁目店,高知市朝倉本町二丁目１６番３５号,33.545815,133.485275,8050,5357
kochi,39,コンビニ,2025-10-31,野瀨健ファミリーマート高知旭町店,高知市旭町一丁目１２２番地４,33.557144,133.514572,8053,5362
kochi,39,コンビニ,2025-10-03,安岡洋幸ローソン安芸西浜店,安芸市西浜１４３番地５,33.503658,133.883377,8040,5421
kochi,39,コンビニ,2025-10-01,法人番号7490001007971株式会社ローソン高知ローソン四万十具同店,四万十市具同５２３７番地２,32.982689,132.908325,7915,5265
kumamoto,43,コンビニ,2025-10-01,蔵田匡司セブン－イレブンテレビ熊本前店,熊本市北区山室一丁目１番１０号,32.83876,130.709793,7881,4913
kumamoto,43,コンビニ,2025-10-06,法人番号9330003004485合同会社ｌｉｖｅｒｐｏｏｌセブン－イレブン熊本黒髪５丁目店,熊本市中央区黒髪五丁目１８番８号,32.816708,130.72937,7876,4916
kumamoto,43,コンビニ,2025-10-22,法人番号9330001029682株式会社ＵＹＫローソン熊本手取本町店,熊本市中央区手取本町４番１５,32.802654,130.709198,7872,4913
kumamoto,43,コンビニ,2025-10-30,法人番号5330001004615株式会社ハヤシトレーディングファミリーマート南高江店,熊本市南区南高江一丁目１番１０号,32.757229,130.688049,7861,4910
kumamoto,43,コンビニ,2025-10-31,内藤正太郎ファミリーマート熊本龍田町弓削店,熊本市北区弓削三丁目２４番１０号,32.854942,130.780518,7885,4924
kumamoto,43,コンビニ,2025-10-10,箭木秀作セブン－イレブン山都通潤橋インター店,上益城郡山都町城平１０１３番地１,32.698929,130.990356,7847,4958
kumamoto,43,コンビニ,2025-10-31,三浦由多可ファミリーマート熊本長嶺南店,熊本市東区長嶺南八丁目１番３号,32.817688,130.779434,7876,4924
kumamoto,43,コンビニ,2025-10-27,桑原誠也ローソン人吉上青井店,人吉市上青井町１２８番地６,32.213844,130.755371,7731,4920
kumamoto,43,コンビニ,2025-10-18,法人番号7330003010171ルシエルブルー合同会社セブン－イレブン宇土住吉町店,宇土市住吉町２２４８番１,32.703564,130.594009,7848,4895
kumamoto,43,コンビニ,2025-10-20,甲斐浩セブン－イレブン阿蘇宮地駅前店,阿蘇市一の宮町宮地４７１８番地１,32.937569,131.118805,7905,4979
mie,24,ドラッグ・薬局,2025-10-31,法人番号9290001025414株式会社コスモス薬品ドラッグコスモス一志店,津市一志町日置198番地,34.6605,136.44426,8318,5831
mie,24,ドラッグ・薬局,2025-10-29,法人番号5190001011824株式会社東海セイムスドラッグセイムス多気店,多気郡多気町相可900番地1,34.49762,136.541046,8279,5846
mie,24,コンビニ,2025-10-31,小久保良一ファミリーマート松阪中道町店,松阪市中道町349番地1,34.619694,136.516525,8308,5842
miyagi,04,コンビニ,2025-10-01,佐藤宏人セブン－イレブン仙台岩切駅北店,仙台市宮城野区岩切字洞ノ口82番地の25,38.304066,140.949188,9192,6551
miyagi,04,スーパー,2025-10-01,法人番号5330001002478株式会社杉養蜂園杉養蜂園イオンモール仙台上杉店,仙台市青葉区堤通雨宮町1番1号,38.276791,140.871643,9186,6539
miyagi,04,コンビニ,2025-10-15,後藤生太セブン－イレブン仙台荒町商店街入口店,仙台市若林区荒町106番地1,38.249645,140.881866,9179,6541
miyagi,04,ドラッグ・薬局,2025-10-17,法人番号1430001010672株式会社ツルハツルハドラッグ岩沼南店,岩沼市藤浪二丁目4番11号,38.101955,140.873169,9144,6539
miyagi,04,コンビニ,2025-10-06,遠藤智子ローソン加美中新田大門店,加美郡加美町字大門53番地1,38.57679,140.85408,9258,6536
miyazaki,45,コンビニ,2025-10-30,井上圭一郎セブン－イレブン延岡鶴ケ丘入口店,延岡市塩浜町二丁目１９５７番２,32.542446,131.673706,7810,5067
nagano,20,ドラッグ・薬局,2025-10-31,法人番号5100001011907株式会社モリキアメリカンドラッグ松本並柳店,松本市並柳一丁目１０番１８号,36.211571,137.979446,8690,6076
nagano,20,ドラッグ・薬局,2025-10-30,法人番号5100001011907株式会社モリキアメリカンドラッグ中野豊津店,中野市大字豊津字土浮３３７番地１,36.785805,138.330719,8828,6132
nagasaki,42,コンビニ,2025-10-01,小林靖デイリーヤマザキ長崎平野町店,長崎市平野町１５１番２号,32.77153,129.865143,7865,4778
nagasaki,42,コンビニ,2025-10-01,法人番号4010001008806山崎製パン株式会社デイリーヤマザキ佐世保波佐見店,東彼杵郡波佐見町湯無田郷字カゴ原１３７９番地２,33.148411,129.915741,7955,4786
nagasaki,42,スーパー,2025-10-17,法人番号2140001041812株式会社野々口商店業務スーパー諫早店,諫早市栗面町８１８番地１,32.831787,130.047821,7879,4807
niigata,15,コンビニ,2025-10-01,廣田信ファミリーマート新潟大淵店,新潟市江南区大淵６０３番地４,37.894829,139.145966,9094,6263
niigata,15,コンビニ,2025-10-01,法人番号2013301010706株式会社ファミリーマートファミリーマート新潟バスセンター／Ｓ店,新潟市中央区万代一丁目６番１号,37.916565,139.056198,9099,6248
niigata,15,コンビニ,2025-10-01,法人番号2013301010706株式会社ファミリーマートファミリーマート新潟八千代二丁目店,新潟市中央区八千代二丁目５番２０号,37.916103,139.052414,9099,6248
niigata,15,スーパー,2025-10-20,法人番号2040001000456イオンリテール株式会社イオンリテール株式会社イオンスタイル三条須頃,三条市上須頃５００９番地４,37.636944,138.937607,9032,6230
oita,44,コンビニ,2025-10-27,高橋剛司ファミリーマート大分鶴崎店,大分市大字鶴崎２２００番地１,33.251026,131.685364,7980,5069
oita,44,コンビニ,2025-10-28,松本大祐ファミリーマート大分金池南一丁目店,大分市金池南一丁目６番５号,33.229931,131.606918,7975,5057
okayama,33,コンビニ,2025-10-31,法人番号2013301010706株式会社ファミリーマートファミリーマート岡山中山下店,岡山市北区中山下二丁目2番6号,34.662346,133.927673,8318,5428
okayama,33,コンビニ,2025-10-31,法人番号2013301010706株式会社ファミリーマートファミリーマート岡山辰巳西店,岡山市北区辰巳41番地108,34.639286,133.888641,8313,5422
okayama,33,コンビニ,2025-10-31,西村美紅ファミリーマート岡山内尾店,岡山市南区内尾301番地5,34.602604,133.853424,8304,5416
okayama,33,コンビニ,2025-10-01,嘉數真奈美ローソン岡山神崎町店,岡山市東区神崎町89番地1,34.627998,134.060944,8310,5449
okayama,33,コンビニ,2025-10-01,鶴井理加ローソン倉敷北畝六丁目店,倉敷市北畝6丁目1番28号,34.539928,133.751678,8289,5400
okayama,33,コンビニ,2025-10-31,山本裕樹セブン－イレブンアリオ倉敷店,倉敷市寿町12番2号アリオ倉敷1階,34.603951,133.761246,8304,5401
okayama,33,コンビニ,2025-10-31,法人番号6260001020973株式会社ウインズファミリーマート倉敷西富井店,倉敷市西富井1097番地2,34.573711,133.751633,8297,5400
okayama,33,コンビニ,2025-10-31,石橋伸也ファミリーマート総社小寺店,総社市小寺779番地1,34.693192,133.744675,8326,5399
okayama,33,コンビニ,2025-10-01,藤元亮一ファミリーマート玉野日比店,玉野市日比一丁目2番48号,34.458252,133.922363,8269,5427
okinawa,47,コンビニ,2025-10-17,前黒島智也ローソン糸満阿波根店,糸満市字阿波根１０９０番地５,26.152721,127.680618,6276,4428
okinawa,47,コンビニ,2025-10-31,法人番号3360001000497株式会社沖縄ファミリーマートファミリーマートひめゆり通り店,那覇市壺屋２丁目７番５号,26.214308,127.694618,6291,4431
okinawa,47,コンビニ,2025-10-31,法人番号3360001000497株式会社沖縄ファミリーマートファミリーマート浦添にしばる店,浦添市西原３丁目１番１号,26.257257,127.74118,6301,4438
okinawa,47,コンビニ,2025-10-31,法人番号3360001000497株式会社沖縄ファミリーマートファミリーマート高原小学校前店,沖縄市高原５丁目８番６号,26.323935,127.822517,6317,4451
saga,41,コンビニ,2025-10-01,峰松法子ローソン佐賀金立千布店,佐賀市金立町大字千布２２８７番地,33.303078,130.303955,7992,4848
saga,41,コンビニ,2025-10-14,福田宣綱ローソン唐津神田店,唐津市神田五ノ坪２２６７番地４,33.4333,129.949829,8023,4791
saga,41,コンビニ,2025-10-14,野﨑一良ローソン伊万里つつじヶ丘店,伊万里市大坪町甲２３６４番地６,33.291599,129.899948,7989,4783
saitama,11,コンビニ,2025-10-31,法人番号8030003006827ジョンワークス合同会社ファミリーマート川越伊勢原店,川越市伊勢原町二丁目１番地８,35.919804,139.431229,8620,6308
saitama,11,コンビニ,2025-10-16,法人番号8030001012570株式会社エンドレスローソン川口青木五丁目店,川口市青木五丁目１４番２７号,35.81908,139.72316,8596,6355
saitama,11,スーパー,2025-10-15,法人番号1011801030720株式会社サンベルクススーパーベルクス西川口店,川口市西川口二丁目３番５号西川口ＳＣ１階,35.812355,139.702393,8594,6352
saitama,11,コンビニ,2025-10-31,榎本和生ファミリーマート所沢星の宮店,所沢市星の宮一丁目３番１０号,35.786858,139.461838,8588,6313
saitama,11,コンビニ,2025-10-02,法人番号4010601029887東武商事株式会社ファミリーマートエキア越谷店,越谷市弥生町４番１１号,35.888351,139.785934,8613,6365
saitama,11,ドラッグ・薬局,2025-10-16,法人番号6030001051892株式会社セキ薬品ドラッグストアセキピアシティ南越谷店,越谷市新越谷一丁目３１番地２,35.8731,139.784012,8609,6365
sapporo,01,ドラッグ・薬局,2025-10-01,法人番号9120001030612株式会社コクミンコクミンドラッグ札幌大通西５丁目店,札幌市中央区大通西五丁目８番地昭和ビル１階,43.059536,141.34993,10334,6615
sapporo,01,コンビニ,2025-10-01,法人番号5430001070259株式会社ＮＣＡファミリーマート札幌北２３条西３丁目店,札幌市北区北二十三条西三丁目１番１７号,43.089233,141.344925,10341,6615
sapporo,01,コンビニ,2025-10-01,横田幸子セブン-イレブン北広島輪厚中央５丁目店,北広島市輪厚中央五丁目８番地４,42.940197,141.505066,10305,6640
sapporo,01,コンビニ,2025-10-01,中村将登ローソン札幌宮の森３条一丁目店,札幌市中央区宮の森三条一丁目４番３号,43.066864,141.309784,10336,6609
sapporo,01,コンビニ,2025-10-01,佐々木達哉ローソン札幌宮の森４条十丁目店,札幌市中央区宮の森四条十丁目１番１号,43.060421,141.300232,10334,6608
sapporo,01,コンビニ,2025-10-01,佐々木達哉ローソン札幌山の手６条店,札幌市西区山の手六条七丁目４番２０号,43.071426,141.288086,10337,6606
sapporo,01,コンビニ,2025-10-01,中村将登ローソン札幌二十四軒４条店,札幌市西区二十四軒四条五丁目１０番１号ローヤル琴似１階,43.074509,141.305618,10337,6608
sapporo,01,コンビニ,2025-10-01,佐川和輝ファミリーマートライラックスクエア店,札幌市中央区南十条西一丁目１番４８号ライラックスクエア１階,43.047955,141.356796,10331,6617
sapporo,01,スーパー,2025-10-09,法人番号4140001022100株式会社Ｇ－７スーパーマート業務スーパー二十四軒店,札幌市西区二十四軒四条七丁目１番１２号建物１階及び２階,43.070362,141.304367,10336,6608
sapporo,01,コンビニ,2025-10-01,髙畠学ローソン札幌北郷８条八丁目店,札幌市白石区北郷八条八丁目８番１号,43.064743,141.425949,10335,6628
sapporo,01,コンビニ,2025-10-01,宇佐見祐介ローソン函館中島店,函館市中島町２６番１２号,41.781895,140.744141,10027,6519
sapporo,01,コンビニ,2025-10-01,齊藤潤ローソン函館松川町店,函館市松川町１７番６号,41.784782,140.735703,10028,6517
sapporo,01,コンビニ,2025-10-01,妹尾拓ファミリーマート函館西桔梗町店,函館市西桔梗町５１３番地１,41.825794,140.718033,10038,6514
sapporo,01,コンビニ,2025-10-01,渡辺真紀雄ローソン函館追分町店,函館市追分町６番３８号,41.800724,140.729019,10032,6516
sapporo,01,コンビニ,2025-10-02,法人番号8430002042196有限会社垂水ローソン七飯あかまつ公園前店,亀田郡七飯町鳴川四丁目１番１１号,41.878784,140.704636,10050,6512
sapporo,01,コンビニ,2025-10-23,千葉直恵セブン-イレブン函館北美原店,函館市北美原一丁目７番１号,41.82494,140.748642,10037,6519
sapporo,01,スーパー,2025-10-21,法人番号3430001042508株式会社将軍ジャパン買取大吉マックスバリュ手宮店,小樽市手宮一丁目２番１号マックスバリュ手宮店１階,43.209686,140.99971,10370,6559
sapporo,01,コンビニ,2025-10-16,法人番号2010701019195株式会社ローソンローソン旭川春光４条店,旭川市春光四条四丁目２番地２２,43.800652,142.360992,10512,6777
sapporo,01,ドラッグ・薬局,2025-10-30,法人番号1430001010672株式会社ツルハツルハドラッグ旭川豊岡５条店,旭川市豊岡五条四丁目４番４３号,43.760777,142.402191,10502,6784
sapporo,01,コンビニ,2025-10-23,法人番号4460002003075有限会社丸安蛯原商店セブン-イレブン阿寒町店,釧路市阿寒町中央四丁目１番４７号,43.113239,144.125214,10347,7060
sapporo,01,コンビニ,2025-10-01,大江絵梨ローソン苫小牧大成町店,苫小牧市大成町二丁目１番７号,42.62537,141.572098,10230,6651
sapporo,01,コンビニ,2025-10-23,法人番号7430001084686株式会社ＳｅａＤｒｅａｍｓセブン-イレブン余市富沢店,余市郡余市町富沢町七丁目１９番地１,43.206291,140.770966,10369,6523
sapporo,01,コンビニ,2025-10-01,法人番号1010001088181株式会社セブン－イレブン・ジャパンセブン-イレブン浦幌町店,十勝郡浦幌町字本町１４番地１,42.811783,143.654785,10274,6984
shimane,32,コンビニ,2025-10-15,島田牧子セブン－イレブン浜田黒川町店,浜田市黒川町120番地３,34.900108,132.091354,8376,5134
shimane,32,コンビニ,2025-10-29,上田将吾セブン－イレブン出雲斐川町上直江店,出雲市斐川町上直江1287番地1,35.387703,132.806747,8493,5249
shizuoka,22,コンビニ,2025-10-31,ＴＡＭＡＮＧＲＡＪＫＵＭＡＲファミリーマート清水三保本町店,静岡市清水区三保3266番地の9,35.007992,138.520096,8401,6163
shizuoka,22,コンビニ,2025-10-09,小池秀明セブン－イレブン浜松大原町店,浜松市中央区大原町105番地の3,34.796227,137.736237,8351,6037
shizuoka,22,ドラッグ・薬局,2025-10-14,法人番号9290001025414株式会社コスモス薬品ドラッグコスモス小豆餅店,浜松市中央区小豆餅二丁目22番1号,34.754593,137.726059,8341,6036
shizuoka,22,スーパー,2025-10-20,法人番号3080101001770株式会社マキヤ業務スーパー浜北店,浜松市浜名区西美薗2520番地,34.808968,137.803635,8354,6048
shizuoka,22,コンビニ,2025-10-07,法人番号6080101022632株式会社ＳＥＳマネジメントセブン－イレブン沼津西沢田南店,沼津市西沢田367番地,35.119595,138.84671,8428,6215
shizuoka,22,コンビニ,2025-10-31,坂井秀明ファミリーマート清水町徳倉南店,駿東郡清水町徳倉215番地の8,35.08007,138.899048,8419,6223
shizuoka,22,コンビニ,2025-10-21,法人番号6080103003408コネクトフィールド合同会社セブン－イレブン富士市中島店,富士市中島533番地の1,35.165932,138.652756,8439,6184
shizuoka,22,コンビニ,2025-10-01,袴田武志ミニストップ磐田平松店,磐田市平松534番地の12,34.806381,137.847031,8353,6055
shizuoka,22,コンビニ,2025-10-07,石川朗セブン－イレブン掛川和田店,掛川市和田217番地1,34.746498,138.032043,8339,6085
shizuoka,22,コンビニ,2025-10-31,法人番号5080001026866株式会社ＭＭＣファミリーマート藤枝高柳四丁目店,藤枝市高柳四丁目17番15号,34.841026,138.268723,8361,6122
tochigi,09,スーパー,2025-10-08,法人番号8060001001208株式会社カンセキ業務スーパー上三川店,河内郡上三川町大字上三川４４１０番地１,36.427464,139.91806,8742,6386
tokushima,36,コンビニ,2025-10-10,法人番号8480001009704鈴栄商事株式会社セブン-イレブン徳島北矢三一丁目店,徳島市北矢三町一丁目１９５番地１,34.087612,134.527527,8181,5524
tokyo,13,コンビニ,2025-10-28,法人番号2010401004266エームサービス株式会社セブン－イレブンＡＩＭＮＸグループビル店,千代田区神田和泉町２番地ＮＸグループビル３階,35.69949,139.77948,8567,6364
tokyo,13,コンビニ,2025-10-31,法人番号7010001137239株式会社ヴァリューコーポレーションファミリーマート日本橋本町二丁目店,中央区日本橋本町２丁目６番７号キュロコ日本橋１階１０１号室,35.687943,139.776825,8565,6364
tokyo,13,コンビニ,2025-10-17,法人番号6010501047822株式会社Ｔ＆Ｋファミリーマートザリンクピラー１サウス店,港区高輪２丁目２１番２号ＴＨＥＬＩＮＫＰＩＬＬＡＲ１ＳＯＵＴＨ８階,35.635559,139.739594,8552,6358
tokyo,13,コンビニ,2025-10-01,法人番号5011802028479有限会社マイルストンファミリーマート品川シーサイドレジデンス／Ｓ店,品川区東品川３丁目１０番１号品川シーサイドレジデンスオーシャンウイングＢ棟１階,35.615936,139.749695,8547,6359
tokyo,13,コンビニ,2025-10-01,兪文鈴ファミリーマート大崎三丁目店,品川区大崎３丁目６番６号トキワ新ビル１階,35.62043,139.727127,8548,6356
tokyo,13,コンビニ,2025-10-31,法人番号2011501032537株式会社啓新ファミリーマート飯田橋店,新宿区揚場町２番２１号東ビル１階及び２階,35.702747,139.743256,8568,6358
tokyo,13,コンビニ,2025-10-06,渡邉大也ファミリーマート西新宿五丁目駅前店,新宿区西新宿５丁目２５番１４号ラ・ヴィスタ西新宿１階,35.689693,139.683929,8565,6349
tokyo,13,コンビニ,2025-10-16,佐藤直幸ファミリーマート新宿西落合三丁目店,新宿区西落合３丁目２３番１号,35.72374,139.678116,8573,6348
tokyo,13,コンビニ,2025-10-15,林東升ファミリーマートＥＱＵⅰＡ曳舟店,墨田区東向島２丁目２６番６号東武曳舟駅構内高架下,35.717705,139.816391,8572,6370
tokyo,13,コンビニ,2025-10-02,笹倉裕二朗セブン－イレブン江東枝川２丁目店,江東区枝川２丁目２番８号建物１階,35.659252,139.807388,8558,6369
tokyo,13,コンビニ,2025-10-16,濵畑隆博ファミリーマートニュートンプレイス／Ｓ店,江東区塩浜１丁目４番３３号ニュートンプレイスフォレストミュージアム１階,35.662613,139.800064,8559,6368
tokyo,13,コンビニ,2025-10-02,法人番号1010902014517株式会社丸德ファームファミリーマート西小山ニコニコ通り店,目黒区原町１丁目２番１０号建物１階,35.616848,139.696701,8548,6351
tokyo,13,コンビニ,2025-10-01,法人番号7010403019976合同会社ＰＬＵＳセブン－イレブン馬込桜並木通り店,大田区南馬込４丁目９番４号,35.584995,139.710007,8540,6353
tokyo,13,コンビニ,2025-10-21,立川しおりローソン上池台二丁目店,大田区上池台２丁目４０番１５号ＳＡＫＵＲＡＣＴＥＲＲＡＣＥ１階,35.597229,139.692322,8543,6350
tokyo,13,コンビニ,2025-10-01,富澤宏充セブン－イレブン下丸子多摩堤通り店,大田区下丸子２丁目２８番３号,35.564777,139.689529,8535,6350
tokyo,13,コンビニ,2025-10-01,法人番号7010803005452マリリン合同会社セブン－イレブン大田区矢口店,大田区矢口２丁目１７番２８号前田ビル１階,35.562901,139.69133,8535,6350
tokyo,13,ドラッグ・薬局,2025-10-16,法人番号7180301016951株式会社スギ薬局スギドラッグ千歳船橋店,世田谷区経堂４丁目３２番１２号千歳船橋３９ブロック１階,35.648705,139.628296,8555,6340
tokyo,13,コンビニ,2025-10-01,法人番号2010901033558ＹＡＴＡＩ株式会社ファミリーマート玉川三丁目店,世田谷区玉川３丁目３８番１号,35.616306,139.623611,8547,6339
tokyo,13,コンビニ,2025-10-19,嶋村龍之介セブン－イレブン世田谷奥沢２丁目店,世田谷区奥沢２丁目１１番７号クレインⅢ１階,35.604855,139.671661,8545,6347
tokyo,13,ドラッグ・薬局,2025-10-02,法人番号7180301016951株式会社スギ薬局スギドラッグ中野通り店,中野区中野５丁目６８番８号ライオンズマンション中野第３１階,35.709393,139.665115,8570,6346
tokyo,13,ドラッグ・薬局,2025-10-23,法人番号7180301016951株式会社スギ薬局スギドラッグ中野２丁目店,中野区中野２丁目２６番１０号中村ビル１階及び２階,35.704128,139.666,8568,6346
tokyo,13,コンビニ,2025-10-23,法人番号1011201004713株式会社ブンセブン－イレブン中野中央桃園川店,中野区中野３丁目２９番１０号ＳｕｎＷｅｓｔ１階,35.702282,139.664673,8568,6346
tokyo,13,コンビニ,2025-10-15,林春艶ファミリーマート南池袋明治通り店,豊島区南池袋１丁目１８番２３号ルックハイツ池袋１０１号,35.727222,139.711761,8574,6353
tokyo,13,コンビニ,2025-10-28,佐々木大セブン－イレブン北区昭和町１丁目店,北区昭和町１丁目１番２０号アルブルちとせ尾久駅前１階,35.745644,139.757217,8578,6361
tokyo,13,スーパー,2025-10-29,法人番号9290001072902株式会社トライアルストアーズＴＲＩＡＬＧＯ富士見台駅北店,練馬区貫井１丁目２８番２号ホワイトカウンティ富士見台１階,35.736248,139.630783,8576,6340
tokyo,13,コンビニ,2025-10-31,川原暢ファミリーマート金町六丁目店,葛飾区金町６丁目２番１号ヴィナシス金町ブライトコート１１１１階,35.768021,139.871033,8584,6379
tokyo,13,コンビニ,2025-10-31,法人番号9010601039147株式会社八福屋ファミリーマート立石五丁目店,葛飾区立石５丁目１８番１号,35.744362,139.843887,8578,6375
tokyo,13,コンビニ,2025-10-31,法人番号4010601050728Ｊ隆鑫株式会社ファミリーマート金町理科大学通り店,葛飾区東金町１丁目１３番１号シャンテルミエール１階,35.770565,139.867767,8584,6378
tokyo,13,スーパー,2025-10-03,法人番号8020001069182株式会社クリシマスーパークリシマフォレストモール南大沢店,八王子市南大沢２丁目２５番地フォレストモール南大沢１階１０１区画,35.613148,139.381607,8547,6301
tokyo,13,コンビニ,2025-10-22,法人番号7010101007333株式会社ケイアンドワイセブン－イレブン八王子駅南店,八王子市旭町１番１８号南口第一ビル１階,35.655796,139.336212,8557,6293
tokyo,13,コンビニ,2025-10-01,法人番号1010701027810エイ・ケイ・フランチャイズシステム株式会社ファミリーマート武蔵村山三ツ木店,武蔵村山市三ツ木１丁目３６番地３,35.754612,139.376312,8581,6300
tokyo,13,コンビニ,2025-10-03,法人番号2013301010706株式会社ファミリーマートファミリーマート国分寺本町三丁目店,国分寺市本町３丁目８番１２号エクシードビル１階,35.702957,139.479843,8568,6316
tokyo,13,コンビニ,2025-10-02,法人番号2013402002577有限会社ティー・エム・ケーローソン小金井本町五丁目店,小金井市本町５丁目４０番６号,35.705627,139.503342,8569,6320
tokyo,13,ドラッグ・薬局,2025-10-02,法人番号1040001036939株式会社マツモトキヨシドラッグストアマツモトキヨシ武蔵境南店,武蔵野市境南町２丁目１１番２２号第一飛翔ビル１階,35.698681,139.545425,8567,6327
tokyo,13,コンビニ,2025-10-02,中村さゆりファミリーマート青梅末広町二丁目店,青梅市末広町２丁目２番地の８,35.779167,139.306778,8587,6289
tokyo,13,コンビニ,2025-10-31,宮﨑二三子ファミリーマート多摩瑞穂店,西多摩郡瑞穂町大字二本木９１７番地１,35.789516,139.360397,8589,6297
tokyo,13,コンビニ,2025-10-01,吉田征司セブン－イレブン田無谷戸店,西東京市緑町３丁目５番２８号菅野ビル１階,35.741913,139.54332,8578,6326
tokyo,13,ドラッグ・薬局,2025-10-03,法人番号1012401000634株式会社サンドラッグサンドラッグ保谷北口駅前店,西東京市下保谷４丁目１３番９号マノアビル１階及び２階２０３号室,35.749596,139.567627,8579,6330
tokyo,13,ドラッグ・薬局,2025-10-15,法人番号9290001025414株式会社コスモス薬品ドラッグコスモス芝久保店,西東京市芝久保町２丁目１１番１８号,35.728477,139.528091,8574,6324
tokyo,13,コンビニ,2025-10-31,近藤純子ファミリーマート東久留米本町店,東久留米市本町３丁目２番５号,35.758987,139.530502,8582,6324
yamaguchi,35,コンビニ,2025-10-01,安部大司ファミリーマート下関伊倉店,下関市川中豊町一丁目1番24番,34.000309,130.936432,8160,4949
yamaguchi,35,スーパー,2025-10-14,法人番号8250001014818株式会社ドリームキャッチ買取専門店大吉ゆめタウン長府店,下関市ゆめﾀｳﾝ1番1号,34.029869,131.012619,8167,4962
yamaguchi,35,コンビニ,2025-10-01,竹内東政ファミリーマート岩国尾津町店,岩国市尾津町一丁目12番16号,34.143223,132.21254,8194,5154
yamaguchi,35,コンビニ,2025-10-29,法人番号4250001021033新光商事株式会社ローソン柳井駅西店,柳井市古開作270番地1,33.969158,132.102585,8152,5136
yamanashi,19,コンビニ,2025-10-31,髙石賢一ファミリーマート石和窪中島店,笛吹市石和町窪中島９７番地１,35.646019,138.63472,8555,6181
yamanashi,19,コンビニ,2025-10-16,尾形謙二セブン－イレブン富士吉田新西原店,富士吉田市新西原２丁目２６番３３号,35.481953,138.78537,8515,6205
yamanashi,19,コンビニ,2025-10-31,中山義弘ファミリーマート河口湖インター店,富士吉田市松山１２０８番地,35.481247,138.781158,8515,6204
aichi,23,コンビニ,2025-11-01,劉爽ローソン名東区猪高町店,名古屋市名東区猪子石原三丁目802番地,35.194088,136.992355,8446,5918
aichi,23,スーパー,2025-11-27,法人番号1080101006499マックスバリュ東海株式会社マックスバリュエクスプレス今池駅南店,名古屋市千種区今池三丁目12番20号ＫＡビル,35.165771,136.935867,8439,5909
aichi,23,コンビニ,2025-11-01,法人番号1010001088181株式会社セブン－イレブン・ジャパンセブン－イレブン名古屋稲葉地町店,名古屋市中村区稲葉地町一丁目16番地3,35.168049,136.844803,8440,5895
aichi,23,コンビニ,2025-11-01,法人番号5180003020493合同会社さくらローソンストア100桜通本町店,名古屋市中区丸の内三丁目23番23号リエトコート丸の内1階,35.173599,136.902191,8441,5904
aichi,23,コンビニ,2025-11-14,李長鋒セブン－イレブン名古屋鶴舞駅前店,名古屋市中区千代田五丁目13番24号,35.157906,136.918808,8437,5907
aichi,23,ドラッグ・薬局,2025-11-28,法人番号6200001014428株式会社ユタカファーマシードラッグユタカ八事天道店,名古屋市天白区八事天道1005番地,35.132847,136.961014,8431,5913
aichi,23,コンビニ,2025-11-01,法人番号4010001030181ミニストップ株式会社ミニストップ名古屋小塚店,名古屋市中川区小塚町62番地1,35.138336,136.863892,8433,5898
aichi,23,コンビニ,2025-11-01,法人番号8180002021143有限会社ウエストサイドミニストップ名古屋荒子店,名古屋市中川区荒子二丁目23番地,35.13979,136.860031,8433,5897
aichi,23,コンビニ,2025-11-26,金沢英明ファミリーマートキャッスル尾頭橋／Ｓ店,名古屋市中川区尾頭橋一丁目1番39号,35.144333,136.893326,8434,5902
aichi,23,コンビニ,2025-11-01,法人番号4180301021913ＩＹＰ株式会社ローソン音羽蒲郡インター店,豊川市長沢町流田258番地,34.866631,137.297241,8367,5967
aichi,23,コンビニ,2025-11-01,坂江哲也ファミリーマート国府南店,豊川市小田渕町六丁目91番地,34.824917,137.336288,8357,5973
aichi,23,スーパー,2025-11-07,法人番号8010901017654株式会社アエナアエナイオンモール木曽川店,一宮市木曽川町黒田南八ツケ池25番地1イオンモール木曽川2階,35.349159,136.77359,8483,5883
aichi,23,コンビニ,2025-11-01,遠藤由佳ローソン飛島木場一丁目店,海部郡飛島村木場一丁目19番地1,35.06216,136.817139,8414,5890
aichi,23,コンビニ,2025-11-25,都築住和ローソン刈谷小垣江町店,刈谷市小垣江町中伊勢山25番地1,34.95911,137.004272,8390,5920
aichi,23,ドラッグ・薬局,2025-11-27,法人番号7180301016951株式会社スギ薬局スギドラッグ三河安城南店,安城市三河安城本町一丁目29番地2,34.969593,137.055511,8392,5928
aichi,23,コンビニ,2025-11-30,安藤貴野ファミリーマート安城石井町店,安城市和泉町東山65番地2,34.9212,137.064682,8381,5930
aichi,23,コンビニ,2025-11-10,内山準ファミリーマート豊田高岡本町店,豊田市高岡本町中部350番地4,35.033234,137.080887,8407,5932
aichi,23,コンビニ,2025-11-18,花田龍一ファミリーマート西尾富山町店,西尾市富山町東郷32番地1,34.854839,137.022232,8365,5923
aichi,23,コンビニ,2025-11-01,法人番号7180003014139合同会社オサキセブン－イレブン春日井大留町店,春日井市大留町九丁目4番地1,35.261272,137.02507,8462,5924
aichi,23,ドラッグ・薬局,2025-11-20,法人番号9290001025414株式会社コスモス薬品ドラッグコスモス小牧岩崎店,小牧市尾張都市計画事業小牧岩崎山前土地区画整理事業地内48街区3,35.29044,136.910995,8469,5905
aichi,23,コンビニ,2025-11-26,法人番号4180001122086株式会社ｃｏｌｏｒｆｕｌセブン－イレブン小牧岩崎店,小牧市尾張都市計画事業小牧岩崎山前土地区画整理事業32街区4,35.29044,136.910995,8469,5905
aichi,23,コンビニ,2025-11-30,中村麗子ファミリーマート春日井関田町店,春日井市貴船町167番地,35.248135,136.987778,8459,5918
akita,05,コンビニ,2025-11-30,伊藤奈保子ファミリーマート大曲白金町店,大仙市大曲白金町9番22号,39.465858,140.47403,9471,6475
aomori,02,コンビニ,2025-11-01,川村貴子ローソン青森諏訪沢店,青森市大字諏訪沢字桜川46番地5,40.829746,140.824036,9799,6531
chiba,12,コンビニ,2025-11-01,法人番号9040002007147有限会社たしじゅセブン－イレブン千葉高田町店,千葉市緑区高田町１０７８番地１,35.550655,140.220627,8532,6435
chiba,12,コンビニ,2025-11-26,吉田あきセブン－イレブン幕張本郷２丁目店,千葉市花見川区幕張本郷２丁目１６番２２号,35.667839,140.040695,8560,6406
chiba,12,スーパー,2025-11-11,法人番号2040001000456イオンリテール株式会社イオンスタイル市川コルトンプラザ,市川市鬼高１丁目１番１号ニッケコルトンプラザ本館２階２１２１号,35.715031,139.932663,8571,6389
chiba,12,コンビニ,2025-11-06,野平玉恵ファミリーマート木更津岩根三丁目店,木更津市岩根３丁目２番９号,35.413509,139.93129,8499,6389
chiba,12,コンビニ,2025-11-19,市原優一ファミリーマート長生岩沼店,長生郡長生村岩沼２５８８番地１,35.406975,140.342346,8497,6454
chiba,12,コンビニ,2025-11-01,法人番号4010001030181ミニストップ株式会社ミニストップ千葉ニュータウン原山店,印西市高花１丁目２６番地,35.800655,140.133087,8592,6421
chiba,12,コンビニ,2025-11-19,法人番号1040002051540有限会社佐藤商店セブン－イレブン野田山崎新町店,野田市山崎新町２０番地１８,35.925056,139.895584,8622,6383
chiba,12,コンビニ,2025-11-30,尾形淳ファミリーマート野田中野台店,野田市中野台１０４番地１,35.94825,139.856018,8627,6376
ehime,38,コンビニ,2025-11-01,法人番号6500001013671株式会社レジェンド愛媛ローソン新居浜萩生店,新居浜市萩生１１４１番２号,33.926594,133.261429,8142,5321
ehime,38,スーパー,2025-11-12,法人番号9290001072902株式会社トライアルストアーズスーパーセンタートライアル西条店,西条市喜多川８１１番地１,33.922611,133.17012,8141,5307
fukuoka,40,コンビニ,2025-11-17,黒土知寛ファミリーマート小倉駅北口店,北九州市小倉北区浅野二丁目１３番２３号建物１階,33.888096,130.882217,8133,4941
fukuoka,40,コンビニ,2025-11-01,内田博ファミリーマート博多明治通り店屋町店,福岡市博多区店屋町６番１８号ランダムスクウェア１階,33.596603,130.408463,8063,4865
fukuoka,40,コンビニ,2025-11-18,法人番号9290003006346合同会社Ｋａｗａｒｕセブン－イレブン福岡空港国際線出国ゲート店,福岡市博多区大字青木７３９番地福岡空港国際線旅客ターミナルビル３階,33.587345,130.447281,8060,4871
fukuoka,40,コンビニ,2025-11-01,古賀泰平セブン－イレブン粕屋若宮１丁目店,糟屋郡粕屋町若宮一丁目７番１１号,33.613247,130.473587,8067,4875
fukuoka,40,スーパー,2025-11-06,法人番号9290001098798イオンウエルシア九州株式会社ウエルシアプラス南片江店,福岡市城南区南片江六丁目１８番３０号,33.542942,130.371384,8050,4859
fukuoka,40,ドラッグ・薬局,2025-11-27,法人番号9290001042145株式会社ドラッグイレブンドラッグイレブン荒江３丁目店,福岡市早良区荒江三丁目２６番２５号,33.572113,130.35083,8057,4856
fukuoka,40,コンビニ,2025-11-30,武内由紀ファミリーマート大牟田手鎌店,大牟田市大字手鎌９４６番地１,33.049515,130.444656,7931,4871
fukuoka,40,スーパー,2025-11-12,法人番号9140001029751株式会社マルゼンフーズ業務スーパー桂川店,嘉穂郡桂川町大字寿命４１番１号,33.589031,130.672104,8061,4907
fukuoka,40,コンビニ,2025-11-25,松田久哉ファミリーマート八女新代店,八女郡広川町新代１３３２番地６８,33.254623,130.539383,7981,4886
fukuoka,40,コンビニ,2025-11-25,田鍋成道ローソン西鉄白木原駅店,大野城市白木原一丁目６番６号,33.528473,130.482758,8046,4877
fukushima,07,コンビニ,2025-11-01,法人番号1380002027069有限会社せんいちやローソン郡山鶴見坦三丁目店,郡山市鶴見坦三丁目254番地,37.391605,140.359695,8973,6457
fukushima,07,コンビニ,2025-11-01,法人番号4010001030181ミニストップ株式会社ミニストップ小野新町店,田村郡小野町大字小野新町字中通29番地の1,37.279655,140.632187,8947,6501
fukushima,07,コンビニ,2025-11-28,塩田莉沙セブン－イレブン白河久田野店,白河市久田野城内19番地,37.132427,140.258041,8911,6441
gifu,21,コンビニ,2025-11-30,法人番号8200001038425株式会社Ｌｕｋｅファミリーマート今渡鳴子店,可児市今渡2213番地1,35.42662,137.032303,8502,5925
gifu,21,コンビニ,2025-11-30,法人番号2200001026344かがや株式会社ファミリーマート可児矢戸店,可児市矢戸128番地3,35.401649,137.022766,8496,5923
gumma,10,ドラッグ・薬局,2025-11-04,法人番号9290001025414株式会社コスモス薬品ドラッグコスモス阿左美店,みどり市笠懸町阿左美２００９番地１,36.391003,139.301956,8733,6288
gumma,10,コンビニ,2025-11-01,木島栄一ローソン玉村角渕店,佐波郡玉村町大字角渕５０７０番地１,36.286991,139.117828,8708,6258
hiroshima,34,コンビニ,2025-11-01,法人番号4240001065246Ｈ＆Ｆリテール株式会社ローソン広島八丁堀店,広島市中区八丁堀3番10号,34.396511,132.463074,8255,5194
hiroshima,34,コンビニ,2025-11-05,法人番号4010001008806山崎製パン株式会社デイリーヤマザキ天神川駅南店,広島市南区大州四丁目4番2号,34.389629,132.496445,8253,5199
hiroshima,34,コンビニ,2025-11-27,法人番号1240002018767株式会社モアーモモセブン－イレブン広島紙屋町2丁目店,広島市中区紙屋町二丁目2番2号,34.394661,132.457245,8254,5193
hiroshima,34,コンビニ,2025-11-14,法人番号8240001053247株式会社ファーストスタンダードセブンーイレブン福山曙町１丁目店,福山市曙町一丁目2番26号,34.476376,133.393188,8274,5342
hiroshima,34,コンビニ,2025-11-25,法人番号6240001055872株式会社松岡ローソン福山駅家町近田店,福山市駅家町大字近田428番地1,34.540726,133.313705,8289,5330
hiroshima,34,コンビニ,2025-11-30,生田美香ファミリーマート広島五月が丘店,広島市佐伯区五月が丘二丁目8番29号,34.422855,132.400879,8261,5184
ibaraki,08,コンビニ,2025-11-30,村瀬正一ファミリーマートつくば天久保一丁目店,つくば市天久保一丁目１８番地６,36.094303,140.111176,8662,6417
ibaraki,08,コンビニ,2025-11-01,法人番号4010001030181ミニストップ株式会社ミニストップ常総杉山店,常総市杉山１８３３番地１,36.118504,139.950699,8668,6392
ibaraki,08,ドラッグ・薬局,2025-11-10,法人番号9290001025414株式会社コスモス薬品ドラッグコスモス鴻野山店,常総市鴻野山１６４６番地９,36.113224,139.936111,8667,6389
ibaraki,08,コンビニ,2025-11-30,法人番号2013301010706株式会社ファミリーマートファミリーマート常陸大宮上小瀬店,常陸大宮市上小瀬１４１５番地１,36.61068,140.322083,8786,6451
ibaraki,08,コンビニ,2025-11-30,法人番号7050003002643合資会社Ｋ．Ｆｉｅｌｄファミリーマート神栖知手中央店,神栖市知手中央七丁目８番２５号,35.869686,140.707184,8608,6513
iwate,03,コンビニ,2025-11-04,沢藤正行ファミリーマート盛岡大通り店,盛岡市大通一丁目7番2号,39.702625,141.149124,9528,6583
iwate,03,コンビニ,2025-11-26,小林和幸セブン－イレブン滝沢市役所前店,滝沢市鵜飼向新田23番地2,39.735207,141.084442,9536,6573
iwate,03,コンビニ,2025-11-13,中井競セブン－イレブン花巻西宮野目西店,花巻市西宮野目第9地割35番地15,39.419292,141.110016,9460,6577
iwate,03,コンビニ,2025-11-30,髙橋宏樹ファミリーマート北上立花店,北上市立花9地割74番地1,39.280457,141.133575,9427,6581
kagawa,37,コンビニ,2025-11-01,法人番号4010001030181ミニストップ株式会社ミニストップ久米池店,高松市新田町甲２０９４番地１,34.313263,134.105133,8235,5456
kagawa,37,ドラッグ・薬局,2025-11-08,法人番号9290001025414株式会社コスモス薬品ドラッグコスモス高松三谷店,高松市三谷町３６５番地１,34.265606,134.065094,8223,5450
kagawa,37,コンビニ,2025-11-25,法人番号2010701019195株式会社ローソンローソン高松香川町川東上店,高松市香川町川東上１７９７番地１,34.240543,134.032516,8217,5445
kagawa,37,コンビニ,2025-11-18,法人番号4470001001847四国キヨスク株式会社セブン－イレブン宇多津浜五番丁店,綾歌郡宇多津町浜五番丁６７番地１,34.303493,133.811768,8232,5409
kagoshima,46,コンビニ,2025-11-12,法人番号1340001004122株式会社南九州ファミリーマートファミリーマート薩摩川内田海店,薩摩川内市田海町４０７番地,31.885395,130.319626,7652,4851
kagoshima,46,コンビニ,2025-11-25,法人番号9340002016489有限会社オートパーツセイユーローソン川内平佐町店,薩摩川内市平佐町３６７９番地３,31.822811,130.319733,7637,4851
kanagawa,14,コンビニ,2025-11-21,法人番号4010001008806山崎製パン株式会社デイリーヤマザキ日本大通り駅店,横浜市中区日本大通９番地みなとみらい２１線日本大通り駅地下１階,35.446644,139.641769,8507,6342
kanagawa,14,コンビニ,2025-11-01,坂本智行ファミリーマート横浜希望ヶ丘店,横浜市旭区南希望が丘６７番地,35.453827,139.514267,8508,6322
kanagawa,14,コンビニ,2025-11-01,上門大毅ファミリーマート瀬谷阿久和西四丁目店,横浜市瀬谷区阿久和西４丁目７番地１,35.445465,139.497513,8506,6319
kanagawa,14,コンビニ,2025-11-16,法人番号6021003009558合同会社Ｌ・Ｇ・ＣＭＡＸローソン横浜四季の森店,横浜市旭区上白根町９０２番地９,35.496136,139.531738,8519,6325
kanagawa,14,コンビニ,2025-11-29,法人番号9020003007833合同会社ｙ・ｎセブン－イレブン横浜上白根町店,横浜市旭区上白根町９０４番地１,35.495461,139.529907,8518,6324
kanagawa,14,コンビニ,2025-11-21,法人番号8020002063432有限会社播村ローソン横浜岡村八丁目店,横浜市磯子区岡村８丁目１番７号,35.411678,139.606735,8498,6337
kanagawa,14,コンビニ,2025-11-30,法人番号8020002083595有限会社米八商事ファミリーマート新横浜駅前店,横浜市港北区新横浜２丁目４番地１５太田興産ビル新横浜１階,35.508781,139.616241,8522,6338
kanagawa,14,コンビニ,2025-11-01,神田幸子セブン－イレブン横浜戸塚吉田町店,横浜市戸塚区吉田町６２２番地２,35.406246,139.537949,8497,6326
kanagawa,14,コンビニ,2025-11-13,小池敦セブン－イレブン横浜栄小菅ケ谷４丁目店,横浜市栄区小菅ケ谷４丁目１４番３０号タカミ・エム１階,35.378357,139.552612,8490,6328
kanagawa,14,コンビニ,2025-11-01,法人番号9021002006108有限会社ティーワイプランニングファミリーマート緑つくし野店,横浜市緑区長津田町４２３２番地１,35.520386,139.48912,8524,6318
kanagawa,14,ドラッグ・薬局,2025-11-25,法人番号1040001036939株式会社マツモトキヨシ薬マツモトキヨシ川崎大師駅前店,川崎市川崎区大師駅前１丁目６番４号太田ビル１階及び２階,35.53511,139.72702,8528,6356
kanagawa,14,コンビニ,2025-11-12,中村純平ファミリーマート円行二丁目店,藤沢市円行２丁目１３番１２号,35.392586,139.46051,8494,6313
kochi,39,ドラッグ・薬局,2025-11-07,法人番号8500001015385株式会社西日本セイムスドラッグセイムス高知北本町店,高知市北本町一丁目１０番２６号,33.56638,133.540298,8055,5366
kochi,39,コンビニ,2025-11-30,髙橋博之ファミリーマート高知北本町店,高知市北本町三丁目１番７号,33.564072,133.547974,8055,5367
kochi,39,コンビニ,2025-11-30,法人番号3490002001060有限会社鏡川商事ファミリーマート桟橋通四丁目店,高知市桟橋通四丁目１番３１号,33.545521,133.549606,8050,5367
kochi,39,コンビニ,2025-11-01,木村保乃可ローソン土佐清水旭町店,土佐清水市旭町４５０番地,32.781345,132.960541,7867,5273
kumamoto,43,コンビニ,2025-11-14,法人番号8330002015914株式会社あきん堂ローソン熊本城山半田店,熊本市西区城山半田一丁目９番１５号,32.773849,130.656525,7865,4905
kumamoto,43,コンビニ,2025-11-20,法人番号4010001008806山崎製パン株式会社デイリーヤマザキ熊本改寄町店,熊本市北区改寄町１７６１番４,32.89674,130.710022,7895,4913
kumamoto,43,コンビニ,2025-11-30,待井雄一朗ファミリーマート熊本近見七丁目店,熊本市南区近見七丁目１３番１００号,32.754238,130.691223,7861,4910
kumamoto,43,コンビニ,2025-11-30,佐藤勇ファミリーマート熊本帯山六丁目店,熊本市中央区帯山六丁目８番４８号,32.801437,130.757446,7872,4921
mie,24,スーパー,2025-11-05,法人番号8010901017654株式会社アエナアエナイオンモール津南店,津市高茶屋小森町145番地イオンモール津南2階2004,34.670269,136.517746,8320,5842
mie,24,コンビニ,2025-11-01,王悦臣ローソンいなべ北勢町阿下喜店,いなべ市北勢町阿下喜223番地1,35.151623,136.518906,8436,5843
mie,24,コンビニ,2025-11-19,ＴＡＭＡＮＧＣＨＩＴＲＡＢＡＨＡＤＵＲセブン－イレブン鈴鹿神戸8丁目店,鈴鹿市神戸八丁目33番30号,34.887188,136.584137,8372,5853
miyagi,04,コンビニ,2025-11-25,大野篤志セブン－イレブン大和吉岡上柴崎店,黒川郡大和町吉岡字上柴崎34番地の1,38.442062,140.896194,9226,6543
miyagi,04,コンビニ,2025-11-01,法人番号4010001030181ミニストップ株式会社ミニストップ仙台長嶺店,仙台市太白区長嶺8番6号,38.236504,140.867462,9176,6538
miyagi,04,スーパー,2025-11-18,法人番号3370401000427株式会社ウジエスーパーウジエスーパー広瀬橋店,仙台市太白区長町一丁目7番38号パシフィックマンション広瀬橋1階,38.234676,140.887634,9176,6542
miyagi,04,コンビニ,2025-11-30,松本慶紀ファミリーマート名取高舘吉田店,名取市高舘吉田字野来29番地1,38.180016,140.872589,9163,6539
miyagi,04,ドラッグ・薬局,2025-11-26,法人番号5100001011907株式会社モリキドラッグセイムス石巻東中里店,石巻市東中里二丁目11番12号,38.441231,141.308548,9225,6609
miyagi,04,コンビニ,2025-11-01,法人番号2370202005106有限会社さこうローソン大崎田尻店,大崎市田尻沼部字富岡浦121番地2,38.6077,141.054764,9265,6568
miyagi,04,コンビニ,2025-11-01,法人番号4010001030181ミニストップ株式会社ミニストップ宮城柴田剣崎店,柴田郡柴田町大字下名生字剣水58番地,38.064411,140.804718,9135,6528
miyagi,04,コンビニ,2025-11-01,法人番号4010001030181ミニストップ株式会社ミニストップ角田藤田店,角田市藤田字目角田93番地1,37.981831,140.826187,9115,6532
miyazaki,45,ドラッグ・薬局,2025-11-10,法人番号9290001025414株式会社コスモス薬品ドラッグコスモス神之山店,都城市神之山町１７４５番地,31.753399,131.096634,7620,4975
miyazaki,45,コンビニ,2025-11-11,海北恭平ファミリーマート都城上川東二丁目店,都城市上川東二丁目９号２,31.740034,131.075272,7617,4972
miyazaki,45,コンビニ,2025-11-01,上倉栄治ローソン小林細野店,小林市細野１４９３番地１,31.988426,130.970215,7677,4955
nagasaki,42,スーパー,2025-11-21,法人番号6290001017604イオン九州株式会社マックスバリュ本原店,長崎市扇町４番１号,32.782764,129.869888,7867,4779
nagasaki,42,コンビニ,2025-11-01,神尾彩也香セブン－イレブン諫早上町店,諫早市上町１２２番地,32.841187,130.056625,7881,4809
nagasaki,42,スーパー,2025-11-26,法人番号9290001072902株式会社トライアルストアーズスーパーセンタートライアル佐々店,北松浦郡佐々町市場免７０番地１,33.233646,129.645874,7976,4743
niigata,15,スーパー,2025-11-17,法人番号2110001013962株式会社オーシャンシステム業務スーパー美沢店,長岡市美沢四丁目２０５番１,37.442635,138.865585,8986,6218
niigata,15,コンビニ,2025-11-30,橋彩子ファミリーマート長岡福道店,長岡市福道町３７８番地１,37.473282,138.811279,8993,6209
niigata,15,スーパー,2025-11-01,法人番号8110001025622株式会社魚沼食品工業たかのスーパー,小千谷市本町一丁目１３番２７号,37.309624,138.79863,8954,6207
oita,44,コンビニ,2025-11-10,中北圭亮セブン－イレブン大分下郡山の手店,大分市下郡山の手２１３番地１,33.221905,131.639862,7973,5062
oita,44,コンビニ,2025-11-14,漆間大樹セブン－イレブン大分片島店,大分市大字片島１８０８番地,33.204967,131.641846,7969,5062
oita,44,スーパー,2025-11-01,法人番号4330001025364株式会社トライアルゴルフ＆リゾートトライアル長者原温泉郷,玖珠郡九重町大字田野２５５番３０,33.152756,131.235001,7956,4997
oita,44,コンビニ,2025-11-01,稲村暢康ミニストップ日田下井手町店,日田市下井手町６１番地,33.304901,130.9487,7993,4951
okayama,33,ドラッグ・薬局,2025-11-13,法人番号1500001004428株式会社レデイ薬局くすりのレデイ西古松店,岡山市北区西古松一丁目34番19号,34.647865,133.904785,8315,5424
okayama,33,コンビニ,2025-11-30,法人番号8260001031317株式会社ＥＷＡＲＵファミリーマートマルハチ大安寺店,岡山市北区大安寺南町一丁目7番12号,34.659595,133.891693,8318,5422
okayama,33,コンビニ,2025-11-30,草苅宗継ファミリーマート岡山つしま西坂店,岡山市北区津島西坂二丁目4番20号,34.684135,133.905396,8324,5424
okayama,33,コンビニ,2025-11-19,脇真吾セブン－イレブン備前畠田店,備前市畠田264番地1,34.726017,134.113266,8334,5458
okayama,33,コンビニ,2025-11-21,石井浩之セブン－イレブン総社西郡店,総社市西郡390番地1,34.654739,133.760056,8317,5401
okayama,33,スーパー,2025-11-21,法人番号8010901017654株式会社アエナアエナイオンモール倉敷店,倉敷市水江1番地ｲｵﾝﾓｰﾙ倉敷2階2206区画,34.601658,133.744385,8304,5399
okayama,33,ドラッグ・薬局,2025-11-19,法人番号9290001025414株式会社コスモス薬品ドラッグコスモス津山上河原店,津山市上河原219番地7,35.083778,134.003891,8420,5440
okinawa,47,コンビニ,2025-11-18,法人番号3360001000497株式会社沖縄ファミリーマートファミリーマート那覇泉崎一丁目店,那覇市泉崎１丁目１５番２５号１階,26.211781,127.677055,6290,4428
okinawa,47,コンビニ,2025-11-30,法人番号3360001000497株式会社沖縄ファミリーマートファミリーマート大里目取真店,南城市大里字稲嶺１９０１番地５,26.163086,127.739388,6279,4438
okinawa,47,コンビニ,2025-11-14,桃原拓也ローソン恩納山田店,国頭郡恩納村字山田２４５６番地１１階,26.428755,127.781441,6342,4445
okinawa,47,コンビニ,2025-11-19,宮城賢成ローソン名護宮里店,名護市字宮里１３７３番地２,26.604628,127.975533,6385,4476
okinawa,47,コンビニ,2025-11-27,真喜志淳ファミリーマートカルチャーハイツ名護店,名護市字宇茂佐１７０３番地１０１,26.607536,127.966431,6385,4474
okinawa,47,コンビニ,2025-11-19,佐次田愛ローソン読谷ときわ店,中頭郡読谷村字ときわ１４番地４ＴｏｋｉｗａＴｅｒｒａｃｅＣｏｕｒｔ１階,26.396111,127.744446,6335,4439
okinawa,47,コンビニ,2025-11-21,渡久地賢ファミリーマート沖縄泡瀬店,沖縄市泡瀬４丁目４４番８号,26.316694,127.827873,6316,4452
saga,41,コンビニ,2025-11-25,秋山啓ローソン神埼千代田町下西店,神埼市千代田町下西６４８番地１,33.260437,130.348663,7982,4855
saitama,11,コンビニ,2025-11-01,法人番号4010001030181ミニストップ株式会社ミニストップ川口新堀店,川口市新堀町１０番２４号,35.826061,139.781601,8598,6365
saitama,11,コンビニ,2025-11-07,法人番号1010701035020株式会社ローソンアーバンワークスローソン西川口駅西口店,川口市西川口一丁目７番１号,35.815815,139.703796,8595,6352
saitama,11,コンビニ,2025-11-01,法人番号4010001030181ミニストップ株式会社ミニストップ東浦和店,さいたま市緑区大字大間木１６０２番地１,35.860691,139.707321,8606,6353
saitama,11,コンビニ,2025-11-05,三宅香ファミリーマートさいたま東大門店,さいたま市緑区東大門二丁目１番地５,35.884178,139.737549,8612,6358
saitama,11,コンビニ,2025-11-30,法人番号2013301010706株式会社ファミリーマートファミリーマートさいたま栄和五丁目店,さいたま市桜区栄和五丁目１７番１７号,35.865417,139.615112,8607,6338
saitama,11,コンビニ,2025-11-01,程塚彰一ミニストップ指扇店,さいたま市西区大字指扇４２４番地１,35.912354,139.58107,8618,6332
saitama,11,コンビニ,2025-11-10,後藤大樹ローソンさいたま東宮下団地店,さいたま市見沼区大字東宮下２０３７番地,35.92725,139.675995,8622,6348
saitama,11,コンビニ,2025-11-01,南雲明美ローソン羽生岩瀬店,羽生市中岩瀬１０３３番地１,36.164829,139.527664,8679,6324
saitama,11,コンビニ,2025-11-30,荒張秋広ファミリーマート狭山赤坂店,狭山市大字上赤坂６１９番地２,35.84676,139.466797,8603,6314
saitama,11,コンビニ,2025-11-01,法人番号4010001030181ミニストップ株式会社ミニストップ東松山六反町店,東松山市六反町１５番地１０,36.035446,139.41684,8648,6306
saitama,11,スーパー,2025-11-21,法人番号1290001009110株式会社トライアルカンパニーメガセンタートライアル東松山店,東松山市小松原町１１番地２,36.043678,139.408325,8650,6305
saitama,11,コンビニ,2025-11-01,法人番号6030001092012株式会社サンネクストローソン杉戸本郷店,北葛飾郡杉戸町大字本郷４１７番地２,36.005577,139.754379,8641,6360
saitama,11,コンビニ,2025-11-07,髙橋利行ファミリーマート杉戸清地店,北葛飾郡杉戸町清地一丁目４番１号,36.028339,139.734558,8646,6357
saitama,11,コンビニ,2025-11-07,法人番号9030001072473株式会社ドリームカプセルマーケッツファミリーマート幸手陽光桜通り店,幸手市大字幸手１７４９番地１,36.072754,139.728653,8657,6356
saitama,11,コンビニ,2025-11-14,髙橋利行ファミリーマート久喜東店,久喜市久喜東四丁目２３番６号,36.055229,139.684296,8653,6349
saitama,11,コンビニ,2025-11-30,法人番号2013301010706株式会社ファミリーマートファミリーマート三郷彦川戸店,三郷市彦川戸一丁目２７８番地１,35.8484,139.852478,8603,6376
saitama,11,コンビニ,2025-11-01,大隅龍二ローソン十文字学園女子大学前店,新座市野火止四丁目１４番１６号,35.799316,139.552261,8591,6328
saitama,11,ドラッグ・薬局,2025-11-07,法人番号6030001051892株式会社セキ薬品ドラッグストアセキ新座大和田店,新座市大和田五丁目４番１０号,35.813396,139.558197,8595,6329
sapporo,01,コンビニ,2025-11-04,牧野冬紀ローソン札幌南２条西二丁目店,札幌市中央区南二条西二丁目１１番地５札幌ＮＳビル１階,43.058456,141.355087,10334,6616
sapporo,01,コンビニ,2025-11-27,法人番号2010701019195株式会社ローソンローソン札幌南３条西一丁目店,札幌市中央区南三条西一丁目８番地１０ＣｏｎｎｅｃｔＳａｐｐｏｒｏ１階,43.056946,141.356705,10333,6617
sapporo,01,コンビニ,2025-11-01,大場公彦セブン-イレブン札幌月寒東１条６丁目店,札幌市豊平区月寒東一条六丁目１番２７号,43.032787,141.396149,10327,6623
sapporo,01,コンビニ,2025-11-05,法人番号1430001059743Ｐｉｃｔｕｒｅ株式会社ローソン札幌月寒中央八丁目店,札幌市豊平区月寒中央通八丁目２番１０号建物１階,43.028675,141.397324,10326,6623
sapporo,01,コンビニ,2025-11-16,法人番号8430001085279株式会社ＳＹＯセブン-イレブン札幌前田４条店,札幌市手稲区前田四条八丁目１番１号,43.119514,141.256058,10348,6600
sapporo,01,ドラッグ・薬局,2025-11-27,法人番号1430001010672株式会社ツルハツルハドラッグ南２０条店,札幌市中央区南二十条西十四丁目１番３２号,43.032951,141.338089,10327,6614
sapporo,01,コンビニ,2025-11-01,今良浩セブン-イレブン江別一番町店,江別市一番町３０番地１,43.10833,141.546021,10345,6647
sapporo,01,コンビニ,2025-11-06,福政憲セブン-イレブン札幌厚別東５条店,札幌市厚別区厚別東五条七丁目１２番１５号,43.053993,141.484955,10332,6637
sapporo,01,コンビニ,2025-11-06,法人番号7440002007471有限会社アールアンドシーローソン函館富岡赤川通店,函館市富岡町二丁目２２番１５号,41.800823,140.750259,10032,6520
sapporo,01,ドラッグ・薬局,2025-11-13,法人番号1430001010672株式会社ツルハツルハドラッグ鷹栖店,上川郡鷹栖町北一条二丁目７番３２号,43.847637,142.357056,10523,6777
sapporo,01,スーパー,2025-11-12,法人番号1460001000695株式会社三ッ輪商会業務スーパー旭川東光店,旭川市東光十六条五丁目３番２２号,43.739655,142.403885,10497,6784
sapporo,01,コンビニ,2025-11-27,法人番号9460102001338有限会社ささきセブン-イレブン更別店,河西郡更別村字更別南二線９５番地２０,42.658699,143.197174,10238,6911
sapporo,01,コンビニ,2025-11-01,法人番号9430003006587合同会社青柳商店セブン-イレブン岩見沢大和２条店,岩見沢市大和二条八丁目８番地１,43.187752,141.737579,10365,6678
sapporo,01,コンビニ,2025-11-01,大江絵梨ローソン苫小牧柏木町店,苫小牧市柏木町五丁目２番１０号,42.625637,141.524124,10230,6643
sapporo,01,コンビニ,2025-11-06,小出孝治セブン-イレブン苫小牧拓勇東町店,苫小牧市拓勇東町二丁目１７番２３号,42.669842,141.677017,10240,6668
sapporo,01,ドラッグ・薬局,2025-11-13,法人番号1430001010672株式会社ツルハツルハドラッグ苫小牧若草店,苫小牧市若草町一丁目７番１４号,42.640827,141.610077,10233,6657
shimane,32,コンビニ,2025-11-01,法人番号4280001007194株式会社Ｃｉｅｌｏａｚｕｌローソン益田駅前店,益田市駅前町23番地14,34.677216,131.838043,8322,5094
shizuoka,22,コンビニ,2025-11-05,長村竜之介セブン－イレブン静岡牛妻店,静岡市葵区牛妻714番地の1,35.069588,138.38121,8416,6140
shizuoka,22,コンビニ,2025-11-30,村松祥子ファミリーマート静岡瀬名川店,静岡市葵区瀬名川二丁目28番45号,35.006042,138.426895,8401,6148
shizuoka,22,コンビニ,2025-11-19,疋田遵弥セブン－イレブン湖西白須賀南店,湖西市白須賀425番地の2,34.679131,137.522949,8322,6003
shizuoka,22,コンビニ,2025-11-30,法人番号7080401011631株式会社ユーアンドエスファミリーマート浜松初生テクノロード店,浜松市中央区初生町500番地の1,34.76458,137.728119,8343,6036
shizuoka,22,コンビニ,2025-11-30,法人番号7080401011631株式会社ユーアンドエスファミリーマート浜松城北店,浜松市中央区城北一丁目7番10号,34.717216,137.724197,8332,6035
shizuoka,22,コンビニ,2025-11-11,法人番号2080401000705株式会社遠州日石セブン－イレブン浜松大柳店,浜松市中央区大柳町30番地の1,34.679947,137.754044,8323,6040
shizuoka,22,コンビニ,2025-11-01,法人番号4010001030181ミニストップ株式会社ミニストップ富士中島店,富士市中島105番地の1,35.166386,138.648621,8439,6183
shizuoka,22,コンビニ,2025-11-01,法人番号4010001030181ミニストップ株式会社ミニストップ富士岩本店,富士市岩本819番地の1,35.191467,138.633148,8445,6181
shizuoka,22,コンビニ,2025-11-26,宮川拓也ローソン富士宮淀川町店,富士宮市淀川町17番9号,35.234074,138.599991,8456,6175
shizuoka,22,コンビニ,2025-11-30,村上大志ファミリーマート富士宮山宮店,富士宮市山宮401番地の1,35.264603,138.634781,8463,6181
shizuoka,22,コンビニ,2025-11-30,渡邊彰也ファミリーマート富士大渕店,富士市大渕3579番地の42,35.21468,138.672318,8451,6187
tochigi,09,コンビニ,2025-11-14,法人番号1060002004513ジーエムシー有限会社ファミリーマート宇都宮市文化会館前店,宇都宮市菊水町１４番１４号,36.545643,139.869354,8770,6379
tochigi,09,コンビニ,2025-11-11,茂木克也ファミリーマート足利今福町店,足利市今福町９０７番地１,36.335606,139.43132,8720,6309
tochigi,09,コンビニ,2025-11-17,関口江美ファミリーマート足利伊勢町四丁目店,足利市伊勢町四丁目１８番地１,36.328037,139.458542,8718,6313
tochigi,09,コンビニ,2025-11-17,法人番号2013301010706株式会社ファミリーマートファミリーマート足利常見町三丁目店,足利市常見町三丁目６番地８,36.317089,139.488922,8716,6318
tochigi,09,コンビニ,2025-11-11,法人番号5070002024507有限会社日野屋商店ファミリーマート佐野石塚町店,佐野市石塚町２４２４番地１,36.362743,139.555603,8727,6328
tochigi,09,コンビニ,2025-11-01,法人番号5050001044607ここまーる株式会社ミニストップ大田原富士見店,大田原市富士見一丁目１７６７番地１５,36.851624,140.022079,8844,6403
tokushima,36,コンビニ,2025-11-26,法人番号5480001009566株式会社アライトローソン藍住町住吉店,板野郡藍住町住吉字神蔵６２番地１,34.121742,134.506393,8189,5521
tokushima,36,コンビニ,2025-11-30,法人番号1480001004422株式会社フクヨシファミリーマート阿南富岡店,阿南市富岡町南向１５番地１,33.917225,134.663116,8140,5546
tokushima,36,コンビニ,2025-11-01,法人番号4010001030181ミニストップ株式会社ミニストップ三加茂中庄店,三好郡東みよし町中庄１２２８番地,33.988014,133.972366,8157,5435
tokyo,13,コンビニ,2025-11-20,法人番号4010001105405株式会社常義セブン－イレブン神保町駅前店,千代田区神田神保町１丁目１０３番地東京パークタワー１階１０９号室,35.694244,139.759079,8566,6361
tokyo,13,コンビニ,2025-11-05,中川達史セブン－イレブン麻布台ヒルズ店,港区麻布台１丁目１番２号麻布台ヒルズレジデンスＢ地下１階店舗番号Ｎｏ．Ｂ１－Ｂ１－５及びＢ１－Ｂ１－６,35.662251,139.739304,8558,6358
tokyo,13,コンビニ,2025-11-13,ＭＡＹＺＩＮＣＨＩＴセブン－イレブン南麻布店,港区南麻布２丁目８番１０号ベルナール麻布１階,35.64854,139.735886,8555,6357
tokyo,13,コンビニ,2025-11-01,法人番号2010801016902株式会社スズセンローソン西品川店,品川区西品川３丁目４番４号舘野マンション１階,35.617085,139.723679,8548,6355
tokyo,13,コンビニ,2025-11-11,林穎星ローソン台東西浅草店,台東区西浅草３丁目２１番１号長縄ビル１階,35.715424,139.790604,8571,6366
tokyo,13,コンビニ,2025-11-01,法人番号4010001030181ミニストップ株式会社ミニストップ錦糸公園店,墨田区錦糸３丁目４番７号キノエネビル１階,35.698158,139.814819,8567,6370
tokyo,13,コンビニ,2025-11-21,重元万吉セブン－イレブン江東東雲２丁目店,江東区東雲２丁目１４番１１号,35.63887,139.800476,8553,6368
tokyo,13,コンビニ,2025-11-21,包蓓セブン－イレブン清澄白河駅南店,江東区白河１丁目２番１０号藤和シティホームズ清澄庭園１階,35.681637,139.799332,8563,6367
tokyo,13,コンビニ,2025-11-01,押岡善九朗セブン－イレブン田園調布２丁目店,大田区田園調布２丁目５０番５号星野ビル１階１０１号室,35.59716,139.668243,8543,6346
tokyo,13,コンビニ,2025-11-01,法人番号6011302012370有限会社友好ローソン北沢五丁目店,世田谷区北沢５丁目２４番２７号ヒルトップテラス大山１階,35.670044,139.672272,8560,6347
tokyo,13,コンビニ,2025-11-01,松田美貴セブン－イレブン代官山駅東店,渋谷区恵比寿西１丁目３１番１６号アルス代官山１階１０１,35.648159,139.704803,8555,6352
tokyo,13,コンビニ,2025-11-06,檜谷美智代セブン－イレブン沼袋駅北店,中野区沼袋３丁目２７番１２号並木ビル１階,35.720093,139.663086,8572,6346
tokyo,13,スーパー,2025-11-13,法人番号9290001072902株式会社トライアルストアーズＴＲＩＡＬＧＯ中野中央５丁目店,中野区中央５丁目２番２号建物１階,35.69751,139.666519,8567,6346
tokyo,13,スーパー,2025-11-07,法人番号9290001072902株式会社トライアルストアーズＴＲＩＡＬＧＯ西荻窪駅北店,杉並区西荻北３丁目２１番８号ルフォンリブレ西荻窪１階１０１号室,35.705189,139.600174,8569,6336
tokyo,13,コンビニ,2025-11-01,法人番号6011302012370有限会社友好ローソン大塚駅南口店,豊島区南大塚３丁目５３番１１号今井三菱ビルディング１階,35.730667,139.728928,8575,6356
tokyo,13,コンビニ,2025-11-12,金吉峰セブン－イレブン東十条銀座通り店,北区東十条４丁目４番２３号岩本ビル１階,35.765724,139.727615,8583,6356
tokyo,13,ドラッグ・薬局,2025-11-27,法人番号1040001036939株式会社マツモトキヨシドラッグストアマツモトキヨシ足立六町店,足立区六町３丁目１０番６号建物１階,35.786957,139.816971,8588,6370
tokyo,13,ドラッグ・薬局,2025-11-07,法人番号7180301016951株式会社スギ薬局スギドラッグ東四つ木店,葛飾区東四つ木４丁目３２番１５号建物１階,35.732693,139.842896,8575,6374
tokyo,13,コンビニ,2025-11-30,法人番号8011702016671株式会社キャメロットファミリーマート鹿骨五丁目店,江戸川区鹿骨５丁目３９番４号,35.717758,139.88385,8572,6381
tokyo,13,コンビニ,2025-11-30,法人番号2013401004979株式会社こうとくファミリーマート国立駅南口店,国立市東１丁目４番８号国立セントラルビル１階,35.698589,139.447876,8567,6311
tokyo,13,コンビニ,2025-11-30,法人番号2013301010706株式会社ファミリーマートファミリーマート武蔵村山大南通り店,武蔵村山市大南３丁目８９番地１,35.735256,139.404068,8576,6304
tokyo,13,コンビニ,2025-11-01,法人番号7011101021530ヤマヒロ株式会社ローソン武蔵野桜堤二丁目店,武蔵野市桜堤２丁目７番２９号,35.709976,139.533295,8570,6325
tokyo,13,スーパー,2025-11-06,法人番号4290001110641株式会社ＳＴリテールトライアル西友花小金井店,小平市花小金井１丁目２番２３号建物１階及び２階,35.727371,139.511627,8574,6321
tottori,31,コンビニ,2025-11-01,法人番号2010701019195株式会社ローソンローソン米子大高店,米子市尾高2779番地1,35.420479,133.408875,8500,5345
tottori,31,コンビニ,2025-11-06,法人番号2010701019195株式会社ローソンローソン・ポプラ湯梨浜松崎店,東伯郡湯梨浜町松崎370番地31,35.471066,133.90329,8513,5424
tottori,31,コンビニ,2025-11-20,法人番号9270001009294株式会社スカイブルーセブン－イレブン倉吉秋喜店,倉吉市秋喜495番地１,35.4286,133.795258,8502,5407
yamagata,06,コンビニ,2025-11-01,大泉信一ローソン山形下条二丁目店,山形市下条町二丁目15番22号,38.261871,140.324005,9182,6451
yamaguchi,35,コンビニ,2025-11-25,法人番号9250001007861株式会社ＲＵＮローソン下関吉見新町店,下関市吉見新町一丁目1番10号,34.070999,130.900848,8177,4944
yamanashi,19,コンビニ,2025-11-01,白石富士夫ローソン南アルプス野牛島店,南アルプス市野牛島１８４５番地８６,35.664215,138.487762,8559,6158
yamanashi,19,コンビニ,2025-11-07,法人番号5090002003608有限会社一縁セブン－イレブン甲斐篠原店,甲斐市篠原７５８番地２,35.648705,138.52774,8555,6164
yamanashi,19,コンビニ,2025-11-20,丸谷章洋ファミリーマートＡＢＣ甲斐敷島／Ｓ店,甲斐市中下条２０１２番地１建物１階,35.680138,138.534332,8563,6165
yamanashi,19,ドラッグ・薬局,2025-11-27,法人番号9290001025414株式会社コスモス薬品ドラッグコスモス下吉田東店,富士吉田市下吉田東２丁目９番７号,35.490734,138.814941,8517,6210
aichi,23,コンビニ,2025-12-01,法人番号4010001030181ミニストップ株式会社ミニストップ覚王山駅前店,名古屋市千種区末盛通1丁目17番地4,35.166801,136.954529,8440,5912
aichi,23,コンビニ,2025-12-01,法人番号4010001030181ミニストップ株式会社ミニストップ吉根店,名古屋市守山区桔梗平一丁目2507番地,35.230644,136.996109,8455,5919
aichi,23,スーパー,2025-12-02,法人番号1080101006499マックスバリュ東海株式会社マックスバリュエクスプレス平安通駅前店,名古屋市北区平安二丁目1番10号第五水光ビル1階,35.196484,136.929916,8447,5908
aichi,23,スーパー,2025-12-02,法人番号1080101006499マックスバリュ東海株式会社マックスバリュエクスプレス大曽根駅西店,名古屋市北区大曽根三丁目4番14号ポルト大曽根1階Ｂ号室,35.191231,136.933517,8445,5909
aichi,23,コンビニ,2025-12-01,法人番号1010001088181株式会社セブン－イレブン・ジャパンセブン－イレブン熱田神宮前店,名古屋市熱田区神宮三丁目7番1号,35.12542,136.91153,8430,5905
aichi,23,コンビニ,2025-12-26,法人番号2013301010706株式会社ファミリーマートファミリーマート鶴見通二丁目店,名古屋市南区鶴見通二丁目2番地6,35.075203,136.913788,8418,5906
aichi,23,コンビニ,2025-12-01,法人番号4010001030181ミニストップ株式会社ミニストップ西日置店,名古屋市中川区西日置一丁目3番地8,35.157272,136.891357,8437,5902
aichi,23,コンビニ,2025-12-10,法人番号5180001114702Ｍｉ－ＲＡＩＺ株式会社ファミリーマート木場インター北店,名古屋市港区木場町8番地の67,35.100388,136.896713,8424,5903
aichi,23,コンビニ,2025-12-01,法人番号4180301021913ＩＹＰ株式会社ローソン豊川森店,豊川市森六丁目28番地1,34.821545,137.331848,8357,5973
aichi,23,コンビニ,2025-12-01,鈴木翔子ファミリーマート豊橋中郷店,豊橋市中郷町5番地,34.753628,137.380081,8340,5980
aichi,23,コンビニ,2025-12-01,足立圭子ファミリーマート豊橋岩屋町店,豊橋市岩屋町字岩屋下38番地4,34.736202,137.424103,8336,5987
aichi,23,コンビニ,2025-12-01,法人番号1010001088181株式会社セブン－イレブン・ジャパンセブン－イレブン田原古田町店,田原市古田町梔原242番地,34.628456,137.111206,8310,5937
aichi,23,ドラッグ・薬局,2025-12-01,法人番号7180301016951株式会社スギ薬局スギドラッグ豊川北店,豊川市本野町東浦9番地1,34.838722,137.38327,8361,5981
aichi,23,コンビニ,2025-12-01,山田ルミ子ローソン岡崎柳ヶ坪店,岡崎市土井町字柳ヶ坪22番地1,34.91795,137.133286,8380,5941
aichi,23,コンビニ,2025-12-18,法人番号1180001149727株式会社楽七楽座セブン－イレブン東海市元浜町店,東海市元浜町13番地,35.011852,136.880676,8402,5900
aichi,23,コンビニ,2025-12-01,杉浦健太ローソン甚目寺坂牧東店,あま市坂牧大塚65番地1,35.18412,136.830338,8444,5892
aichi,23,コンビニ,2025-12-01,早川喜清ファミリーマート津島市民病院前店,津島市橘町三丁目39番地1,35.174374,136.736496,8441,5877
aichi,23,コンビニ,2025-12-01,法人番号4010001030181ミニストップ株式会社ミニストップ津島昭和町店,津島市昭和町一丁目30番地,35.179054,136.727509,8442,5876
aichi,23,スーパー,2025-12-08,法人番号1080101006499マックスバリュ東海株式会社マックスバリュ高浜呉竹店,高浜市呉竹町六丁目1番地25,34.939137,136.988678,8385,5918
aichi,23,コンビニ,2025-12-11,法人番号1190001028500株式会社愛知サンマウスファミリーマートキャッスル高浜／Ｓ店,高浜市稗田町四丁目6番地,34.921997,136.991165,8381,5918
aichi,23,コンビニ,2025-12-01,村山亮輔ファミリーマート豊田豊栄町六丁目店,豊田市豊栄町六丁目280番地1,35.039379,137.15451,8409,5944
aichi,23,コンビニ,2025-12-01,法人番号4010001030181ミニストップ株式会社ミニストップ吉良上横須賀店,西尾市吉良町上横須賀雑役免112番地3,34.81926,137.071625,8356,5931
aichi,23,コンビニ,2025-12-01,大藤隆行ローソン江南団地南店,江南市前飛保町藤町47番地1,35.34948,136.860214,8483,5897
aichi,23,コンビニ,2025-12-03,勝野慎市ファミリーマート犬山駅東店,犬山市中山町二丁目53番地,35.375591,136.949097,8490,5911
aichi,23,コンビニ,2025-12-26,中村文一ファミリーマート江南東野町店,江南市東野町鐘鋳山183番地,35.34037,136.862762,8481,5898
akita,05,コンビニ,2025-12-22,佐々木廉泰セブン－イレブン能代南インター店,能代市浅内字浅内堤下118番地3,40.159306,140.018311,9638,6402
aomori,02,コンビニ,2025-12-01,法人番号4010001030181ミニストップ株式会社ミニストップ売市2丁目店,八戸市売市二丁目1番9号,40.507595,141.476974,9721,6636
aomori,02,コンビニ,2025-12-10,田中誠ファミリーマート八戸ひまわり／Ｓ店,八戸市大字長苗代字内舟渡66番地2,40.515926,141.465607,9723,6634
aomori,02,コンビニ,2025-12-01,法人番号2420002015159有限会社ＯＤＡＧＩＲＩローソン鰺ヶ沢駅前店,西津軽郡鰺ヶ沢町大字舞戸町字下富田29番地44,40.775299,140.21843,9786,6434
aomori,02,コンビニ,2025-12-01,法人番号2420002015159有限会社ＯＤＡＧＩＲＩローソン鰺ヶ沢店,西津軽郡鰺ヶ沢町大字舞戸町字西禿23番地10,40.777225,140.226639,9786,6436
chiba,12,コンビニ,2025-12-01,小林広昌ローソン千葉西都賀店,千葉市若葉区西都賀１丁目１７番２３号,35.636555,140.145844,8552,6423
chiba,12,コンビニ,2025-12-01,佐藤直彦ファミリーマート花見川畑町店,千葉市花見川区畑町５８７番地１,35.65995,140.091125,8558,6414
chiba,12,コンビニ,2025-12-01,法人番号1040002047712有限会社ナツイエナジーローソン舞浜店,浦安市富士見３丁目２３番５号コートドリビエール１階,35.645016,139.887131,8554,6381
chiba,12,コンビニ,2025-12-23,法人番号2013301010706株式会社ファミリーマートファミリーマート船橋習志野四丁目店,船橋市習志野４丁目８番１２号,35.703114,140.061707,8568,6409
chiba,12,コンビニ,2025-12-01,新野尾裕司ローソン鎌ケ谷中央店,鎌ケ谷市中央１丁目８番８号,35.774258,140.000626,8585,6400
chiba,12,コンビニ,2025-12-01,法人番号2010701019195株式会社ローソンローソン鎌ケ谷初富店,鎌ケ谷市初富８５５番地５,35.779579,140.022568,8587,6403
chiba,12,コンビニ,2025-12-19,法人番号9040001108359株式会社貴翔セブン－イレブン香取与倉店,香取市与倉８５４番地３,35.875973,140.47905,8610,6476
chiba,12,コンビニ,2025-12-01,渡辺剛ローソン佐倉宮ノ台一丁目店,佐倉市宮ノ台１丁目２番地２建物１階,35.741653,140.149109,8577,6423
chiba,12,コンビニ,2025-12-11,ＫＹＡＷＳＷＡＲＨＴＥＴセブン－イレブン富里七栄店,富里市七栄２９５番地３,35.736439,140.32225,8576,6451
chiba,12,コンビニ,2025-12-01,熊田秀夫デイリーヤマザキ柏高田店,柏市高田８３８番地３,35.874603,139.961853,8609,6393
ehime,38,コンビニ,2025-12-05,茂川貴宏ファミリーマート松山西石井店,松山市西石井五丁目２０３番地１,33.813786,132.771423,8115,5243
ehime,38,コンビニ,2025-12-23,中矢英治セブン－イレブン松山古川ＩＣ店,松山市井門町１５０４番地１,33.796879,132.777222,8111,5244
ehime,38,コンビニ,2025-12-02,法人番号3500001019168株式会社檜垣商店ローソン今治馬越町三丁目店,今治市馬越町三丁目３番３０－１号,34.057076,132.979874,8173,5276
fukui,18,コンビニ,2025-12-15,法人番号7220001013773株式会社グリーン・デイファミリーマート小浜山王前店,小浜市山王前２丁目５番３号,35.510212,135.755493,8522,5720
fukuoka,40,ドラッグ・薬局,2025-12-11,法人番号9290001025414株式会社コスモス薬品ドラッグコスモス大里店,北九州市門司区大里戸ノ上二丁目７番１号,33.905003,130.940811,8137,4950
fukuoka,40,スーパー,2025-12-10,法人番号8010901017654株式会社アエナアエナイオンモール福岡店,糟屋郡粕屋町大字酒殿字老ノ木１９２番地１イオンモール福岡１階,33.596455,130.480286,8063,4876
fukuoka,40,コンビニ,2025-12-16,法人番号7290003002578合資会社ＴＫＲローソン志免片峰中央１丁目店,糟屋郡志免町片峰中央一丁目４番１号,33.586491,130.474396,8060,4875
fukuoka,40,スーパー,2025-12-03,法人番号9290001072902株式会社トライアルストアーズＴＲＩＡＬＧＯ小笹４丁目店,福岡市中央区小笹四丁目５番１１号エンクレストガーデン福岡Ａ棟１階,33.569885,130.385193,8056,4861
fukuoka,40,ドラッグ・薬局,2025-12-24,法人番号9240001021698株式会社ツルハグループドラッグ＆ファーマシー西日本ツルハドラッグ大橋駅前店,福岡市南区大橋一丁目２番１５号建物１階及び２階,33.559555,130.426773,8054,4868
fukuoka,40,コンビニ,2025-12-24,岩下弘彰ローソンＳ天神ブリッククロス店,福岡市中央区天神一丁目１４番１８号天神ブリッククロス北棟地下１階,33.592831,130.40094,8062,4864
fukuoka,40,コンビニ,2025-12-03,法人番号1010001088181株式会社セブン－イレブン・ジャパンセブン－イレブン前原北新地店,糸島市前原北一丁目６番２２号,33.56237,130.195084,8054,4831
fukuoka,40,コンビニ,2025-12-09,法人番号7290001091821株式会社ＲＩＳＥセブン－イレブン福岡別府５丁目店,福岡市城南区別府五丁目２４番２０号,33.571743,130.36232,8057,4857
fukuoka,40,コンビニ,2025-12-03,坂元那帆ファミリーマート陸上自衛隊幹部候補生学校店,久留米市高良内町２７２８番地,33.290215,130.54744,7989,4887
fukuoka,40,ドラッグ・薬局,2025-12-07,法人番号9290001044133株式会社ドラッグストアモリドラッグストアモリ直方駅前店,直方市古町５番１０号,33.748425,130.728561,8099,4916
fukuoka,40,コンビニ,2025-12-16,村岡福太郎ローソン太宰府吉松三丁目店,太宰府市吉松三丁目２１番１号,33.51355,130.488235,8043,4878
fukuoka,40,コンビニ,2025-12-31,法人番号4010001030181ミニストップ株式会社ミニストップ筑紫野塔原店,筑紫野市塔原東四丁目５番１４号,33.498913,130.509781,8039,4881
fukushima,07,コンビニ,2025-12-01,宗像善光ファミリーマート郡山緑町店,郡山市緑町1番1号,37.399628,140.363602,8975,6458
fukushima,07,コンビニ,2025-12-01,鈴木衛ファミリーマートいわき鹿島久保店,いわき市鹿島町久保二丁目10番地の6,36.988216,140.903702,8877,6544
fukushima,07,ドラッグ・薬局,2025-12-02,法人番号1430001010672株式会社ツルハツルハドラッグいわき下神谷店,いわき市平下神谷字仲田98番地の1,37.074886,140.953781,8897,6552
gifu,21,コンビニ,2025-12-31,法人番号2013301010706株式会社ファミリーマートファミリーマート真正町店,本巣市軽海969番地2,35.427628,136.658371,8502,5865
hiroshima,34,ドラッグ・薬局,2025-12-04,法人番号1012401000634株式会社サンドラッグサンドラッグ広島堀越店,広島市南区堀越二丁目5番15号,34.374477,132.515854,8249,5202
hiroshima,34,コンビニ,2025-12-01,法人番号5240001056657株式会社ポプラリテールローソン千代田インター店,山県郡北広島町有田1015番地1,34.669559,132.528076,8320,5204
hiroshima,34,コンビニ,2025-12-08,小村明弘ファミリーマートメガガイア可部／Ｓ店,広島市安佐北区三入四丁目1番1号,34.546059,132.536484,8291,5205
hiroshima,34,コンビニ,2025-12-01,法人番号3240001065395株式会社ＢＬＯＯＭローソン広島上瀬野店,広島市安芸区上瀬野二丁目10番10号,34.423878,132.617249,8261,5218
ibaraki,08,スーパー,2025-12-10,法人番号9021001013831ブックオフコーポレーション株式会社ブックオフスーパーバザー水戸姫子店,水戸市姫子二丁目７６９番地４,36.37907,140.425064,8730,6468
ibaraki,08,ドラッグ・薬局,2025-12-02,法人番号9290001025414株式会社コスモス薬品ドラッグコスモスつくば高山店,つくば市高山Ｄ３９街区４画地,35.990257,140.137253,8637,6421
ibaraki,08,コンビニ,2025-12-11,法人番号2013301010706株式会社ファミリーマートファミリーマートつくば若栗店,つくば市若栗１２８２番地５,36.012653,140.103256,8643,6416
ibaraki,08,コンビニ,2025-12-28,川尻卓義ファミリーマート土浦摩利山新田店,土浦市摩利山新田２７０番地４,36.039406,140.175674,8649,6428
ibaraki,08,コンビニ,2025-12-01,新藤雅之ミニストップ水海道坂手町店,常総市坂手町５５４７番地４,36.013775,139.951279,8643,6392
ibaraki,08,スーパー,2025-12-16,法人番号8010901017654株式会社アエナアエナイオンタウン守谷店,守谷市百合ケ丘三丁目２４９番地１イオンタウン守谷１階,35.945404,139.992081,8626,6398
ibaraki,08,ドラッグ・薬局,2025-12-15,法人番号9290001025414株式会社コスモス薬品ドラッグコスモス勝田中原店,ひたちなか市勝田中原町２番１８号,36.392284,140.517868,8734,6482
ishikawa,17,コンビニ,2025-12-05,長谷川壽彦セブン－イレブン野々市本町５丁目店,野々市市本町５丁目２番１０号,36.532059,136.610291,8767,5857
kagawa,37,コンビニ,2025-12-01,法人番号4010001030181ミニストップ株式会社ミニストップ高松大池南店,高松市木太町５０９３番地６,34.308174,134.064026,8233,5450
kagawa,37,コンビニ,2025-12-01,今川祐輔ローソン琴平町榎井店,仲多度郡琴平町榎井７０６番地５,34.19009,133.828033,8205,5412
kagawa,37,ドラッグ・薬局,2025-12-25,法人番号9290001025414株式会社コスモス薬品ドラッグコスモス多度津庄店,仲多度郡多度津町大字庄１０１３番地１,34.258781,133.756699,8222,5401
kagoshima,46,コンビニ,2025-12-05,法人番号9340002016489有限会社オートパーツセイユーローソン薩摩川内隈之城町店,薩摩川内市隈之城町３８番１,31.798189,130.308655,7631,4849
kagoshima,46,コンビニ,2025-12-01,法人番号4340002007352有限会社西康ローソン指宿宮ケ浜店,指宿市西方４６５７番地,31.276091,130.620758,7506,4899
kagoshima,46,コンビニ,2025-12-01,今村裕稀ファミリーマートいぶすき山川店,指宿市山川小川１３３４番地１,31.200739,130.606766,7488,4897
kanagawa,14,コンビニ,2025-12-20,法人番号8020001122123幸和商事株式会社ファミリーマート鶴見仲通店,横浜市鶴見区仲通１丁目４番地７豊家マンション１階,35.501736,139.685654,8520,6349
kanagawa,14,コンビニ,2025-12-01,内田幸恵ローソン西ひかりが丘店,横浜市旭区上白根町１３５４番地４０,35.503353,139.527573,8520,6324
kanagawa,14,コンビニ,2025-12-01,法人番号4010001030181ミニストップ株式会社ミニストップ星川駅北口店,横浜市保土ケ谷区川辺町６番地３,35.459583,139.594421,8510,6335
kanagawa,14,コンビニ,2025-12-02,法人番号8050003002139合同会社アフェクト北関東ファミリーマート保土ヶ谷駅西口店,横浜市保土ケ谷区岩井町１６番地１シヤトー・ダイアナ１階,35.446247,139.598434,8507,6335
kanagawa,14,コンビニ,2025-12-16,法人番号1020001035232相鉄ステーションリテール株式会社ファミリーマート相鉄鶴ヶ峰駅改札外／Ｓ店,横浜市旭区鶴ケ峰２丁目７８番地,35.474918,139.54921,8513,6327
kanagawa,14,コンビニ,2025-12-19,法人番号8020001122123幸和商事株式会社ファミリーマート瀬谷相沢店,横浜市瀬谷区相沢２丁目６番地１,35.471775,139.489639,8513,6318
kanagawa,14,コンビニ,2025-12-15,曽我康彦ファミリーマート磯子願行寺前店,横浜市磯子区中原２丁目１０番１３号,35.388069,139.614532,8493,6338
kanagawa,14,コンビニ,2025-12-05,笠井泰造セブン－イレブン横浜日吉本町２丁目店,横浜市港北区日吉本町２丁目４番４号,35.554092,139.640121,8532,6342
kanagawa,14,コンビニ,2025-12-01,法人番号7020001117826株式会社エル・ティーエフローソン・スリーエフ栄飯島店,横浜市栄区飯島町９２番地１飯島ビル１階,35.367413,139.532852,8488,6325
kanagawa,14,コンビニ,2025-12-15,法人番号8010901029609ベネレイト株式会社ファミリーマートセンター北駅前店,横浜市都筑区中川中央１丁目３７番９号ＴＮＫビル１階,35.555576,139.57933,8533,6332
kanagawa,14,コンビニ,2025-12-01,小林貴紀セブン－イレブン川崎宮崎台駅前店,川崎市宮前区宮崎２丁目８番地９ＭＭビル１階,35.587704,139.591187,8541,6334
kanagawa,14,コンビニ,2025-12-01,法人番号2010701019195株式会社ローソンローソン向ヶ丘遊園駅前店,川崎市多摩区登戸２７１０番地１第６井出ビル１階,35.616009,139.564774,8547,6330
kanagawa,14,コンビニ,2025-12-01,法人番号9010001158976株式会社サザンツリーローソン横須賀鷹取店,横須賀市鷹取２丁目１９番３号,35.312859,139.617737,8475,6338
kanagawa,14,コンビニ,2025-12-10,法人番号9021001022790株式会社ファーストセブン－イレブン秦野富士見町店,秦野市富士見町６番２８号,35.378704,139.211182,8490,6273
kanagawa,14,コンビニ,2025-12-31,片瀨弘之ファミリーマート秦野中井インター店,秦野市西大竹６９２番地１,35.355755,139.235779,8485,6277
kanagawa,14,ドラッグ・薬局,2025-12-18,法人番号7180301016951株式会社スギ薬局スギドラッグ鎌倉駅前店,鎌倉市小町１丁目４番３１号,35.31852,139.55127,8476,6328
kanagawa,14,コンビニ,2025-12-04,卯辰健裕セブン－イレブン藤沢長後北店,藤沢市長後１２２３番地の１,35.424061,139.466064,8501,6314
kanagawa,14,コンビニ,2025-12-01,法人番号4021001017952あらすてき化粧品株式会社ファミリーマート相模原麻溝小前店,相模原市南区当麻１３６４番地１,35.527561,139.37384,8526,6299
kanagawa,14,コンビニ,2025-12-16,生見葉子ファミリーマート相模原東原宿店,相模原市緑区原宿１丁目３番１１号,35.599075,139.313461,8543,6290
kanagawa,14,スーパー,2025-12-19,法人番号3040001015833マックスバリュ関東株式会社マックスバリュエクスプレス相模大野店,相模原市南区相模大野４丁目４番３号プラウドタワー相模大野クロス１階,35.53363,139.434601,8528,6309
kanagawa,14,コンビニ,2025-12-26,法人番号7021001039622株式会社ネクサス・コーポレーションセブン－イレブン厚木妻田南１丁目店,厚木市妻田南１丁目１６番３５号,35.452835,139.359741,8508,6297
kochi,39,コンビニ,2025-12-01,寺田真人ローソン四万十具同バイパス店,四万十市具同３２８７番地,32.976681,132.912033,7914,5265
kumamoto,43,コンビニ,2025-12-01,法人番号1330002021927株式会社藤九リテールセブン－イレブン玉名駅東店,玉名市亀甲４７番地１,32.926472,130.553375,7902,4888
kumamoto,43,コンビニ,2025-12-01,法人番号1290001013566ＪＲ九州リテール株式会社ファミリーマート合志御代志店,合志市御代志１８５６番地１,32.887764,130.744095,7893,4919
mie,24,コンビニ,2025-12-03,法人番号9190001022594株式会社オキザリスファミリーマート四日市三交ビル店,四日市市浜田町4番20号,34.965565,136.6203,8391,5859
mie,24,コンビニ,2025-12-01,法人番号4010001030181ミニストップ株式会社ミニストップ松阪松ヶ崎駅前店,松阪市塚本町150番地1,34.5961,136.519485,8303,5843
mie,24,スーパー,2025-12-26,法人番号8010901017654株式会社アエナアエナイオンモール東員店,員弁郡東員町大字長深字築田510番地1イオンモール東員1階1015区画,35.061817,136.57991,8414,5852
miyagi,04,コンビニ,2025-12-01,法人番号4010001030181ミニストップ株式会社ミニストップ仙台六丁の目店,仙台市若林区六丁の目中町27番40号,38.251705,140.945786,9180,6551
miyazaki,45,コンビニ,2025-12-04,法人番号1340001004122株式会社南九州ファミリーマートファミリーマート宮崎あみーろーど店,宮崎市広島二丁目１２番２０号１階,31.915276,131.43045,7659,5028
miyazaki,45,コンビニ,2025-12-08,今元諒ファミリーマート三股たで池店,北諸県郡三股町大字蓼池３６３６番地１,31.756523,131.114685,7621,4978
miyazaki,45,コンビニ,2025-12-23,法人番号8350001015525株式会社笑和楽セブン－イレブン都城姫城町店,都城市姫城町３１０２番地３,31.716867,131.065338,7612,4970
miyazaki,45,コンビニ,2025-12-01,西府孝俊ローソン都農境ケ谷店,児湯郡都農町大字川北１４７６８番地１,32.277332,131.504211,7746,5040
nagasaki,42,コンビニ,2025-12-01,法人番号4010001008806山崎製パン株式会社デイリーヤマザキ長崎住吉町店,長崎市住吉町１６４９番,32.792992,129.860397,7870,4777
nagasaki,42,ドラッグ・薬局,2025-12-26,法人番号9290001044133株式会社ドラッグストアモリドラッグストアモリ時津東店,西彼杵郡時津町浜田郷７３１番地５,32.831322,129.86142,7879,4777
nagasaki,42,コンビニ,2025-12-12,松田忍ファミリーマート諫早駅東口店,諫早市永昌東町１０番１－１０１号,32.85202,130.042831,7884,4806
oita,44,コンビニ,2025-12-01,法人番号6320001005687株式会社ｄａｋｏｍａローソン大分松岡小学校前店,大分市大字松岡５０８４番地１,33.183014,131.66713,7963,5066
oita,44,ドラッグ・薬局,2025-12-08,法人番号9290001044133株式会社ドラッグストアモリドラッグストアモリ南大分店,大分市田中町一丁目１５番７号,33.212315,131.588196,7970,5054
okinawa,47,コンビニ,2025-12-01,法人番号3360001000497株式会社沖縄ファミリーマートファミリーマート那覇若松店,那覇市松山２丁目４番１１号１階,26.220663,127.682419,6292,4429
okinawa,47,ドラッグ・薬局,2025-12-02,法人番号4360001006502イオン琉球株式会社イオンドラッグ南城大里店,南城市大里字高平９７番地２１階１２５区画,26.17363,127.744743,6281,4439
okinawa,47,コンビニ,2025-12-24,池谷尚子ローソン今帰仁湧川店,国頭郡今帰仁村字湧川２０２５番地１,26.653025,127.98143,6396,4477
okinawa,47,コンビニ,2025-12-03,法人番号4360001021872株式会社グッドワンチャイジーファミリーマート大原団地前店,うるま市字赤道１５４番地２,26.359617,127.833321,6326,4453
okinawa,47,コンビニ,2025-12-26,喜屋武慶治ファミリーマートうるま中原小学校前店,うるま市字江洲５３８番地２０,26.349443,127.83065,6323,4452
saga,41,コンビニ,2025-12-15,古川一也ファミリーマート伊万里立花店,伊万里市立花町字小敷山２４０４番地１２０,33.2612,129.881805,7982,4781
saitama,11,コンビニ,2025-12-16,遠藤眞弓ファミリーマート熊谷代店,熊谷市大字代１０５８番地２,36.17355,139.371414,8681,6299
saitama,11,コンビニ,2025-12-26,遠藤眞弓ファミリーマートアスカ熊谷／Ｓ店,熊谷市肥塚１２００番地４,36.158669,139.390106,8678,6302
saitama,11,ドラッグ・薬局,2025-12-18,法人番号6030001051892株式会社セキ薬品ドラッグストアセキ前川店,川口市前川一丁目２６番５３号,35.833019,139.711838,8599,6353
saitama,11,スーパー,2025-12-04,法人番号9021001013831ブックオフコーポレーション株式会社ブックオフスーパーバザー大宮ステラタウン店,さいたま市北区宮原町一丁目８５３番地１ステラタウン３街区北側別館２階,35.933678,139.621918,8624,6339
saitama,11,コンビニ,2025-12-09,羽鳥弘ファミリーマート本庄児玉インター店,本庄市西富田４９４番地４,36.226933,139.167358,8694,6266
saitama,11,コンビニ,2025-12-01,法人番号4010001030181ミニストップ株式会社ミニストップ小川角山店,比企郡小川町大字角山７７８番地３,36.069801,139.251724,8656,6280
saitama,11,コンビニ,2025-12-01,法人番号4010001030181ミニストップ株式会社ミニストップ小川町南店,比企郡小川町大字小川３５８番地１,36.05418,139.265427,8653,6282
saitama,11,コンビニ,2025-12-01,法人番号6030001092012株式会社サンネクストローソン鴻巣広田南店,鴻巣市広田３５９７番地,36.112709,139.512665,8667,6322
saitama,11,コンビニ,2025-12-01,大久保哲雄ローソン越谷恩間新田店,越谷市恩間新田４４０番地１,35.94125,139.759506,8625,6361
shimane,32,コンビニ,2025-12-01,小林裕典ローソン斐川インター店,出雲市斐川町直江3585番地１,35.381931,132.82402,8491,5251
shizuoka,22,コンビニ,2025-12-16,松下栄ローソン湖西運動公園前店,湖西市吉美740番地の1,34.715237,137.514297,8331,6002
shizuoka,22,ドラッグ・薬局,2025-12-12,法人番号1012401000634株式会社サンドラッグサンドラッグ御殿場保土沢店,御殿場市保土沢1157番地の685,35.298058,138.888596,8471,6222
shizuoka,22,コンビニ,2025-12-15,丸林功太郎ファミリーマート伊東玖須美店,伊東市玖須美元和田716番地の61,34.955761,139.109467,8389,6257
shizuoka,22,ドラッグ・薬局,2025-12-09,法人番号9290001025414株式会社コスモス薬品ドラッグコスモス小川漁港店,焼津市石津1078番地の8,34.845234,138.320984,8362,6131
shizuoka,22,コンビニ,2025-12-16,三井英二ファミリーマート河津見高店,賀茂郡河津町見高2316番地の5,34.765263,139.019135,8343,6243
tochigi,09,コンビニ,2025-12-01,法人番号1060002004513ジーエムシー有限会社ファミリーマートレイト宇都宮テクノ／Ｓ店,宇都宮市ゆいの杜一丁目２番４６号麗都宇都宮テクノ店内,36.56815,139.986755,8776,6397
tochigi,09,ドラッグ・薬局,2025-12-10,法人番号9290001025414株式会社コスモス薬品ドラッグコスモス野木店,下都賀郡野木町大字丸林６５０番地３,36.226879,139.739807,8694,6358
tochigi,09,コンビニ,2025-12-01,法人番号5060002012339有限会社村上商事ローソン真岡八條店,真岡市八條８４９番地１,36.456665,140.041763,8749,6406
tochigi,09,ドラッグ・薬局,2025-12-03,法人番号1430001010672株式会社ツルハツルハドラッグさくら富野岡店,さくら市富野岡１５番地１,36.691639,139.945786,8805,6391
tokushima,36,ドラッグ・薬局,2025-12-16,法人番号9290001025414株式会社コスモス薬品ドラッグコスモス津乃峰店,阿南市津乃峰町長浜４４６番地１５,33.888477,134.657898,8133,5545
tokyo,13,コンビニ,2025-12-01,法人番号2013301010706株式会社ファミリーマートファミマ大手門タワー店,千代田区大手町１丁目１番２号大手門タワー地下１階Ｂ１０５区,35.685982,139.762329,8564,6361
tokyo,13,コンビニ,2025-12-22,法人番号7013303005880合同会社エイティポイントファミリーマート弁護士会館／Ｓ店,千代田区霞が関１丁目１番３号弁護士会館地下１階,35.67511,139.752594,8562,6360
tokyo,13,コンビニ,2025-12-01,吉永シディックデイリーヤマザキ馬喰横山駅前店,中央区日本橋横山町５番２号ホリーズ日本橋ビル１階,35.692219,139.782852,8566,6365
tokyo,13,コンビニ,2025-12-11,法人番号8010001137238株式会社エムエスツーローソン日本橋二丁目中央通り店,中央区日本橋２丁目１番１４号日本橋加藤ビルデイング１階,35.682152,139.772812,8563,6363
tokyo,13,コンビニ,2025-12-20,花園柊ファミリーマート聖路加ガーデン店,中央区明石町８番１号聖路加ガーデンレジデンス棟２階０２０６号室,35.667507,139.778473,8560,6364
tokyo,13,コンビニ,2025-12-11,法人番号6011701014802株式会社一理ローソン江東牡丹一丁目店,江東区牡丹１丁目１４番１号ヤマタネ清澄通りビル１階,35.670902,139.793549,8561,6366
tokyo,13,コンビニ,2025-12-18,法人番号4010001030181ミニストップ株式会社ｃｉｓｃａみずほ中目黒スクエア,目黒区上目黒２丁目９番５号みずほ銀行中目黒センター４階,35.643009,139.700241,8554,6352
tokyo,13,コンビニ,2025-12-12,法人番号7010802007326有限会社樹コーポレーションセブン－イレブン蒲田駅前北店,大田区蒲田５丁目１１番７号栄月ビル１階及び２階,35.562855,139.717453,8535,6354
tokyo,13,コンビニ,2025-12-01,法人番号7010903000956株式会社武セブン－イレブン世田谷代田一丁目店,世田谷区代田１丁目３２番９号ファレノ下北沢１階,35.65377,139.664215,8556,6346
tokyo,13,スーパー,2025-12-02,法人番号9290001072902株式会社トライアルストアーズＴＲＩＡＬＧＯ笹塚駅西店,渋谷区笹塚１丁目５８番７号ＰＡＲＫＨＩＬＬＳＴＯＷＥＲ１階,35.673847,139.666016,8561,6346
tokyo,13,コンビニ,2025-12-24,法人番号6011302012370有限会社友好ローソン杉並高円寺南二丁目店,杉並区高円寺南２丁目４番３号福田屋ビル１階,35.698086,139.651871,8567,6344
tokyo,13,コンビニ,2025-12-01,法人番号2011201026013株式会社ＬａｔＴＥローソン板橋三園一丁目店,板橋区三園１丁目３８番９号,35.790134,139.642822,8589,6342
tokyo,13,コンビニ,2025-12-01,法人番号8011602011995有限会社ワイフィールドローソン板橋成増五丁目店,板橋区成増５丁目１２番２７号,35.784164,139.632767,8588,6341
tokyo,13,コンビニ,2025-12-01,法人番号6011803001954合同会社種村錦好堂ローソン江北六丁目店,足立区江北６丁目３０番２０号,35.782475,139.768677,8587,6362
tokyo,13,コンビニ,2025-12-01,法人番号5011702011130株式会社イージスリテイリングローソン西葛西駅北口店,江戸川区西葛西５丁目１番５号サンシティ西葛西１階１０２号室,35.665878,139.859131,8559,6377
tokyo,13,コンビニ,2025-12-10,野垣肇セブン－イレブン八王子長房町店,八王子市長房町１４６５番地６,35.652164,139.291672,8556,6286
tokyo,13,コンビニ,2025-12-01,法人番号7011101021530ヤマヒロ株式会社ローソン小金井中町二丁目店,小金井市中町２丁目１６番１７号ＳＵＺＵＥＩＢＬＤＧ１階,35.69767,139.517746,8567,6322
tokyo,13,コンビニ,2025-12-01,鈴木宏太ファミリーマートせいせきさくらゲート店,多摩市関戸２丁目３７番地３京王聖蹟桜ヶ丘ショッピングセンターさくらゲート１階第１０１号区画,35.649723,139.450485,8555,6312
tokyo,13,コンビニ,2025-12-16,寺田義生ローソン小金井公園北店,小平市花小金井南町１丁目１１番１６号,35.722496,139.513885,8573,6322
tottori,31,コンビニ,2025-12-01,馬屋原威ローソン青谷インター店,鳥取市青谷町青谷4124番地6,35.519444,134.001694,8524,5440
tottori,31,コンビニ,2025-12-01,法人番号6280001002706株式会社ＢＥＡＴＮＩＫコーポレーションローソン湯梨浜長和田店,東伯郡湯梨浜町大字長和田1490番地1,35.462666,133.879837,8511,5420
toyama,16,コンビニ,2025-12-01,山本耕作ローソン氷見窪西店,氷見市窪６２４番地１,36.836609,136.987457,8840,5917
yamagata,06,コンビニ,2025-12-01,牧めぐみローソン東根市役所前店,東根市中央二丁目1番16号,38.430622,140.388901,9223,6462
yamaguchi,35,コンビニ,2025-12-25,法人番号9250001000065株式会社岩城酒舗ローソン山口県庁店,山口市滝町1番1号,34.18597,131.471497,8204,5035
yamaguchi,35,コンビニ,2025-12-01,髙安正乃ローソン岩国元町店,岩国市元町三丁目9番16号,34.169411,132.22966,8200,5156
yamanashi,19,コンビニ,2025-12-01,法人番号7090001015692株式会社Ｇｒｏｗｔｈローソン甲斐西八幡店,甲斐市西八幡３５６２番地１,35.641644,138.516525,8553,6162
yamanashi,19,コンビニ,2025-12-09,髙石賢一ファミリーマートＡＢＣ笛吹石和／Ｓ店,笛吹市石和町松本６３７番地１ＡＢＣ笛吹石和店内,35.659355,138.633087,8558,6181
aichi,23,コンビニ,2026-01-15,林愛琦セブン－イレブン名古屋東山公園駅前店,名古屋市千種区東山通5丁目65番地,35.159657,136.973145,8438,5915
aichi,23,コンビニ,2026-01-30,春日井康之ローソン西区栄生二丁目店,名古屋市西区栄生二丁目2番3号,35.185432,136.874466,8444,5899
aichi,23,コンビニ,2026-01-05,法人番号9010001158976株式会社サザンツリーローソン名駅五丁目店,名古屋市中村区名駅五丁目33番10号,35.168144,136.891144,8440,5902
aichi,23,コンビニ,2026-01-20,杉山仁ファミリーマート中村中島町店,名古屋市中村区中島町三丁目19番地,35.17057,136.869598,8440,5899
aichi,23,コンビニ,2026-01-22,法人番号2180001042708株式会社名鉄生活創研ファミリーマートミヤコ地下街店,名古屋市中村区名駅四丁目54番2号,35.170071,136.887268,8440,5901
aichi,23,コンビニ,2026-01-21,石井健太セブン－イレブン豊橋牛川町店,豊橋市豊橋牛川西部土地区画整理事業5街区1画地,34.703293,137.432037,8328,5989
aichi,23,コンビニ,2026-01-01,吉本幸生セブン－イレブン岡崎小針町店,岡崎市小針町字神田81番地4,34.986443,137.125214,8396,5940
aichi,23,コンビニ,2026-01-31,酒井朋美セブン－イレブン常滑市民病院前店,常滑市飛香台七丁目4番地1,34.89537,136.855972,8374,5896
aichi,23,コンビニ,2026-01-31,酒井朋美セブン－イレブン知多朝倉町店,知多市朝倉町110番地,34.990074,136.866837,8397,5898
aichi,23,コンビニ,2026-01-07,法人番号4010001008806山崎製パン株式会社デイリーヤマザキ安城篠目店,安城市篠目町新郷65番地1,34.974186,137.071823,8393,5931
aichi,23,コンビニ,2026-01-31,岡田拓郎ファミリーマート知立上重原本郷店,知立市上重原町本郷206番地2,34.993793,137.027344,8398,5924
aichi,23,コンビニ,2026-01-05,法人番号1180302023457有限会社マーサファミリーマート豊田大林町店,豊田市大林町十三丁目5番地3,35.047657,137.142395,8411,5942
aichi,23,コンビニ,2026-01-29,鈴木裕也ファミリーマート豊田Ｔ－ＦＡＣＥ店,豊田市若宮町一丁目57番地1,35.087593,137.155624,8421,5944
aichi,23,コンビニ,2026-01-29,中川長英セブン－イレブン西尾鵜ケ池町店,西尾市鵜ケ池町源左132番地2,34.843761,137.065125,8362,5930
aichi,23,コンビニ,2026-01-29,ＳＨＲＥＳＴＨＡＰＲＡＭＩＬＡセブン－イレブン西尾西浅井町店,西尾市西浅井町坂下12番地5,34.885437,137.097076,8372,5935
aichi,23,コンビニ,2026-01-07,法人番号7200002015911有限会社マツイローソン小牧光ケ丘店,小牧市光ケ丘一丁目3番地2,35.301952,136.987183,8472,5917
akita,05,コンビニ,2026-01-31,小笠原創ファミリーマート河辺和田店,秋田市河辺和田字坂本南284番地5,39.655365,140.24057,9517,6438
akita,05,コンビニ,2026-01-09,法人番号9410001013100美南株式会社セブン－イレブン能代落合上前田店,能代市落合字上前田189番地1,40.228302,140.023987,9654,6403
aomori,02,コンビニ,2026-01-31,法人番号9420001010575株式会社むらかみファミリーマート黒石追子野木一丁目店,黒石市追子野木一丁目182番地1,40.634125,140.595688,9752,6495
chiba,12,コンビニ,2026-01-31,法人番号9040001126922株式会社ティーエムズアンドファミリーマート千葉旭町店,千葉市中央区旭町７番地１,35.607765,140.132004,8545,6421
chiba,12,コンビニ,2026-01-31,法人番号9040001126922株式会社ティーエムズアンドファミリーマート千葉本町二丁目店,千葉市中央区本町２丁目２番１３号,35.608223,140.125671,8545,6420
chiba,12,コンビニ,2026-01-31,法人番号9040001126922株式会社ティーエムズアンドファミリーマート千葉小深町店,千葉市稲毛区小深町４８番地１,35.657494,140.151947,8557,6424
chiba,12,ドラッグ・薬局,2026-01-16,法人番号9290001025414株式会社コスモス薬品ドラッグコスモス銚子新生店,銚子市新生町１丁目２０番地３８,35.734577,140.835587,8576,6533
chiba,12,コンビニ,2026-01-16,法人番号1010701035020株式会社ローソンアーバンワークスローソンザロイヤルパークホテル舞浜リゾート東京ベイ店,浦安市千鳥１３番地１ザロイヤルパークホテル舞浜リゾート東京ベイ１階,35.625957,139.894958,8550,6383
chiba,12,コンビニ,2026-01-01,自見真吾ミニストップ船橋行田店,船橋市行田３丁目２番２１号都市再生機構行田団地建物１階,35.718666,139.970642,8572,6395
chiba,12,コンビニ,2026-01-09,早川奨セブン－イレブン君津北子安５丁目店,君津市北子安５丁目６番１号,35.333405,139.917053,8480,6386
chiba,12,コンビニ,2026-01-06,新野尾裕司ローソン新鎌ケ谷駅南口店,鎌ケ谷市新鎌ケ谷１丁目１１番２９号建物１階,35.778805,139.999069,8586,6399
chiba,12,コンビニ,2026-01-01,法人番号4010001030181ミニストップ株式会社ミニストップ成田土屋店,成田市土屋５９８番地４,35.792477,140.316986,8590,6450
chiba,12,ドラッグ・薬局,2026-01-14,法人番号9290001025414株式会社コスモス薬品ドラッグコスモス佐倉臼井店,佐倉市臼井２３番地,35.73447,140.183395,8576,6429
chiba,12,コンビニ,2026-01-23,ＡＣＨＡＲＹＡＳＵＮＤＡＲセブン－イレブン佐倉西ユーカリが丘１丁目店,佐倉市西ユーカリが丘１丁目３番地１２,35.737362,140.142273,8576,6422
chiba,12,コンビニ,2026-01-01,臼井一輝セブン－イレブン大網白里永田店,大網白里市永田３３７４番地３,35.502064,140.317917,8520,6450
chiba,12,コンビニ,2026-01-30,法人番号2040001069475株式会社成川セブン－イレブン柏たなか西店,柏市船戸１丁目２番地８,35.911022,139.951752,8618,6392
ehime,38,ドラッグ・薬局,2026-01-06,法人番号9290001025414株式会社コスモス薬品ドラッグコスモス大可賀店,松山市大可賀二丁目８番１５号,33.852745,132.713272,8124,5234
ehime,38,コンビニ,2026-01-30,法人番号2013301010706株式会社ファミリーマートファミリーマート伊予農高通り店,伊予市下吾川１１１８番地１,33.76532,132.706024,8103,5232
fukui,18,コンビニ,2026-01-31,法人番号4210001008208株式会社ハートランドファミリーマート福井和田一丁目店,福井市和田１丁目１番１３号,36.052734,136.241531,8652,5798
fukuoka,40,コンビニ,2026-01-31,尾上優一ファミリーマート小倉寺迫口店,北九州市小倉南区葛原東二丁目１番１号建物１階,33.839588,130.930588,8121,4948
fukuoka,40,コンビニ,2026-01-31,田尻直純ファミリーマート小倉下石田一丁目店,北九州市小倉南区下石田一丁目１８番３号エクセレント・リッチ伊崎１階,33.839615,130.892487,8121,4942
fukuoka,40,コンビニ,2026-01-31,相良明弘ファミリーマート松島一丁目店,福岡市東区松島一丁目４３２番８号,33.624279,130.434937,8069,4869
fukuoka,40,コンビニ,2026-01-09,法人番号2013301010706株式会社ファミリーマートファミリーマート福岡久山店,糟屋郡久山町大字久原５１７番地１,33.653984,130.512268,8076,4881
fukuoka,40,コンビニ,2026-01-09,法人番号2013301010706株式会社ファミリーマートファミリーマートトリアス久山店,糟屋郡久山町大字山田１１０３番地,33.654331,130.49025,8077,4878
fukuoka,40,コンビニ,2026-01-29,戸村宏輝ファミリーマート警固公園前店,福岡市中央区天神二丁目３番３６号,33.587418,130.398834,8060,4863
fukuoka,40,コンビニ,2026-01-31,湯田恭平ファミリーマート福岡清川二丁目店,福岡市中央区清川二丁目８番１０号,33.58102,130.409424,8059,4865
fukuoka,40,コンビニ,2026-01-31,稲永宗平ファミリーマート柳川中央店,柳川市三橋町今古賀１５５番地１,33.1614,130.417099,7958,4866
fukuoka,40,コンビニ,2026-01-13,井上知将セブン－イレブン小郡福童店,小郡市福童３６３番地１４,33.381939,130.545319,8011,4887
fukuoka,40,コンビニ,2026-01-27,法人番号9290001058273株式会社緒方商会ローソン広川町役場店,八女郡広川町新代２０１７番地１,33.243195,130.552658,7978,4888
fukuoka,40,コンビニ,2026-01-31,武内小波ファミリーマート筑後東山ノ井店,筑後市大字山ノ井６７０番地１,33.208153,130.50592,7969,4880
fukushima,07,コンビニ,2026-01-28,法人番号2013301010706株式会社ファミリーマートファミリーマート北会津店,会津若松市北会津町小松字北面38番地1,37.470879,139.879486,8993,6380
fukushima,07,コンビニ,2026-01-28,法人番号2013301010706株式会社ファミリーマートファミリーマート会津材木町店,会津若松市材木町一丁目9番22号,37.489407,139.912079,8997,6385
gifu,21,コンビニ,2026-01-01,法人番号4010001030181ミニストップ株式会社ミニストップ本巣軽海店,本巣市軽海1323番地1,35.427471,136.66185,8502,5865
gifu,21,コンビニ,2026-01-31,須藤智春ファミリーマート各務原総合体育館店,各務原市那加太平町二丁目206番地1,35.402695,136.833237,8496,5893
gifu,21,コンビニ,2026-01-23,佐藤信年セブン－イレブン多治見小泉町店,多治見市小泉町二丁目193番地,35.348835,137.099106,8483,5935
gifu,21,コンビニ,2026-01-31,森知佳ファミリーマート可児広見田中店,可児市広見619番地24,35.4231,137.062332,8501,5929
hiroshima,34,コンビニ,2026-01-31,法人番号8240001060086株式会社まあねｂａｓｅファミリーマート皆実町六丁目店,広島市南区皆実町六丁目15番7号,34.371799,132.464493,8249,5194
hiroshima,34,コンビニ,2026-01-20,中井真ローソン下祗園駅西口店,広島市安佐南区祇園三丁目8番11号,34.440922,132.462585,8265,5194
hiroshima,34,コンビニ,2026-01-22,法人番号6240002029669メイト有限会社セブンーイレブン北広島町壬生店,山県郡北広島町壬生562番地1,34.684658,132.549042,8324,5207
hiroshima,34,コンビニ,2026-01-22,法人番号3240002052921有限会社アールエムローソン大崎上島中野店,豊田郡大崎上島町中野5522番地56,34.245743,132.883835,8218,5261
hiroshima,34,コンビニ,2026-01-09,法人番号1240001055092株式会社川上商店セブン－イレブン福山松永町店,福山市松永町四丁目6番6号,34.447323,133.259293,8267,5321
hyogo,28,コンビニ,2026-01-31,法人番号9140001117705株式会社Ｔ２Ｏファミリーマート三田三輪店,三田市三輪１丁目８番８号,34.891441,135.226837,8373,5636
hyogo,28,コンビニ,2026-01-29,法人番号7140002036914有限会社アイ・シーブイエスローソン姫路大津天満店,姫路市大津区天満２７５番地１,34.802826,134.605728,8352,5536
hyogo,28,コンビニ,2026-01-01,松本秀紀デイリーヤマザキ稲葉荘１丁目店,尼崎市稲葉荘１丁目１５番１号,34.730854,135.384628,8335,5661
hyogo,28,コンビニ,2026-01-20,日根祐子ファミリーマート園田中央商店街店,尼崎市東園田町５丁目４１番１号,34.753368,135.448257,8340,5671
hyogo,28,コンビニ,2026-01-27,古村俊貴セブン－イレブン尼崎御園３丁目店,尼崎市御園３丁目２２番１４号,34.752266,135.43277,8340,5669
hyogo,28,コンビニ,2026-01-01,小川正人セブン－イレブン西宮北口駅北店,西宮市甲風園１丁目９番３号,34.747818,135.35614,8339,5656
hyogo,28,コンビニ,2026-01-01,法人番号4010001030181ミニストップ株式会社ミニストップ甲子園六番町店,西宮市甲子園六番町１６番５号,34.724312,135.363724,8333,5658
hyogo,28,ドラッグ・薬局,2026-01-19,法人番号9290001025414株式会社コスモス薬品ドラッグコスモス西宮今津店,西宮市今津社前町５番３６号,34.725315,135.352158,8334,5656
hyogo,28,コンビニ,2026-01-22,法人番号1010001088181株式会社セブン－イレブン・ジャパンセブン－イレブン西宮和上町店,西宮市和上町２番６号,34.737183,135.33931,8336,5654
hyogo,28,コンビニ,2026-01-01,法人番号6140001092595株式会社ベクトルローソン淡路浦平松店,淡路市浦平松８９５番地,34.540916,134.987106,8289,5597
hyogo,28,コンビニ,2026-01-14,法人番号2140001131357株式会社ＦＵＪＩＴＯＫＵセブン－イレブン洲本本町５丁目店,洲本市本町５丁目１番３４号,34.340611,134.895203,8241,5583
hyogo,28,コンビニ,2026-01-29,伊達誠司ファミリーマート淡路ファームパーク前店,南あわじ市八木養宜上２４６番地,34.302231,134.800262,8232,5568
hyogo,28,コンビニ,2026-01-22,法人番号6140001000269加茂屋株式会社セブン－イレブン芦屋東山町店,芦屋市東山町６番１２号,34.74057,135.310532,8337,5649
hyogo,28,コンビニ,2026-01-31,赤賀音也ファミリーマート甲南山手店,神戸市東灘区森北町１丁目５番１３号,34.730827,135.291367,8335,5646
hyogo,28,ドラッグ・薬局,2026-01-20,法人番号9290001025414株式会社コスモス薬品ドラッグコスモス加古川平岡店,加古川市平岡町一色２６５番地３,34.738453,134.860474,8337,5577
ibaraki,08,コンビニ,2026-01-31,法人番号3050001052611株式会社ＥＬＢＡファミリーマート北茨城関南店,北茨城市関南町神岡上１６番地１,36.814213,140.762573,8835,6522
ibaraki,08,コンビニ,2026-01-29,小林薫ローソン古河駅西口店,古河市本町一丁目２番１号,36.194759,139.708878,8686,6353
ibaraki,08,コンビニ,2026-01-19,藤原祐二ファミリーマート取手西一丁目店,取手市西一丁目３１番３３号,35.903458,140.046112,8616,6407
ibaraki,08,コンビニ,2026-01-31,帥子亮ファミリーマート阿見西郷店,稲敷郡阿見町大字阿見５５３５番地２,36.041134,140.201309,8649,6432
ibaraki,08,コンビニ,2026-01-31,西野正樹ファミリーマート行方玉造店,行方市玉造甲５６１番地１,36.107803,140.433228,8665,6469
ishikawa,17,コンビニ,2026-01-15,大橋俊一ファミリーマート金沢パークビル店,金沢市広岡３丁目１番１号１０８区、１０９区,36.579609,136.645493,8779,5863
ishikawa,17,スーパー,2026-01-06,法人番号7120101021174株式会社ジェイランドリユースのサカイイオンタウン野々市店,野々市市白山町４番１号,36.526802,136.613159,8766,5858
kagawa,37,コンビニ,2026-01-08,須賀幸祐セブン－イレブン三木氷上店,木田郡三木町大字氷上１２０５番地１,34.253754,134.13147,8220,5461
kagawa,37,コンビニ,2026-01-16,小比加舞唯セブン－イレブン高松円座町店,高松市円座町４７５番地２,34.286495,134.010574,8228,5441
kagawa,37,コンビニ,2026-01-27,吉田学ローソン高松仏生山店,高松市仏生山町甲８９５番地３,34.273533,134.034042,8225,5445
kagawa,37,ドラッグ・薬局,2026-01-30,法人番号1500001004428株式会社レデイ薬局くすりのレデイ川島店,高松市川島本町１８８番地２,34.275753,134.084427,8226,5453
kagawa,37,コンビニ,2026-01-31,法人番号2013301010706株式会社ファミリーマートファミリーマート高松町店,高松市高松町４４番地３,34.3339,134.105972,8240,5456
kagawa,37,コンビニ,2026-01-07,本郷信之ローソン小豆島池田港前店,小豆郡小豆島町池田２２８番地３６１階,34.486359,134.245407,8276,5479
kanagawa,14,コンビニ,2026-01-20,法人番号1020001035232相鉄ステーションリテール株式会社ファミリーマート相鉄瀬谷駅改札外／Ｓ店,横浜市瀬谷区瀬谷４丁目１番地１相鉄本線瀬谷駅構内２階,35.470364,139.483246,8512,6317
kanagawa,14,コンビニ,2026-01-28,法人番号1020001035232相鉄ステーションリテール株式会社ファミリーマート相鉄三ツ境駅改札外／Ｓ店,横浜市瀬谷区三ツ境４番地相鉄本線三ツ境駅構内２階,35.468136,139.501877,8512,6320
kanagawa,14,コンビニ,2026-01-26,塩田裕美セブン－イレブン横浜大倉山駅前店,横浜市港北区大倉山２丁目２番８号吉原ビル１階及び２階,35.521954,139.629089,8525,6340
kanagawa,14,コンビニ,2026-01-19,法人番号6020002094438有限会社シライローソン中山駅北口店,横浜市緑区寺山町６３番地中山駅北口ビル１階及び２階,35.50605,139.539566,8521,6326
kanagawa,14,コンビニ,2026-01-14,河野剛志ローソン高津久本一丁目店,川崎市高津区久本１丁目１２番２７号ＴＨＥＭＯＭＯＺＯＮＯＲＥＳＩＤＥＮＣＥ１階,35.596016,139.609848,8543,6337
kanagawa,14,コンビニ,2026-01-15,楊建芳ファミリーマート向ケ丘遊園南口店,川崎市多摩区登戸２６９２番地１ローブル向ヶ丘遊園１階,35.616142,139.566269,8547,6330
kanagawa,14,コンビニ,2026-01-13,波多野博セブン－イレブン二宮山西店,中郡二宮町山西５３８番地の１,35.29261,139.241791,8470,6278
kanagawa,14,コンビニ,2026-01-09,山崎栄一セブン－イレブン藤沢辻堂駅南口店,藤沢市辻堂１丁目３番１号ＴＨＥＴＯＷＥＲ湘南辻堂１階,35.336582,139.447968,8480,6311
kanagawa,14,コンビニ,2026-01-05,金子絵美ファミリーマート海老名駅東口店,海老名市中央１丁目３番７号,35.452106,139.391815,8508,6302
kochi,39,コンビニ,2026-01-06,髙石尚セブン－イレブン土佐山田神母ノ木店,香美市土佐山田町神母ノ木３５５番地１,33.617294,133.715561,8068,5394
kochi,39,コンビニ,2026-01-20,土居竜人ローソン土佐高岡町店,土佐市高岡町甲７４５番地,33.495834,133.43364,8039,5349
kyoto,26,コンビニ,2026-01-30,河本寅道ローソン金閣寺東店,京都市北区衣笠御所ノ内町１１番地,35.039509,135.733139,8409,5717
kyoto,26,ドラッグ・薬局,2026-01-23,法人番号7180301016951株式会社スギ薬局スギドラッグ五条烏丸店,京都市下京区烏丸通松原下る五条烏丸町４０６番地ＥａｕｄｅＶｉｅ烏丸通１階,34.992943,135.759583,8398,5721
kyoto,26,コンビニ,2026-01-15,杉原智亮ローソン向日楓畑店,向日市鶏冠井町楓畑８番地２,34.943775,135.700775,8386,5712
kyoto,26,コンビニ,2026-01-15,法人番号3130001065480株式会社靖セブン－イレブン京都嵯峨天龍寺店,京都市右京区嵯峨天龍寺北造路町２番地３,35.016632,135.679535,8403,5708
kyoto,26,スーパー,2026-01-29,法人番号2040001000456イオンリテール株式会社イオンスタイル山ノ内小町,京都市右京区西院春栄町２５番地４７,35.005543,135.725693,8401,5716
kyoto,26,コンビニ,2026-01-29,法人番号4010001030181ミニストップ株式会社ミニストップ嵐山駅前店,京都市西京区嵐山西一川町８番地１,35.010906,135.680038,8402,5708
kyoto,26,コンビニ,2026-01-15,法人番号7130001026966株式会社秀静ローソン宇治小倉中畑店,宇治市小倉町中畑３番地の１,34.889874,135.784103,8373,5725
mie,24,ドラッグ・薬局,2026-01-16,法人番号7180301016951株式会社スギ薬局スギドラッグ阿漕店,津市大倉8番36号,34.702553,136.505463,8328,5840
mie,24,コンビニ,2026-01-16,辻村満宏ローソン伊勢御薗店,伊勢市御薗町王中島976番地,34.509628,136.718018,8282,5874
mie,24,コンビニ,2026-01-31,竹田浩明ファミリーマート大紀町店,度会郡大紀町阿曽2295番地1,34.334244,136.420151,8240,5827
miyagi,04,コンビニ,2026-01-01,法人番号4010001030181ミニストップ株式会社ミニストップ仙台泉松森店,仙台市泉区松森字前田1番地の4,38.307323,140.902313,9193,6544
miyagi,04,コンビニ,2026-01-16,法人番号4370001020774株式会社エルステーションローソン仙台定禅寺通店,仙台市青葉区国分町三丁目3番1号,38.265865,140.868744,9183,6538
miyagi,04,コンビニ,2026-01-27,法人番号4370001020774株式会社エルステーションローソン仙台南吉成三丁目店,仙台市青葉区南吉成三丁目2番3,38.28698,140.818741,9188,6530
miyagi,04,コンビニ,2026-01-31,佐藤貴ファミリーマート仙台岩切店,仙台市宮城野区岩切字青津目8番地2,38.306149,140.951324,9193,6552
miyagi,04,コンビニ,2026-01-01,鈴木清彦セブン－イレブン仙台南町通一番町店,仙台市青葉区一番町一丁目1番30号南町通有楽館ビルディング1階,38.258228,140.874405,9181,6539
miyagi,04,コンビニ,2026-01-29,法人番号7370602000016有限会社アイエスイーコーポレーションローソン仙台六丁の目東町店,仙台市若林区六丁の目東町6番1号,38.250305,140.949081,9180,6551
miyagi,04,コンビニ,2026-01-01,伊勢竹雄セブン－イレブン亘理インター店,亘理郡亘理町逢隈中泉字八幡46番地の1,38.081654,140.875397,9139,6540
miyagi,04,コンビニ,2026-01-27,太田晃志ファミリーマート茂庭店,仙台市太白区茂庭一丁目5番地の5,38.222496,140.793289,9173,6526
miyagi,04,コンビニ,2026-01-27,法人番号2013301010706株式会社ファミリーマートファミリーマート亘理鳥の海店,亘理郡亘理町逢隈高屋字鷹野橋51番地10,38.039444,140.888306,9129,6542
miyagi,04,コンビニ,2026-01-27,法人番号2013301010706株式会社ファミリーマートファミリーマート仙台東中田四丁目店,仙台市太白区東中田四丁目20番30号,38.197514,140.906006,9167,6544
miyagi,04,コンビニ,2026-01-28,伊藤敏信ファミリーマート名取植松一丁目店,名取市植松一丁目3番1号,38.150539,140.882675,9156,6541
miyagi,04,ドラッグ・薬局,2026-01-29,法人番号9290001044133株式会社ドラッグストアモリドラッグストアモリ石巻金津店,石巻市蛇田字金津町10番地2,38.440239,141.28334,9225,6605
miyagi,04,コンビニ,2026-01-31,佐々一彦ファミリーマート鹿又店,石巻市鹿又字道的前40番地1,38.481514,141.275467,9235,6604
miyagi,04,コンビニ,2026-01-31,水越征臣ファミリーマート松島海岸通り店,宮城郡松島町松島字普賢堂32番地4,38.371372,141.065018,9209,6570
miyagi,04,コンビニ,2026-01-21,法人番号7370001052121Ｌ‐ＦＲＯＮＴＩＥＲ株式会社ローソン柴田下名生店,柴田郡柴田町大字下名生字剣水10番,38.065636,140.805374,9135,6528
nagano,20,スーパー,2026-01-23,法人番号2100003008053合同会社サニーフィールドＦｉｅｌｄＡｌｅｓＰｕｂ,長野市鶴賀権堂町２３４１番地６,36.654324,138.188583,8797,6110
nagano,20,コンビニ,2026-01-31,茂手木基司ファミリーマート長野栗田店,長野市大字栗田１７８９番地,36.638416,138.19426,8793,6111
nagano,20,コンビニ,2026-01-01,宮澤清隆ローソン上田中之条店,上田市中之条５６５番地１,36.397614,138.2276,8735,6116
nagasaki,42,ドラッグ・薬局,2026-01-21,法人番号9240001021698株式会社ツルハグループドラッグ＆ファーマシー西日本ツルハドラッグ大波止店,長崎市元船町１４番地４１,32.745487,129.871719,7858,4779
nagasaki,42,スーパー,2026-01-29,法人番号6290001017604イオン九州株式会社マックスバリュ新大工町ファンスクエア店,長崎市新大工町５番３５号ライオンズタワー新大工町１階,32.752422,129.886261,7860,4781
nagasaki,42,ドラッグ・薬局,2026-01-13,法人番号1012401000634株式会社サンドラッグサンドラッグ早岐店,佐世保市早岐一丁目９０番地１,33.135193,129.798965,7952,4767
nagasaki,42,コンビニ,2026-01-22,佐藤勇介セブン－イレブン諌早多良見町囲店,諌早市多良見町囲４８２番地,32.82711,129.979202,7878,4796
nara,29,コンビニ,2026-01-29,岡正人セブン－イレブン生駒上町店,生駒市上町４６４６番２,34.714985,135.725754,8331,5716
nara,29,スーパー,2026-01-28,法人番号9290001072902株式会社トライアルストアーズメガセンタートライアル西大和店,北葛城郡上牧町服部台５丁目３番１号,34.570965,135.715607,8297,5714
okayama,33,コンビニ,2026-01-31,法人番号3260001039604仲和株式会社ファミリーマート表町二丁目店,岡山市北区表町二丁目5番1号,34.660469,133.929749,8318,5428
okayama,33,コンビニ,2026-01-31,法人番号9260001036050株式会社和－Ａｊｕｇａファミリーマート岡山江並店,岡山市中区江並79番地6,34.616829,133.96936,8308,5435
okayama,33,コンビニ,2026-01-31,翟継梅ファミリーマート岡山芳田店,岡山市南区西市120番地8,34.63015,133.905441,8311,5424
okayama,33,スーパー,2026-01-21,法人番号2240001047246株式会社エブリイ業務スーパー倉敷羽島店,倉敷市羽島680番地1,34.596092,133.779205,8303,5404
okayama,33,コンビニ,2026-01-31,法人番号5260001030131株式会社ライジング・サンファミリーマート倉敷福島店,倉敷市福島708番地7,34.600819,133.784866,8304,5405
osaka,27,コンビニ,2026-01-31,庄司光寿ファミリーマート伝法二丁目店,大阪市此花区伝法２丁目５番１５号,34.689026,135.456787,8325,5673
osaka,27,ドラッグ・薬局,2026-01-15,法人番号7180301016951株式会社スギ薬局スギドラッグ大正泉尾店,大阪市大正区泉尾２丁目１３番１１号,34.660213,135.472931,8318,5675
osaka,27,コンビニ,2026-01-16,法人番号5120102005095有限会社ヤマブキローソン日本橋オタロード店,大阪市浪速区難波中２丁目４番１号,34.662685,135.504974,8319,5680
osaka,27,コンビニ,2026-01-15,堅木昭良セブン－イレブン大阪鶴橋４丁目店,大阪市生野区鶴橋４丁目１番２４号,34.665043,135.537613,8319,5686
osaka,27,コンビニ,2026-01-07,法人番号1120001170738株式会社ティオコーポレーションローソン長居東二丁目店,大阪市住吉区長居東２丁目５番１号,34.608185,135.519928,8305,5683
osaka,27,コンビニ,2026-01-06,法人番号5120102005095有限会社ヤマブキローソン西成鶴見橋二丁目店,大阪市西成区鶴見橋２丁目４番１号,34.646606,135.493027,8315,5678
osaka,27,コンビニ,2026-01-13,石田富康セブン－イレブン大阪豊新２丁目店,大阪市東淀川区豊新２丁目２番１７号,34.741348,135.530258,8337,5684
osaka,27,コンビニ,2026-01-31,大口浩史ファミリーマート天満駅前店,大阪市北区山崎町１番１号,34.705727,135.510666,8329,5681
osaka,27,コンビニ,2026-01-07,法人番号4120001245933株式会社エム・アール・シーローソン中津三丁目店,大阪市北区中津３丁目３番３３号,34.710941,135.492142,8330,5678
osaka,27,コンビニ,2026-01-13,上村健一セブン－イレブン地下鉄中津駅北店,大阪市北区中津１丁目１７番２６号,34.712383,135.497635,8330,5679
osaka,27,コンビニ,2026-01-06,中村修ローソン北浜センタービル店,大阪市中央区東高麗橋１番１２号,34.689236,135.510742,8325,5681
osaka,27,コンビニ,2026-01-01,法人番号4120001270502株式会社ＬＢＣセブン－イレブン大阪南船場１丁目北店,大阪市中央区南船場１丁目１３番５号,34.677071,135.508255,8322,5681
osaka,27,コンビニ,2026-01-20,法人番号6120002014749有限会社幸ファミリーマート日本橋一丁目店,大阪市中央区日本橋１丁目５番１２号プレリー日本橋ステーションビル１階,34.667274,135.506287,8320,5681
osaka,27,コンビニ,2026-01-13,岩﨑有希男ファミリーマート光明池駅前店,堺市南区新檜尾台２丁１番７号,34.474709,135.473923,8273,5675
osaka,27,コンビニ,2026-01-28,法人番号3120101048056株式会社寺田ローソン白鷺駅東店,堺市北区金岡町１５８０番地７,34.55051,135.515427,8292,5682
osaka,27,スーパー,2026-01-30,法人番号7120001111769グランマルシェ株式会社業務スーパー堺中央環状店,堺市北区八下北１番１号,34.558346,135.538162,8294,5686
osaka,27,ドラッグ・薬局,2026-01-14,法人番号9290001025414株式会社コスモス薬品ドラッグコスモス岸和田田治米店,岸和田市田治米町５８０番地１,34.458862,135.418259,8270,5666
osaka,27,コンビニ,2026-01-31,若杉圭祐ファミリーマート貝塚澤店,貝塚市澤８９０番地６,34.439022,135.338821,8265,5654
osaka,27,ドラッグ・薬局,2026-01-27,法人番号7180301016951株式会社スギ薬局スギドラッグ石橋店,池田市石橋２丁目２番１４号アイゼンビル１階,34.808491,135.445984,8354,5671
osaka,27,コンビニ,2026-01-07,西川清彦セブン－イレブン吹田豊津町店,吹田市豊津町１５番１１号江坂石周ビル１階,34.75769,135.494614,8341,5679
osaka,27,コンビニ,2026-01-07,法人番号4010001030181ミニストップ株式会社ミニストップ吹田清水店,吹田市清水９番９号,34.802593,135.543198,8352,5686
osaka,27,コンビニ,2026-01-20,和田英樹セブン－イレブン交野星田１丁目店,交野市星田１丁目８番１０号,34.770016,135.669998,8344,5707
osaka,27,コンビニ,2026-01-15,法人番号3120102015674有限会社トミタ商店ローソン松原天美東六丁目店,松原市天美東６丁目１８番２９号,34.589996,135.534485,8301,5685
osaka,27,コンビニ,2026-01-30,法人番号2013301010706株式会社ファミリーマートファミリーマート八尾南本町一丁目店,八尾市南本町１丁目１番４号,34.625751,135.602844,8310,5696
osaka,27,コンビニ,2026-01-30,法人番号8122001023002株式会社登ファミリーマート道明寺二丁目店,藤井寺市道明寺２丁目１０番１０号,34.56702,135.619843,8296,5699
osaka,27,スーパー,2026-01-23,法人番号9021001013831ブックオフコーポレーション株式会社ブックオフスーパーバザー守口ジャガータウン店,守口市佐太東町２丁目９番１０号ジャガータウンイースト１階及び２階,34.758011,135.588699,8341,5694
osaka,27,コンビニ,2026-01-07,法人番号4010001030181ミニストップ株式会社ミニストップ高井田本通店,東大阪市高井田本通７丁目７番２２号,34.678501,135.571503,8322,5691
osaka,27,コンビニ,2026-01-31,山本智矢紀ファミリーマート東大阪西堤学園町店,東大阪市西堤学園町２丁目２番１１号,34.672951,135.58255,8321,5693
saga,41,コンビニ,2026-01-01,森誠治ミニストップ佐賀高木瀬店,佐賀市高木瀬町１８２１番地１,33.294064,130.287903,7990,4846
saga,41,コンビニ,2026-01-28,藤本靖子セブン－イレブン鹿島祐徳稲荷前店,鹿島市古枝９２４番地２,33.08783,130.108948,7941,4817
saitama,11,コンビニ,2026-01-20,森本政英ローソン坂戸中富町店,坂戸市中富町６５番地５,35.959534,139.386307,8630,6301
saitama,11,コンビニ,2026-01-31,小松健太ファミリーマート川越神明町店,川越市神明町４４番地８,35.930546,139.478928,8623,6316
saitama,11,コンビニ,2026-01-31,神山純一ファミリーマート川越笠幡駅東店,川越市大字笠幡４５６３番地１３,35.908203,139.408951,8617,6305
saitama,11,スーパー,2026-01-27,法人番号8010901017654株式会社アエナアエナイオンモール川口前川店,川口市前川一丁目１番１１号イオンモール川口前川１階１０３１−５区画,35.833347,139.706055,8600,6352
saitama,11,コンビニ,2026-01-20,法人番号2030001106873株式会社ライズローソンさいたま五関店,さいたま市桜区大字五関３４３番地１,35.864365,139.596497,8607,6335
saitama,11,コンビニ,2026-01-31,井比拓磨ファミリーマート入間宮寺西店,入間市宮寺２６６４番地１,35.807014,139.382187,8593,6301
saitama,11,コンビニ,2026-01-15,黒川功太ファミリーマート鳩山ニュータウン店,比企郡鳩山町松ヶ丘１丁目１番３号,35.98674,139.354858,8636,6296
saitama,11,コンビニ,2026-01-06,市川憲哉ローソン越谷新明町二丁目店,越谷市新明町二丁目２２４番地１,35.874283,139.782471,8609,6365
saitama,11,コンビニ,2026-01-26,法人番号3030003026904合同会社ＯｐｅｎＦｕｔｕｒｅファミリーマート北越谷駅西口店,越谷市北越谷四丁目２１番５号,35.902325,139.77887,8616,6364
sapporo,01,コンビニ,2026-01-23,上原子薫ファミリーマート清田ひまわり／Ｓ店,札幌市清田区清田二条三丁目８番５号建物１階,43.001133,141.437241,10320,6629
sapporo,01,コンビニ,2026-01-16,法人番号9460102005751有限会社丸尚窪田商店ローソン帯広南七線店,帯広市西十六条南三十丁目３番地１１,42.896118,143.180817,10295,6908
shiga,25,コンビニ,2026-01-27,法人番号8160002006369有限会社オークローソン東近江八日市東本町店,東近江市八日市東本町６番４４号,35.110424,136.205536,8426,5792
shiga,25,コンビニ,2026-01-29,法人番号7160003000801合同会社なかがわセブン－イレブン草津追分町店,草津市追分１丁目５番２１号,35.009155,135.965729,8402,5754
shimane,32,ドラッグ・薬局,2026-01-26,法人番号9240001021698株式会社ツルハグループドラッグ＆ファーマシー西日本ドラッグストアウェルネス玉湯店,松江市玉湯町湯町395番地1,35.432747,133.012939,8503,5282
shimane,32,コンビニ,2026-01-28,山本真紀子セブン－イレブン安来加茂店,安来市安来町523番地4,35.415913,133.238144,8499,5318
shimane,32,コンビニ,2026-01-28,陰山富士子セブン－イレブン松江浜乃木５丁目店,松江市浜乃木五丁目5番地11,35.442322,133.053818,8506,5288
shizuoka,22,コンビニ,2026-01-28,石橋亮ローソン浜松植松町店,浜松市中央区植松町1465番地の8,34.713173,137.758987,8331,6041
shizuoka,22,コンビニ,2026-01-31,佐藤毅ファミリーマート浜松中田島町店,浜松市中央区中田島町1669番地の1,34.664494,137.740509,8319,6038
shizuoka,22,コンビニ,2026-01-31,大場厚子ファミリーマート浜松上西店,浜松市中央区上西町1308番地,34.724564,137.767853,8333,6042
shizuoka,22,コンビニ,2026-01-14,法人番号9080101023223株式会社マナビオンファミリーマート御殿場兎島店,御殿場市神山1571番地の2,35.237331,138.910767,8456,6225
shizuoka,22,コンビニ,2026-01-31,髙田慶ファミリーマート沼津港前店,沼津市春日町7番地の1,35.085262,138.858704,8420,6217
shizuoka,22,コンビニ,2026-01-09,藤本南セブン－イレブン三島大場東店,三島市大場642番地の1,35.098644,138.948624,8423,6231
shizuoka,22,コンビニ,2026-01-31,長内陽一ファミリーマート三島梅名北店,三島市梅名589番地の4,35.098705,138.92662,8423,6228
shizuoka,22,コンビニ,2026-01-31,江刺家淳ファミリーマート修善寺温泉店,伊豆市修善寺656番地の10,34.97308,138.934738,8393,6229
shizuoka,22,コンビニ,2026-01-31,土屋里奈ファミリーマート伊豆長岡古奈店,伊豆の国市古奈248番地の1,35.035645,138.93924,8408,6230
shizuoka,22,コンビニ,2026-01-08,庄司和雄セブン－イレブン吉田神戸北店,榛原郡吉田町神戸1546番地の1,34.788151,138.241776,8349,6118
shizuoka,22,コンビニ,2026-01-31,東恩納徳馬ファミリーマート富士宮若宮店,富士宮市小泉2070番地の7,35.220566,138.639725,8452,6182
shizuoka,22,コンビニ,2026-01-31,佐藤毅ファミリーマート磐田福田店,磐田市南田字東129番地の1,34.678822,137.860901,8322,6057
shizuoka,22,コンビニ,2026-01-31,法人番号2013301010706株式会社ファミリーマートファミリーマート袋井泉町店,袋井市泉町一丁目1番地の1,34.754032,137.919357,8340,6067
shizuoka,22,コンビニ,2026-01-23,森田卓也セブン－イレブン焼津下江留店,焼津市下江留952番地の1,34.806419,138.275589,8353,6124
tochigi,09,コンビニ,2026-01-01,法人番号4010001030181ミニストップ株式会社ミニストップ宇都宮川俣店,宇都宮市川俣町５９番地２５,36.606514,139.917084,8785,6386
tochigi,09,スーパー,2026-01-22,法人番号8060001001208株式会社カンセキ業務スーパー大田原南店,大田原市浅香一丁目３５４６番地２７,36.858459,140.012558,8846,6402
tokushima,36,コンビニ,2026-01-31,中村菊夫ファミリーマート南沖洲店,徳島市南沖洲五丁目８番地１,34.057774,134.581818,8173,5533
tokushima,36,スーパー,2026-01-28,法人番号9290001072902株式会社トライアルストアーズスーパーセンタートライアル板野店,板野郡板野町川端字島中須８番１,34.154678,134.477737,8197,5516
tokushima,36,コンビニ,2026-01-07,佐藤久代セブン－イレブン阿南津乃峰店,阿南市津乃峰町東分８３番地３,33.887432,134.653091,8132,5544
tokyo,13,コンビニ,2026-01-01,法人番号4010001257717株式会社キーストーンファミリーマート日本橋かきがら町店,中央区日本橋蛎殻町１丁目３６番９号ブロードシティ東京１階,35.681946,139.785965,8563,6365
tokyo,13,コンビニ,2026-01-01,法人番号4010001257717株式会社キーストーンファミリーマート八丁堀二丁目店,中央区八丁堀２丁目２０番１号藤和八丁堀ビル１階,35.675983,139.776886,8562,6364
tokyo,13,コンビニ,2026-01-22,法人番号3010802020340有限会社サトナカローソン港白金五丁目店,港区白金５丁目１５番５号Ｋ’Ｓプレイス１階,35.644951,139.722931,8554,6355
tokyo,13,コンビニ,2026-01-31,余宁星ファミリーマートグローバルフロントタワー店,港区芝浦１丁目６番４１号ＧＬＯＢＡＬＦＲＯＮＴＴＯＷＥＲ１階,35.647343,139.75528,8555,6360
tokyo,13,コンビニ,2026-01-01,法人番号2010703001853合名会社Ｙ＆Ｔセブン－イレブン品川シーサイド店,品川区東品川４丁目１１番３６号プライムパークス品川シーサイドザ・タワー１階,35.607693,139.747269,8545,6359
tokyo,13,コンビニ,2026-01-31,大橋議弘ファミリーマート大崎広小路駅前店,品川区大崎４丁目１番２号ウィン第２五反田ビル１階ＢＣ区画,35.622665,139.722916,8549,6355
tokyo,13,コンビニ,2026-01-08,法人番号6030003018493合同会社加藤兄弟セブン－イレブン新宿御苑駅前店,新宿区新宿１丁目６番５号ソノリティ新宿御苑ビル１階,35.688389,139.709991,8565,6353
tokyo,13,コンビニ,2026-01-06,法人番号6011302012370有限会社友好ローソン新宿歌舞伎町二丁目店,新宿区歌舞伎町２丁目２９番１号第３ウイザードセブンビル１階,35.696613,139.703598,8567,6352
tokyo,13,コンビニ,2026-01-16,法人番号9011101031552ＫＤＤＩ株式会社ローソンＫＤＤＩ新宿ビル店,新宿区西新宿２丁目３番２号ＫＤＤＩビル地下１階,35.688267,139.694778,8565,6351
tokyo,13,コンビニ,2026-01-14,法人番号7010003025350あじさい合同会社セブン－イレブン文京白山１丁目店,文京区白山１丁目３３番１９号ライオンズマンション白山駅前１階１０２及び１０３号室,35.721207,139.752243,8573,6360
tokyo,13,コンビニ,2026-01-14,法人番号3010001248700株式会社杏和未来セブン－イレブン文京湯島１丁目店,文京区湯島１丁目８番２号ＭＫ御茶ノ水ビル１階１０１,35.702038,139.765427,8568,6362
tokyo,13,コンビニ,2026-01-14,法人番号7010003025350あじさい合同会社セブン－イレブン文京白山上店,文京区向丘１丁目１０番２号ザ・プラザオーベル白山１階１０１,35.722809,139.753647,8573,6360
tokyo,13,コンビニ,2026-01-26,法人番号2010501031607ティマイオス株式会社ファミリーマート鶯谷駅北店,台東区根岸１丁目８番１８号高松ビル１階,35.722679,139.777588,8573,6364
tokyo,13,コンビニ,2026-01-16,法人番号6013301037596株式会社ＬＳＧローソンストア１００台東清川店,台東区清川２丁目５番６号光建ハイムブリリアンス浅草１階,35.726574,139.800858,8574,6368
tokyo,13,コンビニ,2026-01-31,髙田拓ファミリーマート墨田亀沢四丁目店,墨田区亀沢４丁目１６番１６号建物１階,35.697571,139.807541,8567,6369
tokyo,13,コンビニ,2026-01-23,法人番号4010002053066有限会社白山屋ローソン江東区総合区民センター前店,江東区大島４丁目５番１１号藤和西大島コープ１階,35.689255,139.827744,8565,6372
tokyo,13,コンビニ,2026-01-30,法人番号3010602023758有限会社吉田屋酒店セブン－イレブン江東南砂７丁目南店,江東区南砂７丁目１７番５号,35.666779,139.837875,8560,6374
tokyo,13,コンビニ,2026-01-31,法人番号2013301010706株式会社ファミリーマートファミリーマート江東北砂店,江東区北砂５丁目１７番１号ＳＫ－２１１階,35.681709,139.834137,8563,6373
tokyo,13,コンビニ,2026-01-01,法人番号2010703001853合名会社Ｙ＆Ｔセブン－イレブン武蔵小山パルム店,品川区荏原４丁目４番１号プレジールトキワ１階,35.616261,139.708542,8547,6353
tokyo,13,ドラッグ・薬局,2026-01-16,法人番号1430001010672株式会社ツルハツルハドラッグ戸越公園中央店,品川区戸越４丁目９番１８号戸越パークビル１階,35.610893,139.718872,8546,6355
tokyo,13,コンビニ,2026-01-28,法人番号8010501041831株式会社有為ファミリーマート自由が丘マリ・クレール通り店,目黒区自由が丘１丁目７番１７号マイセンリアン自由が丘,35.607613,139.670578,8545,6347
tokyo,13,コンビニ,2026-01-31,芋田元樹ファミリーマート祐天寺駅前店,目黒区五本木１丁目３１番７号ファミーユ・ヴァンドゥ１階,35.637653,139.690872,8553,6350
tokyo,13,コンビニ,2026-01-08,佐々木直人セブン－イレブン大田区京浜島店,大田区京浜島２丁目３番１７号京浜ショッピングビル１階及び２階,35.57193,139.764557,8537,6362
tokyo,13,コンビニ,2026-01-28,法人番号2010801016902株式会社スズセンローソン大田中馬込二丁目店,大田区中馬込２丁目１８番７号ＭａｉｓｏｎｄｅＧｒａｃｅＭａｇｏｍｅ１階,35.595543,139.709824,8542,6353
tokyo,13,コンビニ,2026-01-16,法人番号7010802000644有限会社アドバンスサービスイチノへセブン－イレブン大田区東雪谷中原街道店,大田区東雪谷２丁目８番８号ＭａｉｓｏｎＫ．Ｔ１階,35.597637,139.684082,8543,6349
tokyo,13,コンビニ,2026-01-29,法人番号2013301010706株式会社ファミリーマートファミリーマート羽田空港第１ターミナル店,大田区羽田空港３丁目３番２号羽田空港第１ターミナルビル１階,35.549461,139.78389,8531,6365
tokyo,13,コンビニ,2026-01-31,法人番号1010902002232有限会社栄進ファミリーマート三軒茶屋目青通り店,世田谷区太子堂４丁目１８番１４号,35.645264,139.669571,8554,6347
tokyo,13,コンビニ,2026-01-01,法人番号2011003002823合同会社ろくごうセブン－イレブン渋谷笹塚駅前店,渋谷区笹塚１丁目５７番５号松吉ビル１階,35.673687,139.666626,8561,6346
tokyo,13,コンビニ,2026-01-26,法人番号8011002020457有限会社セブンワイズローソンＳ青少年総合センター店,渋谷区代々木神園町３番１号国立オリンピック記念青少年総合センター宿泊Ｄ棟１階,35.673958,139.69165,8561,6350
tokyo,13,コンビニ,2026-01-08,法人番号1010701035020株式会社ローソンアーバンワークスローソン杉並高井戸西一丁目店,杉並区高井戸西１丁目２１番１７号Ｎハイム１階,35.683712,139.607376,8564,6337
tokyo,13,コンビニ,2026-01-09,法人番号6011302012370有限会社友好ローソン杉並阿佐ヶ谷北二丁目店,杉並区阿佐谷北２丁目１３番１４号ロイヤルビル１階１０２号室及び１０３号室,35.706184,139.635635,8569,6341
tokyo,13,コンビニ,2026-01-06,澤田茂光ファミリーマート東池袋四丁目店,豊島区東池袋４丁目２９番１２号サンフラット佐藤１階,35.727356,139.720627,8574,6355
tokyo,13,ドラッグ・薬局,2026-01-01,法人番号7180301016951株式会社スギ薬局スギドラッグ板橋徳丸店,板橋区徳丸３丁目４１番２１号トックマルット１階,35.776161,139.656601,8586,6345
tokyo,13,コンビニ,2026-01-15,町田二郎セブン－イレブン練馬桜台１丁目店,練馬区桜台１丁目４５番１２号,35.741024,139.661728,8577,6345
tokyo,13,コンビニ,2026-01-31,法人番号1011201014472株式会社エニーデイファミリーマート中村橋駅西店,練馬区中村北４丁目１２番４号ヴォーガコルテ中村橋１階,35.735859,139.635239,8576,6341
tokyo,13,コンビニ,2026-01-07,位下明菜ファミリーマート練馬大泉街道店,練馬区東大泉３丁目１番７号ガーデンコート大泉学園１階,35.750786,139.591476,8580,6334
tokyo,13,コンビニ,2026-01-31,千葉英嗣ファミリーマート足立中央本町四丁目店,足立区中央本町４丁目１１番３６号,35.773716,139.807602,8585,6369
tokyo,13,コンビニ,2026-01-08,中田稔昭セブン－イレブン八王子南大沢４丁目店,八王子市南大沢４丁目８番地２,35.607975,139.37468,8545,6299
tokyo,13,ドラッグ・薬局,2026-01-08,法人番号1040001036939株式会社マツモトキヨシ薬マツモトキヨシ京王八王子駅前店,八王子市明神町４丁目７番１５号落合ビル１階,35.658268,139.342468,8557,6294
tokyo,13,コンビニ,2026-01-23,高野廣朗セブン－イレブン立川上砂町２丁目店,立川市上砂町２丁目１７番地の５,35.722382,139.392746,8573,6302
tokyo,13,ドラッグ・薬局,2026-01-26,法人番号1040001036939株式会社マツモトキヨシ薬マツモトキヨシ東大和市駅前店,東大和市南街５丁目９７番１号陽栄東大和ビル１階,35.734268,139.434448,8576,6309
tokyo,13,コンビニ,2026-01-01,法人番号4012402023598有限会社イースト福生セブン－イレブン東福生駅南店,福生市大字福生２１３１番地１,35.741077,139.321472,8577,6291
tokyo,13,コンビニ,2026-01-09,村林宏隆ファミリーマート府中是政店,府中市是政１丁目３４番地の２２,35.662521,139.495438,8559,6319
tokyo,13,コンビニ,2026-01-14,法人番号3012401033748株式会社クラウンオーキッドセブン－イレブン府中八幡町店,府中市八幡町２丁目２番地の２なみきビル１階,35.670094,139.486298,8560,6317
tokyo,13,コンビニ,2026-01-23,宮澤靖セブン－イレブン府中分梅店,府中市分梅町３丁目６２番地の１,35.667641,139.459061,8560,6313
tokyo,13,ドラッグ・薬局,2026-01-13,法人番号9290001025414株式会社コスモス薬品ドラッグコスモス貝取店,多摩市貝取１丁目２５番地の１建物１階,35.624947,139.441513,8549,6310
tokyo,13,コンビニ,2026-01-08,伊藤智子ファミリーマート東久留米前沢店,東久留米市前沢４丁目４番１２号,35.745243,139.514038,8578,6322
tokyo,13,コンビニ,2026-01-16,由井拓也ファミリーマート小平喜平町店,小平市喜平町１丁目１１番２号,35.716476,139.48851,8571,6318
tokyo,13,コンビニ,2026-01-31,法人番号8030001016803株式会社クレドファミリーマート東村山久米川町五丁目店,東村山市久米川町５丁目１９番地８,35.773769,139.471802,8585,6315
toyama,16,コンビニ,2026-01-16,櫻木真介ファミリーマートＤＳＧワールド豊田／Ｓ店,富山市豊田本町３丁目１８３番地４,36.7257,137.239273,8814,5958
toyama,16,コンビニ,2026-01-31,吉田完ローソン高岡清水町店,高岡市清水町１丁目１４４番地１,36.740688,137.003067,8817,5920
wakayama,30,ドラッグ・薬局,2026-01-06,法人番号9290001025414株式会社コスモス薬品ドラッグコスモス和歌山南インター店,和歌山市森小手穂１３３番地１,34.207687,135.225754,8209,5636
wakayama,30,コンビニ,2026-01-06,河野一也セブン－イレブン和歌山中之島店,和歌山市中之島４７７番地２,34.243626,135.189789,8218,5630
yamagata,06,ドラッグ・薬局,2026-01-09,法人番号1430001010672株式会社ツルハツルハドラッグ天童糠塚店,天童市糠塚一丁目1番3号,38.365471,140.377365,9207,6460
yamagata,06,コンビニ,2026-01-27,羽川啓一セブン－イレブン中山長崎店,東村山郡中山町大字長崎3208番地3,38.330025,140.278717,9199,6444
yamaguchi,35,コンビニ,2026-01-01,濱本恵美セブンーイレブン下関吉田店,下関市大字吉田821番地12,34.088898,131.063248,8181,4970
yamanashi,19,コンビニ,2026-01-22,古屋和広セブン－イレブン甲府善光寺店,甲府市善光寺３丁目１番６号,35.661354,138.591522,8558,6174
yamanashi,19,コンビニ,2026-01-31,若杉武史ファミリーマート甲府昭和店,中巨摩郡昭和町西条５０３７番地,35.640076,138.543427,8553,6166
yamanashi,19,ドラッグ・薬局,2026-01-10,法人番号1430001010672株式会社ツルハツルハドラッグ山梨石森店,山梨市下石森３２番地,35.677364,138.689758,8562,6190
yamanashi,19,コンビニ,2026-01-08,法人番号6090001013400渡ゆう株式会社ローソン富士吉田大明見二丁目店,富士吉田市大明見２丁目２２番３５号,35.477962,138.816208,8514,6210
aichi,23,コンビニ,2026-02-05,肖駿華ファミリーマート千種今池一丁目店,名古屋市千種区今池一丁目19番1号,35.168686,136.932983,8440,5909
aichi,23,コンビニ,2026-02-24,薛琬セブン－イレブン名古屋東谷橋南店,名古屋市守山区上志段味山の田1020番地,35.256832,137.042969,8461,5926
aichi,23,コンビニ,2026-02-01,法人番号3180001127664金昌株式会社ローソン豊山町青山店,西春日井郡豊山町大字青山字高添142番地1,35.255604,136.905121,8461,5904
aichi,23,コンビニ,2026-02-26,楊衛光セブン－イレブン清須廻間1丁目店,清須市廻間一丁目16番地8,35.215813,136.834152,8451,5893
aichi,23,コンビニ,2026-02-16,法人番号2180001162976株式会社成想ローソン中村二瀬町店,名古屋市中村区二瀬町1番地1,35.16098,136.849426,8438,5895
aichi,23,コンビニ,2026-02-18,趙飛セブン－イレブン名古屋名駅南2丁目東店,名古屋市中村区名駅南二丁目8番1号,35.165752,136.889877,8439,5902
aichi,23,コンビニ,2026-02-04,岩﨑茉那美ローソン中区大井町店,名古屋市中区大井町5番8号,35.151234,136.907059,8436,5905
aichi,23,コンビニ,2026-02-28,法人番号2013301010706株式会社ファミリーマートファミリーマート九丁堀店,名古屋市中区金山一丁目1番2号,35.14716,136.899582,8435,5903
aichi,23,ドラッグ・薬局,2026-02-17,法人番号7180301016951株式会社スギ薬局スギドラッグ瑞穂南店,名古屋市瑞穂区瑞穂通7丁目28番地の1,35.121117,136.93634,8429,5909
aichi,23,コンビニ,2026-02-01,法人番号4010001030181ミニストップ株式会社ミニストップ名古屋供米田店,名古屋市中川区供米田一丁目602番地,35.13678,136.817535,8432,5890
aichi,23,コンビニ,2026-02-16,法人番号1180001103007株式会社輝豊ローソン港区入場一丁目店,名古屋市港区入場一丁目2803番地,35.113152,136.852112,8427,5896
aichi,23,コンビニ,2026-02-01,安藤聡ローソンストア100三河三谷店,蒲郡市三谷北通二丁目57番地,34.81958,137.249847,8356,5959
aichi,23,ドラッグ・薬局,2026-02-26,法人番号7180301016951株式会社スギ薬局スギドラッグ豊橋前田店,豊橋市前田南町二丁目19番地6,34.753334,137.394424,8340,5983
aichi,23,コンビニ,2026-02-28,法人番号1180303005702ランクフィールド合同会社セブン－イレブン豊橋みゆき店,豊橋市西幸町字笠松218番地1,34.73288,137.403427,8335,5984
aichi,23,コンビニ,2026-02-19,谷口和也セブン－イレブン一宮市役所前店,一宮市大江一丁目13番6号,35.304653,136.80423,8473,5888
aichi,23,コンビニ,2026-02-28,河田哲朗ファミリーマート稲沢大里店,稲沢市日下部西町二丁目71番地7,35.226463,136.819489,8454,5891
aichi,23,コンビニ,2026-02-25,玉井将進セブン－イレブン瀬戸西脇町店,瀬戸市西脇町2番地1,35.204479,137.075073,8449,5932
aichi,23,コンビニ,2026-02-01,法人番号4010001030181ミニストップ株式会社ミニストップ刈谷西境町店,刈谷市西境町本郷77番地1,35.049541,137.029587,8411,5924
aichi,23,コンビニ,2026-02-18,鈴木崇臣ファミリーマート碧南伏見屋店,碧南市三宅町三丁目14番地,34.883507,137.008652,8372,5921
aichi,23,コンビニ,2026-02-19,田野栄字ローソン三河安城本町店,安城市三河安城本町一丁目34番地4,34.969612,137.057602,8392,5929
aichi,23,コンビニ,2026-02-28,法人番号2013301010706株式会社ファミリーマートファミリーマート碧南鶴見町店,碧南市鶴見町六丁目37番地,34.900253,136.995834,8376,5919
aichi,23,コンビニ,2026-02-10,法人番号6180301021052株式会社ＭＡＳＳＯローソンみよし湯ノ前店,みよし市三好町湯ノ前118番地,35.089748,137.073257,8421,5931
aichi,23,ドラッグ・薬局,2026-02-10,法人番号7180301016951株式会社スギ薬局スギドラッグ美里西店,豊田市美里五丁目13番地4,35.076385,137.179428,8418,5948
aichi,23,ドラッグ・薬局,2026-02-05,法人番号1430001010672株式会社ツルハツルハドラッグ東野北店,春日井市東野町三丁目15番地1,35.269066,136.985306,8464,5917
aichi,23,コンビニ,2026-02-14,法人番号6180002066272有限会社ショウユウファミリーマート春日井高山町店,春日井市高山町二丁目12番地8,35.255714,136.953827,8461,5912
aichi,23,コンビニ,2026-02-25,加藤康成セブン－イレブン春日井旭町1丁目店,春日井市旭町一丁目4番地1,35.231857,136.955475,8455,5912
akita,05,コンビニ,2026-02-01,法人番号9410001004363株式会社Ｋ＆Ｋメルシローソン秋田広面蓮沼店,秋田市広面字蓮沼101番地1,39.726753,140.150238,9534,6424
akita,05,コンビニ,2026-02-01,鈴木真太郎ローソン秋田仁井田緑町店,秋田市仁井田緑町1番7号,39.693165,140.120773,9526,6419
akita,05,コンビニ,2026-02-06,山内浩セブン－イレブン秋田湯沢北店,湯沢市杉沢字森道下1番地1,39.187412,140.498886,9404,6479
akita,05,コンビニ,2026-02-25,梅田博之セブン－イレブン湯沢古館町店,湯沢市古館町1番3号,39.169647,140.48996,9400,6478
akita,05,コンビニ,2026-02-01,法人番号3410002013682有限会社オーケー企画ローソン刈和野バイパス店,大仙市北楢岡字中嶋88番地5,39.527725,140.38205,9486,6461
aomori,02,コンビニ,2026-02-01,櫻庭壽幸ローソン平内小湊店,東津軽郡平内町大字小湊字下槻18番地1,40.924492,140.961258,9821,6553
aomori,02,コンビニ,2026-02-01,法人番号8420002009353小ガ松有限会社ローソン八戸売市四丁目店,八戸市売市四丁目7番13号,40.512531,141.471375,9723,6635
aomori,02,コンビニ,2026-02-28,小笠原礼子ファミリーマート八戸第二魚市場店,八戸市江陽四丁目9番9号,40.528046,141.515533,9726,6642
aomori,02,コンビニ,2026-02-28,佐々木隆義ファミリーマート三戸町斗内店,三戸郡三戸町大字斗内字荒巻41番地3,40.344009,141.206207,9682,6592
chiba,12,コンビニ,2026-02-01,法人番号1040001101940株式会社Ｋ’ｓプランニングローソン稲毛作草部店,千葉市稲毛区作草部町１２５２番地１,35.630947,140.119125,8551,6419
chiba,12,コンビニ,2026-02-01,法人番号9011101050321アトライズエナジー株式会社ローソン市原辰巳団地入口店,市原市八幡２６１番地１,35.524822,140.124832,8525,6419
chiba,12,コンビニ,2026-02-18,法人番号8040002010705有限会社マゴエンセブン－イレブン千葉あすみが丘東４丁目店,千葉市緑区あすみが丘東４丁目１９番地１,35.523663,140.277969,8525,6444
chiba,12,コンビニ,2026-02-01,武内晶ファミリーマート武石インター店,千葉市花見川区武石町１丁目２３６番地２,35.672066,140.065262,8561,6410
chiba,12,ドラッグ・薬局,2026-02-16,法人番号1040001036939株式会社マツモトキヨシドラッグストアマツモトキヨシ原木中山駅東口店,船橋市本中山６丁目４番１５号,35.704376,139.94281,8569,6390
chiba,12,コンビニ,2026-02-01,法人番号2010701019195株式会社ローソンローソン鎌ケ谷道野辺本町一丁目店,鎌ケ谷市道野辺本町１丁目１４番１５号,35.763817,139.99826,8583,6399
chiba,12,ドラッグ・薬局,2026-02-16,法人番号1040001036939株式会社マツモトキヨシ薬マツモトキヨシ流山おおたかの森Ｓ．Ｃ店,流山市おおたかの森南１丁目５番地の１流山おおたかの森Ｓ．Ｃ．アネックス１１階１０４号店,35.870468,139.92627,8608,6388
chiba,12,コンビニ,2026-02-28,法人番号3040001113422株式会社ＭＩＡＳＭＩＬＥファミリーマート常盤平六丁目店,松戸市常盤平６丁目２番地の９,35.797447,139.958557,8591,6393
chiba,12,コンビニ,2026-02-01,法人番号4010001030181ミニストップ株式会社ミニストップ印西草深店,印西市草深２１５８番地３,35.798492,140.159058,8591,6425
chiba,12,コンビニ,2026-02-12,鎌田あすかファミリーマート成田東武ホテルエアポート店,成田市取香３２０番地１成田東武ホテルエアポート１階,35.780506,140.379913,8587,6460
chiba,12,コンビニ,2026-02-16,法人番号7040001139562株式会社サカエサービスセブン－イレブン成田囲護台南店,成田市囲護台１２３７番地１,35.775856,140.308167,8586,6449
chiba,12,コンビニ,2026-02-28,法人番号4040001047594株式会社工藤工務店ファミリーマート成田ゲートウェイホテル店,成田市大山６５８番地成田ゲートウェイホテル２階,35.780388,140.348831,8587,6455
ehime,38,コンビニ,2026-02-06,久保貴弘セブン－イレブン伊予市郡中店,伊予市米湊８０７番地１,33.75951,132.704254,8102,5232
ehime,38,コンビニ,2026-02-06,越智秀次ファミリーマート東温志津川店,東温市志津川甲１５０４番地５,33.805626,132.872589,8113,5259
ehime,38,ドラッグ・薬局,2026-02-16,法人番号9290001025414株式会社コスモス薬品ドラッグコスモス西条大町店,西条市大町５２４番地１５,33.919029,133.191467,8140,5310
fukui,18,コンビニ,2026-02-19,増永悠矢セブン－イレブン鯖江御幸町１丁目店,鯖江市御幸町１丁目204番地４,35.977299,136.197525,8634,5791
fukui,18,コンビニ,2026-02-01,本木美千代ローソン丸岡寅国店,坂井市丸岡町寅国第３号５番地,36.141155,136.268982,8673,5803
fukui,18,コンビニ,2026-02-16,杉山誠崇ローソン丸岡一本田店,坂井市丸岡町一本田福所23字３番地１,36.158817,136.264755,8678,5802
fukuoka,40,コンビニ,2026-02-06,大内昭人セブン－イレブン水巻梅ノ木団地店,遠賀郡水巻町梅ノ木団地４番１号,33.866489,130.690765,8127,4910
fukuoka,40,コンビニ,2026-02-17,下条孝喜ファミリーマート小倉黒住店,北九州市小倉北区黒住町２５番２０号,33.863342,130.8927,8127,4942
fukuoka,40,コンビニ,2026-02-19,尾上優一ファミリーマートリーガロイヤルホテル小倉／Ｓ店,北九州市小倉北区浅野二丁目１４番２号リーガロイヤルホテル１階,33.888737,130.883575,8133,4941
fukuoka,40,コンビニ,2026-02-27,原田永生セブン－イレブン八幡春の町５丁目店,北九州市八幡東区春の町五丁目２番７号,33.866886,130.804962,8128,4928
fukuoka,40,コンビニ,2026-02-16,中園正和セブン－イレブン博多駅南３丁目店,福岡市博多区博多駅南三丁目１１番７号リオグランデ博多１階,33.581348,130.426758,8059,4868
fukuoka,40,コンビニ,2026-02-24,法人番号4010001008806山崎製パン株式会社デイリーヤマザキ博多駅東店,福岡市博多区博多駅東三丁目１番２４号S-GATE博多駅東１階,33.585564,130.425385,8060,4868
fukuoka,40,スーパー,2026-02-16,法人番号2012301001723株式会社富澤商店富澤商店イオンモール福岡店,糟屋郡粕屋町大字酒殿字老ノ木１９２番地１イオンモール福岡１階,33.596455,130.480286,8063,4876
fukuoka,40,スーパー,2026-02-06,法人番号6290001017604イオン九州株式会社マックスバリュエクスプレス高砂２丁目店,福岡市中央区高砂二丁目１０番４号,33.576164,130.411423,8058,4865
fukuoka,40,コンビニ,2026-02-18,法人番号4290801026005ＭＡＲＵＹＡＷＯＲＫＳ株式会社ファミリーマート飯塚穂波／Ｓ店,飯塚市弁分３９番地１,33.623947,130.6689,8069,4907
fukuoka,40,コンビニ,2026-02-18,馬場幸三ファミリーマート行橋行事店,行橋市行事四丁目１９番２０号,33.736691,130.976059,8096,4956
fukuoka,40,ドラッグ・薬局,2026-02-02,法人番号9290001025414株式会社コスモス薬品ドラッグコスモス仲畑店,大野城市仲畑四丁目２７番１８号,33.548153,130.471054,8051,4875
fukuoka,40,コンビニ,2026-02-06,法人番号8300002010752有限会社森商事ファミリーマート西鉄春日原駅店,春日市春日原北町三丁目９０番地１,33.537411,130.472336,8048,4875
fukushima,07,コンビニ,2026-02-01,法人番号9380001008500株式会社未来企画ファミリーマート郡山小原田中学校前店,郡山市小原田二丁目17番16号,37.381004,140.387085,8971,6461
fukushima,07,コンビニ,2026-02-19,法人番号9380001008500株式会社未来企画ファミリーマート郡山富久山梅田店,郡山市富久山町久保田字梅田1番地の1,37.405491,140.38736,8977,6461
fukushima,07,コンビニ,2026-02-27,法人番号8380002018879有限会社オオサカヤセブン－イレブン白河結城店,白河市結城55番地2,37.120132,140.227921,8908,6436
fukushima,07,コンビニ,2026-02-19,法人番号3380002020583有限会社マーサーショップセブン－イレブン鏡石境店,岩瀬郡鏡石町境172番地,37.245411,140.334549,8938,6453
gifu,21,コンビニ,2026-02-01,法人番号7200002018484有限会社ウエテツローソン岐阜福富店,岐阜市福富迎田3番地1,35.478882,136.825714,8514,5892
gifu,21,コンビニ,2026-02-01,法人番号5200001032356株式会社Ｔ’ｓＣＯＭＰＡＳＳファミリーマート笠松東金池店,羽島郡笠松町東金池町143番地1,35.37463,136.768127,8489,5882
gifu,21,コンビニ,2026-02-13,石田奈巳ファミリーマート柳津丸野店,岐阜市柳津町丸野四丁目52番地,35.360321,136.730957,8486,5876
gifu,21,コンビニ,2026-02-01,法人番号5200001032356株式会社Ｔ’ｓＣＯＭＰＡＳＳファミリーマート上石津牧田店,大垣市上石津町牧田2129番地1,35.332916,136.487198,8479,5837
gifu,21,コンビニ,2026-02-28,法人番号8200001038425株式会社Ｌｕｋｅファミリーマート可児土田東山店,可児市土田5529番地1,35.427605,137.021713,8502,5923
gumma,10,コンビニ,2026-02-28,法人番号4070001012686永田商事株式会社ファミリーマート前橋下小出町店,前橋市下小出町一丁目２番地９,36.406975,139.066223,8737,6250
gumma,10,コンビニ,2026-02-19,法人番号7070001039917株式会社鳳来商会ファミリーマート玉村町福島店,佐波郡玉村町大字福島１０９４番地１,36.309856,139.125427,8714,6260
gumma,10,コンビニ,2026-02-16,杉山雅彦ファミリーマート太田鳥山店,太田市鳥山中町１５８３番地３,36.319073,139.347229,8716,6295
gumma,10,ドラッグ・薬局,2026-02-18,法人番号9290001025414株式会社コスモス薬品ドラッグコスモス藤岡インター店,藤岡市中２０００番地９,36.2747,139.073685,8705,6251
hiroshima,34,コンビニ,2026-02-16,法人番号3240001058234株式会社ＶｉｃｔｏｒｙＯｃｅａｎｓセブン－イレブンピースウィング広島店,広島市中区基町15番2-1号広島ｻｯｶｰｽﾀｼﾞｱﾑ1階1-1区画,34.401646,132.453812,8256,5192
hiroshima,34,コンビニ,2026-02-18,法人番号5240001056657株式会社ポプラリテールローソン広島小町店,広島市中区小町7番1号,34.387684,132.460037,8253,5193
hiroshima,34,コンビニ,2026-02-01,山元太揮セブン－イレブン広島皆実１丁目北店,広島市南区皆実町一丁目8番17号,34.379627,132.466873,8251,5194
hiroshima,34,コンビニ,2026-02-01,法人番号2500001010862株式会社和ポプラＮｉｋｋｏ福山明神町店,福山市明神町二丁目17番22号,34.489937,133.399963,8277,5343
hiroshima,34,コンビニ,2026-02-19,石丸大輔ファミリーマート西条御条町店,東広島市西条御条町5番32号,34.422417,132.744202,8261,5239
hiroshima,34,コンビニ,2026-02-28,法人番号9240001015799株式会社フロムシステムダイレクトファミリーマート大竹西栄店,大竹市西栄一丁目12番9号,34.215946,132.225677,8211,5156
hyogo,28,コンビニ,2026-02-01,山下暁セブン－イレブン神戸水道筋６丁目店,神戸市灘区水道筋６丁目７番３号,34.710903,135.219833,8330,5635
hyogo,28,コンビニ,2026-02-03,民井裕大セブン－イレブン神戸菅原通１丁目店,神戸市長田区菅原通１丁目１５番地,34.665401,135.158905,8319,5625
hyogo,28,コンビニ,2026-02-28,法人番号3140002024204ジー・ネットワーク有限会社ファミリーマート舞子駅前店,神戸市垂水区東舞子町９番９－１０１号,34.633987,135.032715,8312,5605
hyogo,28,コンビニ,2026-02-28,春純仁セブン－イレブン神戸明神町店,神戸市須磨区明神町１丁目２番７号,34.66547,135.128799,8319,5620
hyogo,28,コンビニ,2026-02-01,宮本健太郎セブン－イレブン神戸坂口通３丁目店,神戸市中央区坂口通３丁目２番１３号,34.707935,135.209976,8329,5633
hyogo,28,ドラッグ・薬局,2026-02-25,法人番号9120001030612株式会社コクミンコクミンドラッグ神戸空港国際線ゲート内店,神戸市中央区神戸空港１番神戸空港第２ターミナルビル１階（国際線ゲート内）,34.633934,135.224228,8312,5635
hyogo,28,コンビニ,2026-02-01,土井えみ子セブン－イレブン姫路兼田店,姫路市兼田１８４番地１,34.804482,134.69899,8353,5551
hyogo,28,コンビニ,2026-02-01,眞井海輝ファミリーマート西夢前台五丁目店,姫路市広畑区西夢前台５丁目３６番１２号,34.830757,134.639008,8359,5542
hyogo,28,コンビニ,2026-02-01,法人番号4010001030181ミニストップ株式会社ミニストップ尼崎口田中店,尼崎市口田中１丁目２０番３０号,34.755077,135.432556,8341,5669
hyogo,28,スーパー,2026-02-17,法人番号6140001049372株式会社スーパー王子スーパーオオジ武庫之荘北店,尼崎市武庫之荘７丁目７番２号,34.761642,135.393646,8342,5662
hyogo,28,コンビニ,2026-02-01,新谷歩ファミリーマート西宮里中町店,西宮市里中町３丁目１２番２９号,34.720741,135.370041,8332,5659
hyogo,28,コンビニ,2026-02-01,福長えり子セブン－イレブン神戸魚崎南町４丁目店,神戸市東灘区魚崎南町４丁目１０番１９号,34.711697,135.273163,8330,5643
hyogo,28,コンビニ,2026-02-01,平井直樹ファミリーマート相生文化会館前店,相生市相生６丁目１番地３,34.797421,134.470871,8351,5515
hyogo,28,コンビニ,2026-02-01,豊住恒樹ファミリーマート西鹿沢店,宍粟市山崎町鹿沢１３６番地３,35.003223,134.538528,8400,5526
hyogo,28,コンビニ,2026-02-01,法人番号9140001099910株式会社ラフターローソン御津苅屋店,たつの市御津町苅屋４７３番地１,34.782272,134.564148,8347,5530
hyogo,28,ドラッグ・薬局,2026-02-09,法人番号9290001025414株式会社コスモス薬品ドラッグコスモス加東社店,加東市社１１６１番地,34.916321,134.963181,8379,5594
hyogo,28,コンビニ,2026-02-01,三宅定男ファミリーマート和田山林垣店,朝来市和田山町林垣２２７番地１,35.362999,134.83313,8487,5573
ibaraki,08,コンビニ,2026-02-24,谷畑広行ファミリーマート土浦神立駅前店,土浦市神立中央一丁目１１番４３号,36.120388,140.247589,8668,6439
ibaraki,08,コンビニ,2026-02-28,法人番号2013301010706株式会社ファミリーマートファミリーマート古河坂間店,古河市坂間９１番地５,36.162266,139.707245,8678,6353
ibaraki,08,コンビニ,2026-02-28,小島裕司ファミリーマートしもつま鬼怒店,下妻市鬼怒２１３番地１,36.157856,139.964478,8677,6394
ibaraki,08,コンビニ,2026-02-01,井川恵太ローソン取手駅東店,取手市中央町１番１号,35.89489,140.062698,8614,6410
ibaraki,08,コンビニ,2026-02-02,法人番号9050003006304合同会社ＦＵＮＷＯＲＫローソン行方山田店,行方市山田１０２１番地７,36.082626,140.517548,8659,6482
ishikawa,17,コンビニ,2026-02-01,北林芳基ローソン金沢押野小学校前,金沢市八日市２丁目457番地,36.545071,136.608627,8770,5857
ishikawa,17,コンビニ,2026-02-20,打山和志セブンーイレブン金沢若宮１丁目店,金沢市若宮１丁目114番地,36.573322,136.631866,8777,5861
ishikawa,17,コンビニ,2026-02-01,法人番号7220001022238株式会社ＢＬＵＥＦＬＯＷＳＩＯＮローソン七尾光陽台店,七尾市光陽台24番地,37.083599,136.925781,8900,5908
ishikawa,17,コンビニ,2026-02-01,法人番号5220001024500株式会社ｌｉｔｔｌｅｇｉｆｔローソン小松大島町店,小松市大島町170番地１,36.433941,136.446869,8744,5831
ishikawa,17,コンビニ,2026-02-20,法人番号5220001015160株式会社ＬｉｇｈｔＷａｖｅファミリーマート小松空港／Ｓ店,小松市浮柳町ヨ50番地,36.405926,136.420837,8737,5827
iwate,03,コンビニ,2026-02-09,中村誠ファミリーマートカネマン盛岡南／Ｓ店,盛岡市東見前9地割18番地1,39.643436,141.167831,9514,6586
iwate,03,コンビニ,2026-02-17,阿部貴信セブン－イレブン盛岡上堂店,盛岡市上堂二丁目7番28号,39.727615,141.122223,9534,6579
iwate,03,コンビニ,2026-02-21,笠寺徹セブン－イレブン盛岡津志田西2丁目店,盛岡市津志田西二丁目12番8号,39.664318,141.150803,9519,6584
iwate,03,コンビニ,2026-02-28,法人番号9400002000354有限会社石亀酒店ファミリーマート盛岡上田四丁目店,盛岡市上田四丁目30番1号,39.72076,141.13501,9532,6581
iwate,03,コンビニ,2026-02-01,小野寺歩ファミリーマート北上鬼柳卯の木店,北上市鬼柳町卯の木192番地1,39.271572,141.098404,9425,6575
iwate,03,コンビニ,2026-02-01,法人番号4010001030181ミニストップ株式会社ミニストップ北上本通り店,北上市本通り一丁目7番20号,39.287552,141.116028,9429,6578
iwate,03,コンビニ,2026-02-16,法人番号8400001017235株式会社Ｄ・Ｋセブン－イレブン花巻石鳥谷バイパス店,花巻市石鳥谷町好地第3地割90番地2,39.500217,141.149384,9480,6583
iwate,03,ドラッグ・薬局,2026-02-12,法人番号1430001010672株式会社ツルハツルハドラッグ遠野店,遠野市松崎町白岩字地森29番地,39.344681,141.54155,9442,6646
kagawa,37,コンビニ,2026-02-04,法人番号7470003002691合同会社１０・３１セブン－イレブン観音寺大野原町中姫店,観音寺市大野原町中姫１１１４番地２,34.09029,133.673492,8181,5387
kanagawa,14,コンビニ,2026-02-16,郭有勇セブン－イレブン横浜鶴見豊岡町店,横浜市鶴見区豊岡町３５番２号ＰｅａｒｌＣｏｕｒｔＴｓｕｒｕｍｉ１階,35.512184,139.674362,8522,6347
kanagawa,14,コンビニ,2026-02-01,法人番号8020001148052株式会社ＨＭＫファミリーマートベイサイド新山下店,横浜市中区新山下２丁目４番１４号,35.439041,139.65834,8505,6345
kanagawa,14,コンビニ,2026-02-05,法人番号1020005001536一般社団法人横浜港湾福利厚生協会ファミリーマートポートストア本牧Ａ突堤中央通り店,横浜市中区本牧ふ頭８番地６,35.445034,139.670181,8506,6347
kanagawa,14,コンビニ,2026-02-25,法人番号1020002048828有限会社ナックスローソンＳＹＣＡＴ店,横浜市西区高島２丁目１９番１２号スカイビル１階,35.464603,139.625,8511,6340
kanagawa,14,コンビニ,2026-02-27,小髙大輝セブン－イレブン横浜鶴ヶ峰本町南店,横浜市旭区鶴ケ峰本町１丁目３５番２５号グランドゥールＪＭ１階,35.476505,139.542511,8514,6326
kanagawa,14,ドラッグ・薬局,2026-02-07,法人番号1040001036939株式会社マツモトキヨシドラッグストアマツモトキヨシ横浜下永谷店,横浜市港南区下永谷５丁目２番１号２階－Ｃ,35.411888,139.560593,8498,6329
kanagawa,14,コンビニ,2026-02-19,法人番号7020001049037株式会社プログレスローソン磯子馬場町店,横浜市磯子区馬場町７番２４号,35.421959,139.626587,8501,6340
kanagawa,14,コンビニ,2026-02-01,法人番号4020001153774Ｅｆｆｏｒｔ株式会社ローソン栄笠間二丁目店,横浜市栄区笠間２丁目１４番８号建物１階,35.356915,139.533386,8485,6325
kanagawa,14,コンビニ,2026-02-01,法人番号8020002006878有限会社ふささんデイリーヤマザキ緑産業道路店,横浜市都筑区池辺町３９７４番地１,35.517506,139.569122,8524,6331
kanagawa,14,コンビニ,2026-02-27,法人番号4020003013514ＣＳ．ＡＧＵＬ合同会社ファミリーマート西八朔町店,横浜市緑区西八朔町１２０１番地１,35.532616,139.52829,8527,6324
kanagawa,14,コンビニ,2026-02-01,濵尾龍太ローソンストア１００川崎旭町店,川崎市川崎区旭町２丁目１６番１０号秀麻マンション１階,35.532059,139.716736,8527,6354
kanagawa,14,スーパー,2026-02-02,法人番号4290001110641株式会社ＳＴリテールトライアル西友武蔵新城店,川崎市中原区上新城２丁目１２番１号建物１階及び２階,35.588089,139.629501,8541,6340
kanagawa,14,ドラッグ・薬局,2026-02-02,法人番号1040001036939株式会社マツモトキヨシドラッグストアマツモトキヨシ川崎今井仲町店,川崎市中原区今井仲町１３番２８号,35.573662,139.650467,8537,6344
kanagawa,14,コンビニ,2026-02-24,林峰ファミリーマート稲田堤駅南店,川崎市多摩区菅１丁目２番３６号,35.632931,139.535446,8551,6325
kanagawa,14,コンビニ,2026-02-12,人見彩乃セブン－イレブン伊勢原沼目２丁目店,伊勢原市沼目２丁目１９番８号,35.391968,139.327744,8494,6292
kanagawa,14,コンビニ,2026-02-19,法人番号5021001038857株式会社ＳＩＤＺセブン－イレブン平塚大島店,平塚市大島４０６番地２,35.375587,139.341797,8490,6294
kanagawa,14,コンビニ,2026-02-26,法人番号1021001036237株式会社海老善セブン－イレブン平塚四之宮７丁目店,平塚市四之宮７丁目１番３号,35.363575,139.361404,8487,6297
kanagawa,14,コンビニ,2026-02-01,法人番号6021002045694有限会社ミッションローソン茅ヶ崎東海岸南店,茅ヶ崎市東海岸南２丁目６番１８号,35.324829,139.411987,8477,6305
kanagawa,14,コンビニ,2026-02-01,法人番号5021001024007株式会社グローイングクローバーローソン矢畑店,茅ヶ崎市矢畑７２８番地,35.338463,139.397385,8481,6303
kanagawa,14,コンビニ,2026-02-01,高橋大和ファミリーマート辻堂新町三丁目店,藤沢市辻堂新町３丁目２番３６号,35.337624,139.458374,8481,6313
kanagawa,14,コンビニ,2026-02-05,山上淳一セブン－イレブン茅ヶ崎下町屋店,茅ヶ崎市下町屋２丁目６番８号,35.331936,139.388046,8479,6302
kanagawa,14,コンビニ,2026-02-16,法人番号2021002008259有限会社サンクローソン藤沢遠藤矢向店,藤沢市遠藤８７１番地,35.373512,139.43074,8489,6308
kanagawa,14,コンビニ,2026-02-12,法人番号4021002050011有限会社土肥祥セブン－イレブン湯河原宮上店,足柄下郡湯河原町宮上７８番地１,35.141026,139.089188,8433,6254
kanagawa,14,コンビニ,2026-02-24,本多重文セブン－イレブン南足柄和田河原店,南足柄市和田河原９７９番地１,35.317364,139.123322,8476,6259
kanagawa,14,コンビニ,2026-02-01,中野英樹ファミリーマート田名豊原店,相模原市中央区田名３９９１番地１,35.556412,139.34845,8533,6295
kanagawa,14,コンビニ,2026-02-02,佐藤莉子ローソン矢部駅前店,相模原市中央区矢部３丁目１番１６号,35.573132,139.386185,8537,6301
kanagawa,14,コンビニ,2026-02-10,法人番号4021001084010幸せ株式会社ローソン相模原千代田店,相模原市中央区千代田６丁目１２番７号,35.559795,139.378113,8534,6300
kanagawa,14,コンビニ,2026-02-16,西山俊彦セブン－イレブン相模原二本松１丁目店,相模原市緑区二本松１丁目１０番１８号,35.593067,139.321442,8542,6291
kanagawa,14,コンビニ,2026-02-06,法人番号2013301010706株式会社ファミリーマートファミリーマート大和代官二丁目店,大和市代官２丁目１７番４号,35.439541,139.458267,8505,6313
kanagawa,14,コンビニ,2026-02-10,法人番号4021001074325株式会社志紀ローソン綾西四丁目店,綾瀬市綾西４丁目１９番１９号,35.432297,139.410202,8503,6305
kochi,39,コンビニ,2026-02-28,法人番号7490002007228有限会社蔵一ファミリーマート高知御座店,高知市北御座７番５号,33.569103,133.5625,8056,5370
kochi,39,コンビニ,2026-02-06,法人番号4490001007792株式会社エリアスセブン－イレブン高知上町３丁目店,高知市上町三丁目４番２２号,33.557968,133.52124,8053,5363
kyoto,26,コンビニ,2026-02-20,卞冠雄セブン－イレブン京都柳馬場仏光寺店,京都市下京区東前町４１５番,35.001648,135.763626,8400,5722
kyoto,26,コンビニ,2026-02-01,眞下卓也ローソン大久保町平盛店,宇治市大久保町平盛６０番地の１,34.869572,135.762177,8368,5721
mie,24,コンビニ,2026-02-14,法人番号4190002007434有限会社マイトファミリーマート四日市川島店,四日市市川島町4124番地2,34.968712,136.549942,8392,5847
mie,24,コンビニ,2026-02-25,法人番号1190003004706合同会社晟順セブン－イレブン四日市ときわ5丁目店,四日市市ときわ五丁目3番37号,34.96328,136.598572,8391,5855
mie,24,コンビニ,2026-02-01,法人番号4010001030181ミニストップ株式会社ミニストップ多度町店,桑名市多度町下野代574番地1,35.114361,136.652283,8427,5864
mie,24,コンビニ,2026-02-03,日下部なおみローソン桑名紺屋町店,桑名市紺屋町37番地,35.062477,136.693146,8414,5870
mie,24,コンビニ,2026-02-09,法人番号1190003001496合資会社Ｌ・Ｉ・Ｔサービスローソン鈴鹿道伯町店,鈴鹿市道伯町1890番地3,34.8587,136.552155,8366,5848
miyagi,04,コンビニ,2026-02-03,法人番号1370002009852有限会社ウイングポートローソン仙台中央三丁目店,仙台市青葉区中央三丁目6番7号,38.259735,140.879578,9182,6540
miyagi,04,スーパー,2026-02-24,法人番号4180001101313イオンビッグ株式会社ザ・ビッグエクスプレス仙台原町店,仙台市宮城野区原町二丁目5番57号,38.265667,140.904114,9183,6544
nagano,20,コンビニ,2026-02-01,市川美佳ファミリーマート長野平林店,長野市平林一丁目３４番４７号,36.652935,138.214066,8796,6114
nagano,20,コンビニ,2026-02-05,法人番号2013301010706株式会社ファミリーマートファミリーマート松本中央二丁目店,松本市中央二丁目７番１号,36.2313,137.969452,8695,6075
nagano,20,ドラッグ・薬局,2026-02-05,法人番号7180301016951株式会社スギ薬局スギドラッグ飯田鼎店,飯田市鼎下山１１７２番地,35.505806,137.831543,8521,6053
nagasaki,42,コンビニ,2026-02-01,田中敏雄ローソン長崎弥生町店,長崎市弥生町４番６１号,32.730812,129.89267,7855,4782
nagasaki,42,コンビニ,2026-02-18,谷恵子ファミリーマート西海樫浦店,西海市大瀬戸町瀬戸樫浦郷２４６２番地,32.942471,129.65036,7906,4744
nagasaki,42,コンビニ,2026-02-27,法人番号6310002003352有限会社ティー・エム・シーローソン長崎白鳥町店,長崎市白鳥町３番４号,32.784615,129.857651,7868,4777
nagasaki,42,コンビニ,2026-02-16,樋渡亨セブン－イレブン平戸宮の町店,平戸市宮の町５９４番地１,33.369095,129.552734,8008,4728
nagasaki,42,コンビニ,2026-02-24,法人番号2013301010706株式会社ファミリーマートファミリーマート平戸大久保町店,平戸市大久保町１８３０番地１,33.394382,129.545532,8014,4727
nara,29,コンビニ,2026-02-28,阿部久実セブン－イレブン生駒北田原町店,生駒市北田原町２４２５番地４,34.734558,135.711044,8336,5713
nara,29,コンビニ,2026-02-17,法人番号2120101035006株式会社ＭＴＮファミリーマート奈良県立医大前店,橿原市四条町８６４番地の４,34.504444,135.794327,8281,5727
nara,29,コンビニ,2026-02-01,法人番号4010001030181ミニストップ株式会社ミニストップ桜井三輪店,桜井市大字三輪１３５番地,34.526867,135.852097,8286,5736
niigata,15,コンビニ,2026-02-12,河内昌幸ファミリーマート新潟前新田店,新潟市北区前新田甲１５７番地１,37.909786,139.225143,9098,6276
niigata,15,コンビニ,2026-02-16,北谷二奈ファミリーマート出雲崎川西店,三島郡出雲崎町大字川西１１９０番地１,37.527447,138.707748,9006,6193
okayama,33,コンビニ,2026-02-01,法人番号6260001040724株式会社ＫＡＺＵローソン岡山西大寺浜店,岡山市東区西大寺浜628番地1,34.64666,134.044846,8315,5447
okayama,33,コンビニ,2026-02-01,原田悠希ファミリーマート連島西之浦店,倉敷市連島町西之浦425番地3,34.548935,133.717926,8291,5394
okayama,33,コンビニ,2026-02-13,田中達人セブン－イレブン倉敷藤戸町店,倉敷市藤戸町藤戸385番地３,34.558823,133.819168,8294,5411
okayama,33,コンビニ,2026-02-19,内田龍一セブン－イレブン玉野田井小学校前店,玉野市田井三丁目8番6号,34.515453,133.945877,8283,5431
okayama,33,コンビニ,2026-02-05,法人番号8260002033832有限会社シタミセブン－イレブン落合栗原店,真庭市栗原891番地8,34.98473,133.704346,8396,5392
okayama,33,コンビニ,2026-02-28,法人番号5260001039569株式会社ふぉれすとセブン－イレブン北房上水田店,真庭市上水田2818番地,34.96603,133.64975,8391,5383
okinawa,47,コンビニ,2026-02-17,翁長正太郎ファミリーマートやえせ外間店,島尻郡八重瀬町字外間１０１番地１,26.177357,127.712608,6282,4434
okinawa,47,コンビニ,2026-02-28,法人番号3360001000497株式会社沖縄ファミリーマートファミリーマート豊見城名嘉地北店,豊見城市字名嘉地３７８番地９,26.180809,127.664284,6283,4426
okinawa,47,コンビニ,2026-02-03,池田均ローソン恩納タイガービーチ前店,国頭郡恩納村字冨着５５４番地１プリンスプラージュ沖縄１階,26.454067,127.819565,6348,4451
okinawa,47,コンビニ,2026-02-10,銘苅朝也ファミリーマート沖縄古謝桃原店,沖縄市古謝１丁目４番２８号,26.335613,127.827766,6320,4452
osaka,27,コンビニ,2026-02-28,戎敏雄ローソンストア１００泉尾一丁目店,大阪市大正区泉尾１丁目３２番８号,34.660656,135.473206,8318,5675
osaka,27,コンビニ,2026-02-01,木村浩希ローソンストア１００城東今福西店,大阪市城東区今福西１丁目１５番３９号,34.698612,135.549484,8327,5687
osaka,27,ドラッグ・薬局,2026-02-10,法人番号7180301016951株式会社スギ薬局スギドラッグ深江橋店,大阪市城東区諏訪２丁目４番２１号,34.684227,135.558838,8324,5689
osaka,27,コンビニ,2026-02-18,法人番号4010001030181ミニストップ株式会社ミニストップ大阪今津北５丁目店,大阪市鶴見区今津北５丁目１番２２号,34.696362,135.580307,8327,5692
osaka,27,コンビニ,2026-02-18,法人番号4010001030181ミニストップ株式会社ミニストップ大阪浜２丁目店,大阪市鶴見区浜２丁目２番５６号,34.707924,135.583145,8329,5693
osaka,27,ドラッグ・薬局,2026-02-27,法人番号7180301016951株式会社スギ薬局スギドラッグ今福西店,大阪市城東区今福西５丁目１３番５号,34.705029,135.548477,8329,5687
osaka,27,コンビニ,2026-02-19,伊藤加奈セブン－イレブンＪＲ寺田町駅南口店,大阪市阿倍野区天王寺町北２丁目５番２６号,34.647007,135.52269,8315,5683
osaka,27,コンビニ,2026-02-19,法人番号6190001031292株式会社共進ファミリーマート東淀川駅北店,大阪市淀川区東三国１丁目２番１４号,34.740833,135.504089,8337,5680
osaka,27,コンビニ,2026-02-10,法人番号9120001034349ウイング株式会社ファミリーマート梅田二丁目店,大阪市北区梅田２丁目１番３号桜橋御幸ビル１階,34.6987,135.495193,8327,5679
osaka,27,コンビニ,2026-02-16,法人番号3120001256873株式会社ＣＲＡＺＹセブン－イレブン大阪東天満１丁目店,大阪市北区東天満１丁目１２番１３号,34.69656,135.514191,8327,5682
osaka,27,コンビニ,2026-02-24,法人番号8120001135404株式会社ヒライセブン－イレブン大阪兎我野町店,大阪市北区兎我野町２番１９号,34.700588,135.505814,8328,5680
osaka,27,ドラッグ・薬局,2026-02-02,法人番号1040001036939株式会社マツモトキヨシ薬マツモトキヨシ御堂筋本町ビル店,大阪市中央区本町３丁目５番７号御堂筋本町ビル地下１階,34.683678,135.501129,8324,5680
osaka,27,ドラッグ・薬局,2026-02-27,法人番号9120001207763株式会社中央ダイコクダイコクドラッグ難波一丁目薬店,大阪市中央区難波１丁目８番６号難波戎橋ビル１階及び２階,34.667465,135.501129,8320,5680
osaka,27,コンビニ,2026-02-18,法人番号2010001166928株式会社チャンスクリエイターセブン－イレブン岸和田加守町２丁目店,岸和田市加守町２丁目６番６号,34.471359,135.384003,8273,5661
osaka,27,コンビニ,2026-02-01,法人番号2120901020388株式会社ｈｉｔｏｔｏｋｉローソン箕面船場阪大前駅店,箕面市船場東３丁目１０番１号,34.821384,135.491364,8357,5678
osaka,27,ドラッグ・薬局,2026-02-03,法人番号7180301016951株式会社スギ薬局スギドラッグ曽根駅東店,豊中市曽根東町１丁目９番２３号,34.77203,135.468582,8345,5674
osaka,27,コンビニ,2026-02-12,新宅祐樹セブン－イレブン豊中稲津町１丁目店,豊中市稲津町１丁目９番７号,34.754505,135.475998,8341,5676
osaka,27,コンビニ,2026-02-28,山田友子ファミリーマート箕面市役所前店,箕面市牧落１丁目７番２５号,34.82629,135.471161,8358,5675
osaka,27,コンビニ,2026-02-13,小田康徳セブン－イレブン和泉一条院町店,和泉市一条院町９２番地１,34.481144,135.438553,8275,5670
osaka,27,コンビニ,2026-02-27,竹田秀樹セブン－イレブン泉大津東助松町店,泉大津市東助松町３丁目１番５号,34.509769,135.420639,8282,5667
osaka,27,コンビニ,2026-02-27,松岡弘将セブン－イレブン和泉和気町店,和泉市和気町１丁目２番３８号,34.478943,135.422226,8274,5667
osaka,27,コンビニ,2026-02-01,法人番号8120002076052有限会社ケイ・エフファミリーローソン交野倉治一丁目店,交野市倉治一丁目５５番１２号,34.792274,135.691345,8350,5710
osaka,27,コンビニ,2026-02-01,法人番号4010001030181ミニストップ株式会社ミニストップ寝屋川上神田店,寝屋川市上神田１丁目３０番１１号,34.75647,135.612305,8341,5697
osaka,27,コンビニ,2026-02-03,法人番号6120001147384株式会社いせや酒店ローソン寝屋川黒原新町店,寝屋川市黒原新町１１番７号,34.757061,135.597183,8341,5695
osaka,27,ドラッグ・薬局,2026-02-10,法人番号9290001025414株式会社コスモス薬品ドラッグコスモス津之江店,高槻市津之江町１丁目４４番１０号,34.840073,135.608536,8361,5697
osaka,27,コンビニ,2026-02-10,行道尚起セブン－イレブン阪南鳥取店,阪南市鳥取２０２番地,34.350418,135.237442,8244,5637
osaka,27,コンビニ,2026-02-04,法人番号4010001030181ミニストップ株式会社ミニストップ門真上野口町店,門真市上野口町９番４号,34.742752,135.605682,8338,5696
osaka,27,コンビニ,2026-02-20,疇地康司ファミリーマート守口西郷通店,守口市西郷通２丁目８番１６号,34.730686,135.572266,8335,5691
osaka,27,コンビニ,2026-02-20,法人番号4010001030181ミニストップ株式会社ミニストップ西三荘駅前店,門真市元町２２番６号ＰａｎａｓｏｎｉｃＸＣＫＡＤＯＭＡ１階,34.73753,135.576126,8337,5692
osaka,27,コンビニ,2026-02-01,法人番号4010001030181ミニストップ株式会社ミニストップ東大阪衣摺店,東大阪市衣摺６丁目１３番９号,34.638279,135.566559,8313,5690
osaka,27,スーパー,2026-02-10,法人番号7150001019464株式会社ボトルワールドＯＫ生鮮＆業務スーパーボトルワールドＯＫ東大阪大蓮店,東大阪市大蓮東４丁目５番６号,34.634827,135.5858,8312,5693
osaka,27,コンビニ,2026-02-28,加藤匡康セブン－イレブン東大阪善根寺町３丁目店,東大阪市善根寺町３丁目１番４１号,34.697407,135.64447,8327,5703
osaka,27,コンビニ,2026-02-28,荒川由敬ファミリーマート新石切北店,東大阪市西石切町１丁目８番１８号,34.682549,135.642792,8323,5702
saga,41,コンビニ,2026-02-01,高柳雅史ファミリーマート佐賀大和インター店,佐賀市大和町大字久池井２５８７番地７,33.315926,130.276932,7995,4844
saga,41,コンビニ,2026-02-28,増田和弘ファミリーマート佐賀西与賀店,佐賀市西与賀町大字厘外１４６４番地１,33.230579,130.273911,7975,4843
saitama,11,コンビニ,2026-02-03,今井恒平ファミリーマート鶴ヶ島鉄砲通り店,鶴ヶ島市大字脚折２１３１番地,35.944286,139.384766,8626,6301
saitama,11,ドラッグ・薬局,2026-02-19,法人番号6030001051892株式会社セキ薬品ドラッグストアセキ原郷店,深谷市原郷４０１番地１０,36.203533,139.293533,8688,6286
saitama,11,コンビニ,2026-02-01,加藤正広ローソン川口栄町一丁目店,川口市栄町一丁目４番２１号ＣＡＳＡＤＥＬＭＡＲＥ１階,35.804005,139.728638,8592,6356
saitama,11,コンビニ,2026-02-01,熊谷聖ローソン・スリーエフ川口朝日四丁目店,川口市朝日四丁目１３番１０号,35.810505,139.743317,8594,6358
saitama,11,コンビニ,2026-02-01,法人番号4030002110385株式会社ストーンフィ−ルドワークスローソン川口栄町店,川口市栄町二丁目６番４−１０１号,35.803425,139.722336,8592,6355
saitama,11,コンビニ,2026-02-01,法人番号5030001099495株式会社エル・ブランディングローソン草加高砂二丁目店,草加市高砂二丁目２１番１８号アレグリア柏屋１階,35.82806,139.806915,8598,6369
saitama,11,コンビニ,2026-02-16,法人番号1030003002056株式会社Ｉ’ｍｐｒｏｖｅファミリーマート川口リリア店,川口市川口三丁目１番１号,35.800964,139.716476,8592,6354
saitama,11,コンビニ,2026-02-01,法人番号9030001132269株式会社ウィングローソンさいたま東浦和二丁目店,さいたま市緑区東浦和二丁目２３番地１０,35.860256,139.699234,8606,6351
saitama,11,コンビニ,2026-02-01,鄭菊芳ファミリーマート南浦和店,さいたま市南区南浦和二丁目３５番１０号,35.848621,139.671295,8603,6347
saitama,11,コンビニ,2026-02-26,前田真吾ファミリーマートさいたま大和田店,さいたま市見沼区大和田町二丁目１１４０番地,35.931473,139.646896,8623,6343
saitama,11,ドラッグ・薬局,2026-02-26,法人番号9290001025414株式会社コスモス薬品ドラッグコスモスさいたま吉野町店,さいたま市北区吉野町一丁目３５８番地１,35.949459,139.612793,8627,6338
saitama,11,コンビニ,2026-02-02,法人番号8030002057185有限会社大澤ファミリーマート加須駅北口店,加須市中央一丁目５番１９号飯田ビル１Ｆ,36.124035,139.596054,8669,6335
saitama,11,コンビニ,2026-02-20,法人番号5030001090974株式会社矢尾百貨店ファミリーマート矢尾秩父店,秩父市上町一丁目５番９号,35.992367,139.079361,8638,6252
saitama,11,コンビニ,2026-02-01,法人番号4010001030181ミニストップ株式会社ミニストップ所沢上新井店,所沢市上新井二丁目６１番地７,35.793903,139.444092,8590,6311
saitama,11,コンビニ,2026-02-27,篠政宏ファミリーマート入曽駅前店,狭山市大字南入曽５８５番地１,35.832897,139.426926,8599,6308
saitama,11,ドラッグ・薬局,2026-02-27,法人番号7180301016951株式会社スギ薬局スギドラッグ新狭山店,狭山市新狭山二丁目２０番地３ベイシアタウン新狭山１階,35.873394,139.427704,8609,6308
saitama,11,コンビニ,2026-02-16,小野慎二ファミリーマート高坂駅東口店,東松山市高坂二丁目６番地１５,36.003307,139.398117,8640,6303
saitama,11,コンビニ,2026-02-09,高瀬宣之ファミリーマート幸手中四丁目店,幸手市中四丁目１４番４２号,36.076794,139.716629,8658,6354
saitama,11,コンビニ,2026-02-26,羽田野信ファミリーマート鴻巣御成橋店,鴻巣市滝馬室１１１４番地２,36.052158,139.504608,8652,6320
sapporo,01,コンビニ,2026-02-01,大沼正嗣ファミリーマート札幌発寒７条店,札幌市西区発寒七条十三丁目１番１号,43.095345,141.273682,10342,6603
sapporo,01,コンビニ,2026-02-27,法人番号3430003009562ＳＥＮ合同会社ファミリーマート札幌プリンスホテル店,札幌市中央区南二条西十一丁目札幌プリンスホテル１階,43.056236,141.340973,10333,6614
sapporo,01,コンビニ,2026-02-01,法人番号2440001008665株式会社ＯｎｅＦａｍｉｌｙファミリーマート函館大手町電停前店,函館市大手町２番１２号,41.767658,140.72403,10024,6515
sapporo,01,コンビニ,2026-02-01,梶川亨セブン-イレブン岩見沢４条通店,岩見沢市四条西十八丁目１０番地,43.195438,141.749573,10366,6679
sapporo,01,コンビニ,2026-02-01,出村直樹セブン-イレブン浦幌町店,十勝郡浦幌町字本町１４番地１,42.811783,143.654785,10274,6984
shiga,25,コンビニ,2026-02-20,松並哲史ファミリーマート大津大将軍店,大津市大将軍１丁目８番１０号,34.994507,135.922241,8398,5747
shiga,25,コンビニ,2026-02-24,法人番号7160002012905有限会社やまぐちローソン近江八幡上野町店,近江八幡市上野町１３７番地,35.101097,136.073044,8424,5771
shiga,25,コンビニ,2026-02-28,法人番号2160001015095株式会社ＳｍｉｌｅＭａｋｅｒファミリーマート草津野路店,草津市野路東４丁目１７番９号,34.997131,135.954788,8399,5752
shimane,32,ドラッグ・薬局,2026-02-16,法人番号1012401000634株式会社サンドラッグサンドラッグ松江黒田店,松江市黒田町430番地1,35.478424,133.047119,8514,5287
shimane,32,コンビニ,2026-02-18,永島充セブン－イレブン東出雲揖屋店,松江市東出雲町揖屋3527番地1,35.43103,133.144211,8503,5303
shimane,32,ドラッグ・薬局,2026-02-09,法人番号9240001021698株式会社ツルハグループドラッグ＆ファーマシー西日本ドラッグストアウェルネス嘉久志店,江津市嘉久志町ｲ1508番地21,35.006775,132.212097,8401,5153
shimane,32,コンビニ,2026-02-01,法人番号1280001007214サン・イン・ハート株式会社ローソン浜山店,出雲市大社町北荒木1057番地1,35.381943,132.697601,8491,5231
shizuoka,22,コンビニ,2026-02-04,ＡＲＹＡＬＭＩＬＡＮファミリーマート静岡追手町南店,静岡市葵区追手町1番6号,34.974888,138.385086,8393,6141
shizuoka,22,スーパー,2026-02-16,法人番号2040001000456イオンリテール株式会社イオンスタイル静岡,静岡市駿河区石田一丁目5番1号,34.959232,138.401062,8390,6144
shizuoka,22,スーパー,2026-02-18,法人番号6010901003292株式会社キャメル珈琲カルディコーヒーファームイオンセントラルスクエア静岡店,静岡市駿河区石田一丁目5番1号,34.959232,138.401062,8390,6144
shizuoka,22,コンビニ,2026-02-17,法人番号1080101025656株式会社月セブン－イレブン御殿場駅前店,御殿場市新橋1859番地の1,35.299767,138.932999,8471,6229
shizuoka,22,コンビニ,2026-02-01,法人番号4080101025918株式会社飛翔グループセブン－イレブン熱海咲見町店,熱海市咲見町10番3号,35.100632,139.074951,8424,6251
shizuoka,22,コンビニ,2026-02-01,法人番号4080101025918株式会社飛翔グループセブン－イレブン熱海中央町店,熱海市中央町19番18号,35.096027,139.07074,8423,6251
shizuoka,22,コンビニ,2026-02-01,法人番号4080101025918株式会社飛翔グループセブン－イレブン三島谷田南店,三島市谷田507番地の49,35.110683,138.933701,8426,6229
shizuoka,22,コンビニ,2026-02-11,長田健セブン－イレブン三島南本町店,三島市南本町1番1号,35.118511,138.91481,8428,6226
shizuoka,22,コンビニ,2026-02-18,榎田陽介セブン－イレブン焼津小川店,焼津市東小川八丁目11番地の16,34.850361,138.308746,8364,6129
tochigi,09,コンビニ,2026-02-09,法人番号9060002009876有限会社ハイライフファミリーマート宇都宮大通り一丁目店,宇都宮市大通り一丁目２番１１号宇都宮フコク生命ビル１階,36.560581,139.890259,8774,6382
tochigi,09,ドラッグ・薬局,2026-02-20,法人番号9290001025414株式会社コスモス薬品ドラッグコスモス宇都宮石井店,宇都宮市石井町３１１６番地７,36.53894,139.92514,8769,6388
tochigi,09,コンビニ,2026-02-19,関口江美ファミリーマート足利常見町三丁目店,足利市常見町三丁目６番地８,36.317089,139.488922,8716,6318
tochigi,09,コンビニ,2026-02-01,法人番号4010001030181ミニストップ株式会社ミニストップ壬生おもちゃのまち店,下都賀郡壬生町おもちゃのまち三丁目２番地１７,36.462849,139.841934,8751,6374
tochigi,09,コンビニ,2026-02-25,小林達也ファミリーマート栃木今泉町店,栃木市今泉町一丁目４番２６号,36.385448,139.748077,8732,6359
tokushima,36,コンビニ,2026-02-12,山上貴史ファミリーマート阿波岩津橋北店,阿波市阿波町南整理２５７番地２,34.070904,134.198502,8177,5471
tokyo,13,コンビニ,2026-02-01,法人番号5010001093525伊藤忠リーテイルリンク株式会社ファミリーマートＰＣＰ丸の内店,千代田区丸の内１丁目１１番１号パシフィックセンチュリープレイス丸の内地下１階,35.678143,139.766647,8562,6362
tokyo,13,コンビニ,2026-02-01,法人番号2010003007353株式会社タカローソン東日本橋二丁目店,中央区東日本橋２丁目４番３号アドバンテージⅡビル１階,35.691986,139.785583,8566,6365
tokyo,13,コンビニ,2026-02-17,黒﨑康平セブン－イレブン人形町甘酒横丁店,中央区日本橋人形町２丁目３１番１３号ザ・パークワンズ日本橋人形町１階１０１,35.686264,139.785217,8564,6365
tokyo,13,コンビニ,2026-02-01,法人番号1010701027810エイ・ケイ・フランチャイズシステム株式会社ファミリーマートオンワードベイパークビル店,港区海岸３丁目９番３２号オンワードベイパークビルディング１階,35.638836,139.753876,8553,6360
tokyo,13,コンビニ,2026-02-01,法人番号4010001008806山崎製パン株式会社デイリーヤマザキ赤坂三丁目店,港区赤坂３丁目９番１号八洲貿易ビル１階,35.677113,139.736267,8562,6357
tokyo,13,ドラッグ・薬局,2026-02-20,法人番号9120001030612株式会社コクミンコクミンドラッグ赤坂ＡＴＴＥＡＳＴ店,港区赤坂２丁目１１番７号ＡＴＴＥＡＳＴ地下１階,35.670048,139.741119,8560,6358
tokyo,13,コンビニ,2026-02-09,法人番号8010001137238株式会社エムエスツーナチュラルローソンＪＲ新宿ミライナタワー店,新宿区新宿４丁目１番６号ＪＲ新宿ミライナタワー５階,35.688541,139.702484,8565,6352
tokyo,13,コンビニ,2026-02-12,内田基之セブン－イレブン新宿四谷２丁目店,新宿区四谷２丁目１０番地１第二太郎ビル１階,35.687504,139.725372,8565,6356
tokyo,13,コンビニ,2026-02-01,法人番号7013303005880合同会社エイティポイントファミリーマート向丘二丁目北店,文京区向丘２丁目２９番１１号恩田ビル１階,35.723484,139.755081,8573,6360
tokyo,13,コンビニ,2026-02-10,中島教貴ファミリーマート東上野車坂通り店,台東区東上野３丁目１３番１号東京上野ＮＥＷ伊豆ホテル１階,35.710136,139.779144,8570,6364
tokyo,13,コンビニ,2026-02-16,矢城貢セブン－イレブン台東東上野４丁目店,台東区東上野４丁目８番１号ＴＩＸＴＯＷＥＲＵＥＮＯ１階１０１号室及び１０２号室,35.712959,139.779358,8571,6364
tokyo,13,コンビニ,2026-02-16,徐娟ローソンストア１００台東清川一丁目店,台東区清川１丁目６番３号建物１階,35.723034,139.801636,8573,6368
tokyo,13,コンビニ,2026-02-01,法人番号2010801016902株式会社スズセンローソンサウンドクルー店,大田区平和島５丁目１０番３号サウンドクルー本社ビル１階,35.576237,139.746582,8538,6359
tokyo,13,コンビニ,2026-02-16,柴﨑翼セブン－イレブン大田区池上３丁目店,大田区池上３丁目３３番５号カーサロゼア池上１階,35.573933,139.701279,8537,6352
tokyo,13,コンビニ,2026-02-13,法人番号5010903002698エンヴァリー株式会社セブン－イレブン世田谷成城６丁目店,世田谷区成城６丁目６番３号ヒューゲル成城サクマビル１階及び２階,35.640091,139.597321,8553,6335
tokyo,13,コンビニ,2026-02-20,法人番号7010102000865有限会社岩崎企画ローソン世田谷下馬一丁目店,世田谷区下馬１丁目５６番１１号昭和第２マンション１階,35.641037,139.68544,8553,6349
tokyo,13,コンビニ,2026-02-01,加納敬大ローソンストア１００渋谷本町六丁目店,渋谷区本町６丁目８番３号家屋番号８番７の３の１階,35.682579,139.678604,8563,6348
tokyo,13,コンビニ,2026-02-01,法人番号1010001088181株式会社セブン－イレブン・ジャパンセブン－イレブン中野鍋横店,中野区本町５丁目３４番１２号,35.693905,139.668671,8566,6346
tokyo,13,コンビニ,2026-02-01,王水金ファミリーマート杉並下高井戸二丁目店,杉並区下高井戸２丁目５番２号,35.667988,139.637329,8560,6341
tokyo,13,コンビニ,2026-02-15,石﨑健太郎セブン－イレブン池袋４丁目店,豊島区池袋４丁目３１番１号佐久間ビル１階,35.738422,139.709229,8577,6353
tokyo,13,コンビニ,2026-02-01,法人番号6011803001954合同会社種村錦好堂ローソン十条駅西口店,北区上十条２丁目３０番１号ブラックストンビル１階及び２階,35.760818,139.721817,8582,6355
tokyo,13,コンビニ,2026-02-16,伊藤洸二ローソンストア１００北区東十条三丁目店,北区東十条３丁目１４番１２号建物１階及び地下１階,35.766457,139.729324,8583,6356
tokyo,13,コンビニ,2026-02-01,法人番号8011602011995有限会社ワイフィールドローソン板橋赤塚三丁目店,板橋区赤塚３丁目８番１５号,35.776836,139.637741,8586,6342
tokyo,13,コンビニ,2026-02-16,法人番号1010001088181株式会社セブン－イレブン・ジャパンセブン－イレブン板橋本町駅北店,板橋区大和町１８番６号パークキューブ板橋本町１階,35.762192,139.704926,8582,6352
tokyo,13,コンビニ,2026-02-16,法人番号1010001088181株式会社セブン－イレブン・ジャパンセブン－イレブン板橋本町駅前店,板橋区本町３７番７号大野ビル１階,35.760971,139.705933,8582,6352
tokyo,13,コンビニ,2026-02-18,鈴木拓也セブン－イレブン板橋大山西町店,板橋区大山西町３番１０号アンサンブル大山西１階,35.747894,139.698074,8579,6351
tokyo,13,ドラッグ・薬局,2026-02-18,法人番号1430001010672株式会社ツルハツルハドラッグ小竹向原店,板橋区向原３丁目１０番６号ＮＥＭ．ＢＬＤ１階,35.742748,139.68132,8578,6349
tokyo,13,コンビニ,2026-02-27,法人番号1010001088181株式会社セブン－イレブン・ジャパンセブン－イレブン板橋南町店,板橋区南町２６番１１号建物１階,35.740025,139.700912,8577,6352
tokyo,13,スーパー,2026-02-05,法人番号9290001072902株式会社トライアルストアーズＴＲＩＡＬＧＯ江古田栄町店,練馬区栄町２９番２号江古田テラス１階,35.738216,139.670853,8577,6347
tokyo,13,コンビニ,2026-02-24,髙安雅之ファミリーマート練馬氷川台店,練馬区氷川台４丁目４９番４号藤和氷川台コープ１階,35.751541,139.666046,8580,6346
tokyo,13,コンビニ,2026-02-19,金赫ファミリーマート足立四丁目店,足立区足立４丁目１５番１８号,35.767761,139.805054,8584,6368
tokyo,13,コンビニ,2026-02-20,須山隆行セブン－イレブン足立綾瀬５丁目店,足立区綾瀬５丁目２番１５号,35.766155,139.82489,8583,6371
tokyo,13,コンビニ,2026-02-01,法人番号4010001030181ミニストップ株式会社ミニストップ南水元４丁目店,葛飾区南水元４丁目２６番１１号,35.778957,139.86705,8586,6378
tokyo,13,コンビニ,2026-02-16,法人番号6040003007891リレアコーポレーション合同会社ローソンストア１００西小岩四丁目店,江戸川区西小岩４丁目３番２２号メゾンエクセル１階,35.737057,139.880371,8576,6380
tokyo,13,コンビニ,2026-02-01,齊藤直也ファミリーマート八王子丹木町店,八王子市丹木町３丁目９２番地５,35.697968,139.32428,8567,6291
tokyo,13,コンビニ,2026-02-01,法人番号7011603000949合同会社蔵ローソンストア１００武蔵野中町一丁目店,武蔵野市中町１丁目２０番９号上内ビル１階,35.703751,139.562592,8568,6330
tokyo,13,コンビニ,2026-02-01,高山マニシュファミリーマート青梅大門三丁目店,青梅市大門３丁目１番地の９,35.791363,139.293976,8589,6287
tokyo,13,スーパー,2026-02-04,法人番号1090001008108株式会社公正屋スーパーマーケット公正屋あきる野引田店,あきる野市引田６２番地,35.721581,139.266495,8573,6282
tokyo,13,ドラッグ・薬局,2026-02-26,法人番号7180301016951株式会社スギ薬局スギドラッグあきる野引田店,あきる野市引田５３番地１,35.732056,139.269135,8575,6283
tokyo,13,コンビニ,2026-02-03,齋藤帆槻セブン－イレブン中河原駅北店,府中市住吉町４丁目９番地の９はやとビル１階,35.660427,139.457092,8558,6313
tokyo,13,コンビニ,2026-02-12,法人番号5010903001824合資会社ＯＤＳファミリーマート深大寺南町店,調布市深大寺南町１丁目１１番地１,35.662827,139.553238,8559,6328
tokyo,13,コンビニ,2026-02-25,前田慎セブン－イレブン府中押立町４丁目店,府中市押立町４丁目３０番地の５,35.655193,139.517334,8557,6322
tokyo,13,コンビニ,2026-02-27,法人番号3012403000226株式会社ソウインプルーブファミリーマート版画美術館入口店,町田市原町田３丁目１５番地１,35.542713,139.452988,8530,6312
tokyo,13,コンビニ,2026-02-01,矢部浩史セブン－イレブン日野平山６丁目店,日野市平山６丁目１番地の９,35.646492,139.383072,8555,6301
tokyo,13,コンビニ,2026-02-14,吉原拓也ファミリーマート日野北野街道店,日野市平山４丁目１番地の３３,35.650784,139.38916,8556,6302
tokyo,13,コンビニ,2026-02-16,牛島綾太セブン－イレブン西東京西原町１丁目店,西東京市西原町１丁目３番１３号,35.732853,139.539322,8575,6326
tokyo,13,コンビニ,2026-02-16,石原和典セブン－イレブン清瀬駅北口店,清瀬市元町１丁目１０番１０号,35.772663,139.519287,8585,6323
tokyo,13,ドラッグ・薬局,2026-02-18,法人番号1040001036939株式会社マツモトキヨシドラッグストアマツモトキヨシ東村山駅東口店,東村山市本町２丁目１８番地４２,35.760406,139.468292,8582,6314
tokyo,13,コンビニ,2026-02-20,岩田大佑セブン－イレブン西東京保谷町３丁目店,西東京市保谷町３丁目９番４号,35.729534,139.554657,8575,6328
tokyo,13,スーパー,2026-02-20,法人番号9011001072762株式会社オールアバウトライフマーケティングサンプル百貨店イオンモール東久留米店,東久留米市南沢５丁目１７番６２号イオンモール東久留米１階,35.746162,139.528061,8579,6324
toyama,16,コンビニ,2026-02-05,法人番号8230001014002株式会社Ｇ．Ｔ．Ｃローソン富山堀店,富山市堀203番地,36.654423,137.230469,8797,5956
toyama,16,コンビニ,2026-02-16,山本泰司セブン－イレブン富山池多店,富山市西押川1436番地１,36.681816,137.121216,8803,5939
toyama,16,コンビニ,2026-02-20,大谷いづみファミリーマート新根塚町二丁目店,富山市新根塚町２丁目１番地１,36.679169,137.202591,8803,5952
toyama,16,コンビニ,2026-02-13,法人番号1010001088181株式会社セブン－イレブン・ジャパンセブン－イレブン高岡広小路,高岡市あわら町109番地２,36.755943,137.021606,8821,5923
toyama,16,コンビニ,2026-02-06,髙田裕二セブン－イレブン小矢部津沢店,小矢部市新西207番地２,36.628578,136.895996,8790,5903
wakayama,30,ドラッグ・薬局,2026-02-19,法人番号9290001025414株式会社コスモス薬品ドラッグコスモス和歌山本町店,和歌山市本町７丁目１９番地,34.240948,135.174591,8217,5627
yamagata,06,コンビニ,2026-02-16,大泉信一ローソン山形センタービル店,山形市香澄町二丁目2番36号,38.247505,140.330521,9179,6452
yamaguchi,35,コンビニ,2026-02-10,法人番号7250001017862株式会社ＩＲＯＨＡファミリーマート下松東豊井店,下松市東豊井1302番地3,34.006065,131.866333,8161,5098
yamaguchi,35,コンビニ,2026-02-27,大田明セブン－イレブン防府スポーツセンター前店,防府市大字浜方71番10号,34.024117,131.571518,8165,5051
yamaguchi,35,コンビニ,2026-02-20,法人番号6240001036294下花商事株式会社ファミリーマート光虹ケ浜店,光市虹ｹ浜三丁目24番12号,33.973297,131.905975,8153,5104
yamaguchi,35,コンビニ,2026-02-01,川上大輔ファミリーマート柳井新庄店,柳井市柳井4839番地1,33.974693,132.097778,8153,5135
yamaguchi,35,コンビニ,2026-02-01,法人番号7250001017862株式会社ＩＲＯＨＡファミリーマート山陽小野田高栄店,山陽小野田市高栄一丁目10番22号,33.983326,131.173248,8155,4987
yamanashi,19,コンビニ,2026-02-03,法人番号2010701019195株式会社ローソンローソン甲府相生一丁目店,甲府市相生１丁目１９番６号建物１階,35.655312,138.566406,8557,6170
yamanashi,19,コンビニ,2026-02-09,法人番号4090001018780株式会社シングセブン－イレブン河口湖勝山西店,南都留郡富士河口湖町勝山２８６９番地,35.488575,138.735428,8517,6197
aichi,23,スーパー,2026-03-12,法人番号1080101006499マックスバリュ東海株式会社マックスバリュエクスプレス本郷駅北店,名古屋市名東区上社二丁目70番地野尻ビル1階,35.176525,137.011719,8442,5921
aichi,23,コンビニ,2026-03-16,法人番号2010701019195株式会社ローソンローソン東区徳川二丁目店,名古屋市東区徳川二丁目6番8号,35.186039,136.926483,8444,5908
aichi,23,コンビニ,2026-03-01,野田貴之ファミリーマート守山向台二丁目店,名古屋市守山区向台二丁目2201番地,35.197952,137.006439,8447,5921
aichi,23,スーパー,2026-03-12,法人番号1080101006499マックスバリュ東海株式会社マックスバリュエクスプレス千代田4丁目店,名古屋市中区千代田四丁目20番16号エトワール千代田1階,35.150311,136.910049,8436,5905
aichi,23,コンビニ,2026-03-31,服部修ファミリーマート広小路新栄町店,名古屋市中区新栄二丁目13番栄トリッドスクエア1階,35.167259,136.922287,8440,5907
aichi,23,コンビニ,2026-03-01,法人番号7180003029228富田合同会社セブン－イレブン東郷諸輪木戸西店,愛知郡東郷町大字諸輪字中木戸西311番地,35.116184,137.063187,8427,5930
aichi,23,スーパー,2026-03-11,法人番号1080101006499マックスバリュ東海株式会社マックスバリュエクスプレス鶴舞2丁目店,名古屋市昭和区鶴舞二丁目5番5号,35.15263,136.914948,8436,5906
aichi,23,コンビニ,2026-03-11,法人番号4010001030181ミニストップ株式会社ミニストップ日進折戸町店,日進市折戸町孫三ケ入84番地3,35.120323,137.043472,8428,5926
aichi,23,コンビニ,2026-03-01,法人番号5180001138288株式会社条将ローソン緑区鳴海町店,名古屋市緑区鳴海町小松山79番地3,35.096317,136.956009,8423,5912
aichi,23,コンビニ,2026-03-05,西尾靖ローソン尾張旭市役所前店,尾張旭市向町二丁目3番地7,35.216137,137.034103,8451,5925
aichi,23,コンビニ,2026-03-01,青戸貴大ローソン碧南白沢店,碧南市白沢町四丁目22番地2,34.91951,137.025894,8380,5924
aichi,23,コンビニ,2026-03-16,法人番号2180301019760株式会社原文セブン－イレブンみよし湯ノ前店,みよし市三好町湯ノ前6番地1,35.08799,137.073044,8421,5931
aichi,23,スーパー,2026-03-12,法人番号9290001072902株式会社トライアルストアーズＴＲＩＡＬｓｍａｒｔ西尾一色店,西尾市一色町赤羽水出6番地1,34.816372,137.01976,8355,5923
aichi,23,コンビニ,2026-03-01,水野学ローソン春日井駅南口店,春日井市上条町三丁目244番地,35.241753,136.988052,8458,5918
aichi,23,コンビニ,2026-03-04,小檜山周平ファミリーマート高森台店,春日井市高森台三丁目15番地5,35.291786,137.045288,8470,5927
chiba,12,コンビニ,2026-03-01,法人番号1010001088181株式会社セブン－イレブン・ジャパンセブン－イレブン千葉浜野東店,千葉市中央区村田町１１０９番地,35.550449,140.136581,8532,6421
chiba,12,コンビニ,2026-03-01,法人番号1010001088181株式会社セブン－イレブン・ジャパンセブン－イレブン千葉小深町店,千葉市稲毛区小深町１４番地,35.656754,140.155243,8557,6424
chiba,12,スーパー,2026-03-04,法人番号2040001000456イオンリテール株式会社イオンスタイル津田沼Ｓｏｕｔｈ,習志野市津田沼１丁目１０番３０号イオンモール津田沼Ｓｏｕｔｈ１階及び地下１階,35.689766,140.023468,8565,6403
chiba,12,スーパー,2026-03-04,法人番号5260001007212イオンリカー株式会社イオンリカー津田沼Ｓｏｕｔｈ店,習志野市津田沼１丁目１０番３０号イオンモール津田沼Ｓｏｕｔｈ１階区画１０１,35.689766,140.023468,8565,6403
chiba,12,スーパー,2026-03-10,法人番号5011001016616株式会社ハンズハンズイオンモール津田沼Ｓｏｕｔｈ店,習志野市津田沼１丁目１０番３０号イオンモール津田沼Ｓｏｕｔｈ４階区画４０４,35.689766,140.023468,8565,6403
chiba,12,スーパー,2026-03-13,法人番号2040001000456イオンリテール株式会社イオンスタイルリーフシティ市川,市川市市川南２丁目８番１号そよらリーフシティ市川１階及び２階,35.725536,139.905334,8574,6384
chiba,12,コンビニ,2026-03-31,法人番号3040001132760株式会社ＳＡＢＩＳローソンＳ東横イン西船橋原木インター店,市川市原木３丁目１７番３０号建物１階,35.702209,139.952255,8568,6392
chiba,12,コンビニ,2026-03-01,法人番号2010701019195株式会社ローソンローソン船橋習志野台五丁目店,船橋市習志野台５丁目１５番７号,35.715816,140.054321,8571,6408
chiba,12,コンビニ,2026-03-01,法人番号4010001030181ミニストップ株式会社ミニストップ木更津朝日店,木更津市朝日２丁目７番２１号,35.386566,139.933304,8492,6389
chiba,12,コンビニ,2026-03-01,法人番号4010001030181ミニストップ株式会社ミニストップ君津北子安店,君津市北子安５丁目１番１号,35.332085,139.916473,8479,6386
chiba,12,コンビニ,2026-03-01,法人番号1010701035020株式会社ローソンアーバンワークスローソン鎌ケ谷初富店,鎌ケ谷市初富８５５番地５流山スカイハイツ１階,35.779579,140.022568,8587,6403
chiba,12,コンビニ,2026-03-25,法人番号8010001103859株式会社メディアクリエイトコミュニケーションズローソン松戸小金原六丁目店,松戸市小金原６丁目１１番地の１１,35.81971,139.948898,8596,6391
chiba,12,コンビニ,2026-03-01,法人番号1010001088181株式会社セブン－イレブン・ジャパンセブン－イレブン四街道下志津新田店,四街道市下志津新田２５３７番地１,35.660213,140.154373,8558,6424
chiba,12,コンビニ,2026-03-31,法人番号2010001145527フードライフデザイン株式会社ファミリーマート八街長谷店,八街市八街に４５８番地７６,35.670582,140.321259,8560,6451
chiba,12,コンビニ,2026-03-12,眞瀬貴成セブン－イレブン東金南上宿店,東金市南上宿１０番地１０,35.553734,140.363953,8532,6458
chiba,12,コンビニ,2026-03-17,法人番号9010001017257株式会社三燿ローソン城西国際大学東金店,東金市求名１番地１城西国際大学Ａ棟１階,35.580254,140.395966,8539,6463
ehime,38,コンビニ,2026-03-02,長尾哲之セブン－イレブン伊予上三谷店,伊予市上三谷甲１１８８番地,33.771259,132.730957,8105,5236
ehime,38,コンビニ,2026-03-19,柏原浩ファミリーマート松山福音寺町東店,松山市福音寺町４０番地１ＩＳＡＯビル１階,33.821823,132.790848,8117,5246
ehime,38,スーパー,2026-03-03,法人番号7490001004969株式会社Ｔ’ｓＭａｒｔ業務スーパー宇和店,西予市宇和町上松葉２０１番１,33.380669,132.508194,8011,5201
ehime,38,コンビニ,2026-03-10,石田真也セブン－イレブン八幡浜保内町宮内店,八幡浜市保内町宮内１番耕地３３９番地１,33.483047,132.400925,8035,5184
fukui,18,コンビニ,2026-03-26,朝倉一ローソン越前瓜生町店,越前市瓜生町３５号４番地１,35.925159,136.180634,8622,5788
fukuoka,40,コンビニ,2026-03-01,法人番号4010001030181ミニストップ株式会社ミニストップ若松花野路店,北九州市若松区花野路一丁目１番３号,33.908512,130.685364,8138,4909
fukuoka,40,コンビニ,2026-03-18,法人番号3290801013482株式会社松島商店セブン－イレブン若松区役所前店,北九州市若松区浜町一丁目１番４号,33.905159,130.810913,8137,4929
fukuoka,40,コンビニ,2026-03-01,法人番号9290802010044有限会社ポートオアシスローソン小倉浅野二丁目店,北九州市小倉北区浅野二丁目１７番４４号,33.886665,130.887207,8132,4941
fukuoka,40,コンビニ,2026-03-05,﨑田誠セブン－イレブン小倉熊本１丁目店,北九州市小倉北区熊本一丁目８番２５号,33.869587,130.891464,8128,4942
fukuoka,40,コンビニ,2026-03-23,法人番号4290802012128有限会社リトルシャトーローソンＳ小倉下曽根新町店,北九州市小倉南区下曽根新町２番１号建物１階,33.833488,130.931732,8120,4949
fukuoka,40,ドラッグ・薬局,2026-03-23,法人番号9290001044133株式会社ドラッグストアモリドラッグストアモリ小倉高尾店,北九州市小倉北区高尾二丁目１９番５号,33.861671,130.851959,8126,4936
fukuoka,40,ドラッグ・薬局,2026-03-05,法人番号1012401000634株式会社サンドラッグサンドラッグ戸畑天神店,北九州市戸畑区天神一丁目１２番５号建物１階,33.894695,130.832642,8134,4933
fukuoka,40,ドラッグ・薬局,2026-03-11,法人番号9290001044133株式会社ドラッグストアモリドラッグストアモリ浅川店,北九州市八幡西区浅川日の峯二丁目２７番２２号,33.883266,130.698593,8131,4911
fukuoka,40,ドラッグ・薬局,2026-03-26,法人番号9290001025414株式会社コスモス薬品ドラッグコスモス千代ケ崎店,北九州市八幡西区千代ケ崎三丁目６番２０号,33.879917,130.715424,8131,4914
fukuoka,40,コンビニ,2026-03-01,得地和也ファミリーマート南福岡元町２丁目店,福岡市博多区元町二丁目７番４号,33.541641,130.461807,8049,4873
fukuoka,40,コンビニ,2026-03-16,法人番号8290002023657有限会社ハッピネス企画ローソン博多春町三丁目店,福岡市博多区春町三丁目５番１４号,33.545181,130.470459,8050,4875
fukuoka,40,コンビニ,2026-03-06,江下晋志ファミリーマート須恵植木店,糟屋郡須恵町植木１７１７番地１,33.599045,130.491013,8063,4878
fukuoka,40,スーパー,2026-03-11,法人番号6290001017604イオン九州株式会社マックスバリュ福岡多々良店,福岡市東区多々良一丁目７番７号,33.630756,130.448166,8071,4871
fukuoka,40,コンビニ,2026-03-13,酒匂聖二ローソンＳ宗像徳重二丁目店,宗像市徳重二丁目３番１号メガフェイス１５００宗像店内,33.799931,130.587479,8111,4893
fukuoka,40,ドラッグ・薬局,2026-03-04,法人番号9290001025414株式会社コスモス薬品ドラッグコスモス福岡田村店,福岡市早良区田村二丁目８番４０号,33.542976,130.330276,8050,4852
fukuoka,40,スーパー,2026-03-06,法人番号6290001017604イオン九州株式会社マックスバリュエクスプレス藤崎店,福岡市早良区藤崎二丁目１５番１９号,33.575977,130.346558,8058,4855
fukuoka,40,ドラッグ・薬局,2026-03-30,法人番号1012401000634株式会社サンドラッグサンドラッグ福大通り店,福岡市城南区干隈一丁目７番１２号,33.553925,130.353134,8052,4856
fukuoka,40,コンビニ,2026-03-25,永池太一ファミリーマート延命公園店,大牟田市宝坂町二丁目８５番地１,33.0233,130.444504,7925,4871
fukuoka,40,コンビニ,2026-03-02,法人番号4290001071842株式会社なわやローソン久留米津福本町店,久留米市津福本町１３１３番地１,33.301842,130.501038,7992,4880
fukuoka,40,コンビニ,2026-03-02,多田雅宏セブン－イレブン大刀洗本郷南店,三井郡大刀洗町本郷９４１番地１,33.384045,130.622894,8012,4899
fukuoka,40,ドラッグ・薬局,2026-03-05,法人番号9290001025414株式会社コスモス薬品ドラッグコスモス東国分店,久留米市国分町１２４６番地１,33.299549,130.537338,7991,4885
fukushima,07,コンビニ,2026-03-01,古山雄基ファミリーマート国見藤田店,伊達郡国見町大字藤田字日向三7番地1,37.878071,140.550781,9090,6488
fukushima,07,コンビニ,2026-03-01,法人番号4010001030181ミニストップ株式会社ミニストップ本宮市本宮店,本宮市本宮字欠下4番地1,37.521118,140.391159,9005,6462
gifu,21,スーパー,2026-03-06,法人番号2040001000456イオンリテール株式会社イオンスタイル岐阜北方,本巣郡北方町曲路東三丁目1番地1,35.429836,136.697495,8503,5871
gifu,21,コンビニ,2026-03-01,法人番号4010001030181ミニストップ株式会社ミニストップ岐阜加納上本町店,岐阜市加納上本町四丁目19番地1,35.405258,136.756683,8497,5881
gifu,21,コンビニ,2026-03-01,法人番号4010001030181ミニストップ株式会社ミニストップ羽島福寿町店,羽島市福寿町千代田63番地,35.319489,136.684845,8476,5869
gifu,21,コンビニ,2026-03-03,法人番号1010001088181株式会社セブン－イレブン・ジャパンセブン－イレブン岐阜茜部本郷1丁目店,岐阜市茜部本郷一丁目30番地,35.394371,136.754517,8494,5880
gifu,21,コンビニ,2026-03-31,勝野稔弘ファミリーマート可児菅刈店,可児市菅刈字東洞947番地1,35.401543,137.003662,8496,5920
gifu,21,コンビニ,2026-03-31,法人番号2013301010706株式会社ファミリーマートファミリーマート瑞浪小田店,瑞浪市南小田町一丁目2番地,35.356937,137.244858,8485,5959
gifu,21,コンビニ,2026-03-24,柴田亜美デイリーヤマザキ美並インター店,郡上市美並町白山329番地の5,35.658298,136.972137,8557,5915
gifu,21,コンビニ,2026-03-31,法人番号2200001026344かがや株式会社ファミリーマート関市西本郷通店,関市西本郷通五丁目4番2号,35.492275,136.919083,8518,5907
gumma,10,コンビニ,2026-03-01,法人番号2010701019195株式会社ローソンローソン前橋亀里店,前橋市鶴光路町１４番地２,36.33736,139.095306,8720,6255
gumma,10,コンビニ,2026-03-01,法人番号2010701019195株式会社ローソンローソン前橋川原店,前橋市川原町一丁目１１番地１,36.4231,139.04248,8741,6246
gumma,10,コンビニ,2026-03-01,法人番号2010701019195株式会社ローソンローソン前橋北代田店,前橋市北代田町３７番地１,36.411686,139.073334,8738,6251
gumma,10,コンビニ,2026-03-01,法人番号2010701019195株式会社ローソンローソン前橋幸塚店,前橋市幸塚町６５番地,36.406937,139.084091,8737,6253
gumma,10,コンビニ,2026-03-01,法人番号2010701019195株式会社ローソンローソン前橋野中店,前橋市野中町２２９番地,36.378193,139.112549,8730,6258
gumma,10,コンビニ,2026-03-01,法人番号2010701019195株式会社ローソンローソン前橋樋越店,前橋市樋越町７８１番地１,36.408016,139.176147,8737,6268
gumma,10,コンビニ,2026-03-01,法人番号2010701019195株式会社ローソンローソン安中駅西店,安中市中宿５１番地５,36.329914,138.908035,8719,6225
gumma,10,コンビニ,2026-03-31,法人番号2013301010706株式会社ファミリーマートファミリーマート渋川上白井店,渋川市上白井１３２１番地１２７,36.560776,139.038452,8774,6246
gumma,10,コンビニ,2026-03-01,法人番号2010701019195株式会社ローソンローソン伊勢崎緑町店,伊勢崎市緑町６番１９号,36.317894,139.19722,8716,6271
gumma,10,コンビニ,2026-03-01,法人番号2010701019195株式会社ローソンローソン伊勢崎宮子東店,伊勢崎市宮子町３６１２番地４,36.326626,139.160095,8718,6265
gumma,10,コンビニ,2026-03-01,法人番号2010701019195株式会社ローソンローソン玉村西店,佐波郡玉村町大字上新田４４８番地１,36.302921,139.097855,8712,6255
gumma,10,コンビニ,2026-03-01,法人番号2010701019195株式会社ローソンローソン大泉古海店,邑楽郡大泉町大字古海２０６６番地２,36.231003,139.412598,8695,6306
gumma,10,コンビニ,2026-03-01,法人番号2010701019195株式会社ローソンローソン千代田上中森店,邑楽郡千代田町大字上中森８９３番地１,36.196678,139.472549,8687,6315
gumma,10,ドラッグ・薬局,2026-03-03,法人番号9290001025414株式会社コスモス薬品ドラッグコスモス新田早川店,太田市新田早川町３４７番地,36.29438,139.265564,8710,6282
gumma,10,コンビニ,2026-03-01,法人番号2010701019195株式会社ローソンローソン吾妻岩井店,吾妻郡東吾妻町大字岩井２５５番地１,36.53178,138.845871,8767,6215
hiroshima,34,コンビニ,2026-03-02,法人番号1240001062469株式会社Ｎｏ．Ｖｉｌｌａｇｅローソン広島二葉の里三丁目店,広島市東区二葉の里三丁目3番3号,34.400742,132.473862,8256,5195
hiroshima,34,コンビニ,2026-03-01,河野大輔ローソン千代田インター店,山県郡北広島町有田1015番地1,34.669559,132.528076,8320,5204
hiroshima,34,コンビニ,2026-03-03,米原大輔ファミリーマート広島落合店,広島市安佐北区落合二丁目20番12号,34.479889,132.509048,8275,5201
hiroshima,34,コンビニ,2026-03-01,法人番号9240001041366株式会社Ｓ．Ｓ．Ｔ．ファミリーマート広中新開店,呉市広中新開一丁目11番12号,34.243389,132.627747,8218,5220
hiroshima,34,コンビニ,2026-03-31,法人番号2013301010706株式会社ファミリーマートファミリーマート豊栄清武店,東広島市豊栄町清武374番地2,34.597763,132.81073,8303,5249
hiroshima,34,コンビニ,2026-03-01,法人番号6240002010389有限会社中央酒店ファミリーマート五日市城山南店,広島市佐伯区城山一丁目11番7号,34.38501,132.353882,8252,5176
hiroshima,34,コンビニ,2026-03-06,法人番号7240001062001株式会社トレミラセブン－イレブン廿日市宮内新屋敷店,廿日市市宮内二丁目7番11号,34.347595,132.314987,8243,5170
hyogo,28,スーパー,2026-03-12,法人番号4100001004085株式会社サンクゼール久世福商店イオンモール神戸北店,神戸市北区上津台８丁目１番１号イオンモール神戸北１階１３５区画,34.860859,135.196518,8366,5631
hyogo,28,ドラッグ・薬局,2026-03-30,法人番号1012401000634株式会社サンドラッグサンドラッグ長田神社前店,神戸市長田区六番町８丁目３番地２カサベラセントラルプラザ長田１階,34.668755,135.149353,8320,5623
hyogo,28,コンビニ,2026-03-04,法人番号1010001088181株式会社セブン－イレブン・ジャパンセブン－イレブン神戸港島中町５丁目店,神戸市中央区港島中町５丁目２番地９,34.663185,135.208633,8319,5633
hyogo,28,スーパー,2026-03-25,法人番号4140001022100株式会社Ｇ－７スーパーマート業務スーパー広峰店,姫路市城北新町２丁目１８番２４号,34.856945,134.69574,8365,5551
hyogo,28,コンビニ,2026-03-17,髙島裕之セブン－イレブン尼崎潮江５丁目店,尼崎市潮江５丁目２番２２号,34.734516,135.428146,8336,5668
hyogo,28,コンビニ,2026-03-31,関祐子ファミリーマート近松公園店,尼崎市上坂部３丁目２８番２２号,34.748108,135.433228,8339,5669
hyogo,28,ドラッグ・薬局,2026-03-09,法人番号9290001025414株式会社コスモス薬品ドラッグコスモス伊川谷有瀬店,神戸市西区伊川谷町有瀬１３５０番地１,34.664013,135.013779,8319,5602
hyogo,28,コンビニ,2026-03-16,角田一弘セブン－イレブン神戸伊川谷赤羽店,神戸市西区伊川谷町潤和１４４２番１,34.661942,135.005386,8318,5600
hyogo,28,コンビニ,2026-03-23,岡田孝セブン－イレブン明石二見港前店,明石市二見町東二見１２１番１,34.694427,134.889923,8326,5582
hyogo,28,ドラッグ・薬局,2026-03-12,法人番号1430001010672株式会社ツルハツルハドラッグ神戸青木駅店,神戸市東灘区北青木３丁目２番３号,34.717106,135.280594,8332,5644
hyogo,28,コンビニ,2026-03-01,福山宏セブン－イレブン加古川本町店,加古川市加古川町本町１７２番地１,34.768707,134.825394,8344,5572
hyogo,28,コンビニ,2026-03-14,岩山慎司ファミリーマート三木インター店,三木市大村５５４番地１,34.80418,134.964661,8353,5594
ibaraki,08,コンビニ,2026-03-31,法人番号8050003009092ＭＳリテイリング合同会社ファミリーマート石岡東光台二丁目店,石岡市東光台二丁目１番４０号,36.185478,140.301392,8684,6448
ibaraki,08,コンビニ,2026-03-31,法人番号9050001030330株式会社Ｄ＆Ｆファミリーマートつくばサイエンス大通り店,つくば市上横場２３４番地３,36.051189,140.085861,8652,6413
ibaraki,08,コンビニ,2026-03-31,中村幸菜ファミリーマートつくば谷田部中央店,つくば市谷田部２１４０番地１,36.035526,140.068863,8648,6411
ibaraki,08,コンビニ,2026-03-31,濱原未奈ファミリーマートつくば研究学園四丁目店,つくば市研究学園四丁目２番地１５,36.0853,140.078659,8660,6412
ibaraki,08,コンビニ,2026-03-31,若色健二ファミリーマートつくばみらい高岡店,つくばみらい市高岡８３４番地１７,35.991409,140.062622,8637,6410
ibaraki,08,コンビニ,2026-03-01,法人番号2010701019195株式会社ローソンローソン岩井猫実店,坂東市猫実１５０７番地４,36.038242,139.929871,8649,6388
ibaraki,08,コンビニ,2026-03-01,法人番号2010701019195株式会社ローソンローソン古河長谷店,古河市長谷町４８番３１号,36.187435,139.699341,8684,6351
ibaraki,08,コンビニ,2026-03-01,法人番号2010701019195株式会社ローソンローソン境町伏木店,猿島郡境町大字伏木６４３番地２,36.08897,139.827835,8661,6372
ibaraki,08,コンビニ,2026-03-01,法人番号2010701019195株式会社ローソンローソン下館伊讃美店,筑西市伊讃美７２０番地,36.303295,139.939331,8712,6390
ibaraki,08,コンビニ,2026-03-01,法人番号2010701019195株式会社ローソンローソン結城小森店,結城市大字小森１３５３番地１１,36.287777,139.896072,8709,6383
ibaraki,08,コンビニ,2026-03-31,蒲生麗奈ファミリーマート鉾田上釜店,鉾田市上釜５８８番地１８,36.256489,140.550385,8701,6488
ishikawa,17,ドラッグ・薬局,2026-03-26,法人番号9290001025414株式会社コスモス薬品ドラッグコスモス近岡店,金沢市近岡町８８３番地１,36.610764,136.63089,8786,5860
iwate,03,コンビニ,2026-03-01,法人番号8400002006484有限会社タカコーポレーションローソン盛岡上ノ橋町店,盛岡市上ノ橋町6番26号,39.70417,141.160324,9529,6585
kagawa,37,コンビニ,2026-03-01,法人番号2010701019195株式会社ローソンローソン高松御厩店,高松市御厩町１４４８番地１,34.304955,133.987,8233,5437
kagawa,37,ドラッグ・薬局,2026-03-09,法人番号1500001004428株式会社レデイ薬局くすりのレデイ柞田店,観音寺市柞田町甲５１３番地,34.119408,133.665024,8188,5386
kagawa,37,コンビニ,2026-03-18,法人番号1180001054679盛田株式会社ローソン小豆島内海店,小豆郡小豆島町安田甲１４３番地８３,34.478462,134.316498,8274,5490
kanagawa,14,コンビニ,2026-03-05,小林正人ローソン横浜和田一丁目店,横浜市保土ケ谷区和田１丁目１３番２１号工藤ビル１階,35.464855,139.588089,8511,6334
kanagawa,14,コンビニ,2026-03-19,曹航セブン－イレブン横浜西谷駅南口店,横浜市保土ケ谷区西谷４丁目１１番３４号,35.477341,139.565018,8514,6330
kanagawa,14,コンビニ,2026-03-01,法人番号3020003015593合同会社ｙ．ｔセブン－イレブン横浜永田東２丁目店,横浜市南区永田東２丁目１０番１４号,35.437698,139.59613,8505,6335
kanagawa,14,ドラッグ・薬局,2026-03-24,法人番号7180301016951株式会社スギ薬局スギドラッグ磯子馬場町店,横浜市磯子区馬場町７番２４号,35.421959,139.626587,8501,6340
kanagawa,14,ドラッグ・薬局,2026-03-12,法人番号1012401000634株式会社サンドラッグサンドラッグ日吉本町店,横浜市港北区日吉本町４丁目２７番１号,35.548115,139.629288,8531,6340
kanagawa,14,コンビニ,2026-03-01,佐藤誉壽ローソン・スリーエフ栄飯島店,横浜市栄区飯島町９２番地１飯島ビル１階,35.367413,139.532852,8488,6325
kanagawa,14,コンビニ,2026-03-05,法人番号2013301010706株式会社ファミリーマートファミリーマート新！ガーデン戸塚／Ｓ店,横浜市戸塚区上矢部町２８４番１建物１階,35.418137,139.534988,8500,6325
kanagawa,14,コンビニ,2026-03-24,法人番号1010001088181株式会社セブン－イレブン・ジャパンセブン－イレブン横浜栄桂台南１丁目店,横浜市栄区桂台南１丁目９番１０号,35.352676,139.56633,8484,6330
kanagawa,14,コンビニ,2026-03-13,法人番号1020001113418株式会社サンエイトセブン－イレブン横浜荏田町店,横浜市青葉区荏田町１４１０番地１,35.560764,139.556305,8534,6329
kanagawa,14,コンビニ,2026-03-26,髙田健太郎セブン－イレブン横浜あざみ野店,横浜市青葉区あざみ野１丁目２５番地２,35.569317,139.546768,8536,6327
kanagawa,14,コンビニ,2026-03-31,松秀也ファミリーマート川崎大島五丁目店,川崎市川崎区大島５丁目３１番１０号,35.522045,139.720627,8525,6355
kanagawa,14,コンビニ,2026-03-31,松秀也ファミリーマート川崎本町一丁目店,川崎市川崎区本町１丁目７番地１６平川ビル１階,35.532753,139.702438,8527,6352
kanagawa,14,コンビニ,2026-03-31,松秀也ファミリーマート日進町店,川崎市川崎区日進町１５番地２ドミール川崎Ⅱ番館１階,35.526184,139.69487,8526,6351
kanagawa,14,コンビニ,2026-03-31,法人番号2020002086942有限会社トゥエンティー・フォーセブン－イレブン川崎鷺沼店,川崎市宮前区小台１丁目１９番地１７Ｓｔｕｒｍ１階,35.578983,139.574753,8538,6331
kanagawa,14,コンビニ,2026-03-12,喜多武彦ファミリーマート二宮釜野橋店,中郡二宮町山西１９７６番地１,35.29948,139.244141,8471,6279
kanagawa,14,コンビニ,2026-03-20,法人番号1010001088181株式会社セブン－イレブン・ジャパンセブン－イレブン藤沢弥勒寺２丁目店,藤沢市弥勒寺２丁目１番２号,35.340408,139.498596,8481,6319
kanagawa,14,コンビニ,2026-03-01,古矢昇セブン－イレブン小田原多古店,小田原市多古３７３番地１,35.277245,139.151779,8466,6264
kanagawa,14,コンビニ,2026-03-20,神保康明セブン－イレブン大井松田インター店,足柄上郡大井町金子４７４番地１,35.333031,139.153152,8479,6264
kanagawa,14,コンビニ,2026-03-31,法人番号2013301010706株式会社ファミリーマートファミリーマート南足柄沼田店,南足柄市沼田１３番地６,35.28957,139.136978,8469,6261
kanagawa,14,コンビニ,2026-03-18,法人番号5021001019287株式会社アイワジャパンセブン－イレブン相模原下溝北店,相模原市南区下溝２３４９番地２,35.542488,139.383209,8530,6301
kanagawa,14,スーパー,2026-03-04,法人番号8010901017654株式会社アエナアエナイオンモール大和店,大和市下鶴間１丁目２番１号イオンモール大和１階,35.488842,139.457626,8517,6313
kanagawa,14,コンビニ,2026-03-30,法人番号5010401134779クオール株式会社ローソン中央林間二丁目店,大和市中央林間２丁目１番１２号,35.502502,139.444824,8520,6311
kanagawa,14,コンビニ,2026-03-31,日野大輔ファミリーマート中央林間駅東口店,大和市中央林間４丁目１４番２０号ＲＩＳＥ中央林間１階,35.508095,139.446259,8521,6311
kochi,39,コンビニ,2026-03-01,法人番号6490002002857有限会社積善会ローソン高知福井町店,高知市福井町１１６７番地,33.570354,133.508438,8056,5361
kochi,39,コンビニ,2026-03-11,法人番号8490001000348関西仮設株式会社ローソンＭＡＺＥ店,土佐市新居字湊３８番地３４,33.46064,133.464249,8030,5354
kyoto,26,スーパー,2026-03-04,法人番号6290001022835Ｊｕｐｉｔｅｒ株式会社ジュピターイオンモール北大路店,京都市北区小山北上総町４９番地１イオンモール北大路１階１０１－Ｂ区画,35.044804,135.758087,8410,5721
kyoto,26,ドラッグ・薬局,2026-03-09,法人番号7180301016951株式会社スギ薬局スギドラッグ金閣寺店,京都市北区衣笠天神森町３６番地,35.035423,135.732452,8408,5717
kyoto,26,コンビニ,2026-03-01,法人番号1010001088181株式会社セブン－イレブン・ジャパンセブン－イレブン京都洛西ニュータウン店,京都市西京区大枝東長町１番地２４３,34.967754,135.676712,8392,5708
kyoto,26,コンビニ,2026-03-31,姓億敬弘ファミリーマート下津林芝ノ宮町店,京都市西京区下津林芝ノ宮町２４番地,34.972862,135.71225,8393,5713
kyoto,26,コンビニ,2026-03-01,法人番号7130001044258株式会社平野ローソン城南宮店,京都市伏見区中島鳥羽離宮町１７番地,34.951183,135.747833,8388,5719
kyoto,26,コンビニ,2026-03-24,法人番号2130001075225株式会社ＮＯＷＯＮＡＩＲローソン伏見醍醐道店,京都市伏見区醍醐新町裏町１番地の１８,34.957836,135.815552,8389,5730
kyoto,26,コンビニ,2026-03-31,法人番号2013301010706株式会社ファミリーマートファミリーマート伏見出羽屋敷店,京都市伏見区深草出羽屋敷町２３番地１１,34.947048,135.763763,8387,5722
kyoto,26,ドラッグ・薬局,2026-03-05,法人番号9290001025414株式会社コスモス薬品ドラッグコスモス東舞鶴店,舞鶴市田中町２０番地１,35.480934,135.419189,8515,5667
kyoto,26,コンビニ,2026-03-01,占部雅紀ローソン新田辺駅前店,京田辺市田辺中央１丁目４番地３,34.820957,135.771454,8357,5723
kyoto,26,コンビニ,2026-03-01,法人番号4010001030181ミニストップ株式会社ミニストップ久御山町田井店,久世郡久御山町田井新荒見７０番地１,34.884899,135.741196,8372,5718
kyoto,26,コンビニ,2026-03-05,迫本優太セブン－イレブン木津川相楽川ノ尻店,木津川市相楽川ノ尻８５番地,34.736645,135.80246,8336,5728
kyoto,26,コンビニ,2026-03-18,法人番号4010001030181ミニストップ株式会社ミニストップ田辺中央店,京田辺市田辺中央５丁目１番地１６,34.821949,135.769897,8357,5723
kyoto,26,ドラッグ・薬局,2026-03-31,法人番号3140001065562ゴダイ株式会社ゴダイドラッグ伊根店,与謝郡伊根町字日出２４８番地１,35.673824,135.275787,8561,5644
kyoto,26,コンビニ,2026-03-01,山田克己ローソン園部駅前店,南丹市園部町小山東町西山３３番地１,35.102623,135.481018,8424,5676
mie,24,コンビニ,2026-03-01,稲葉美咲セブン－イレブン津市上浜町3丁目店,津市上浜町三丁目67番地3,34.741264,136.516068,8337,5842
mie,24,コンビニ,2026-03-03,法人番号1010001088181株式会社セブン－イレブン・ジャパンセブン－イレブン津市雲出本郷町店,津市雲出本郷町1527番地1,34.66581,136.519699,8319,5843
mie,24,コンビニ,2026-03-31,山本康司ファミリーマート志摩赤松ケ谷店,志摩市阿児町鵜方2854番地2,34.324409,136.846939,8237,5895
mie,24,スーパー,2026-03-06,法人番号4140001022100株式会社Ｇ－7スーパーマート業務スーパー鈴鹿白子店,鈴鹿市寺家七丁目5番15号,34.825943,136.577484,8358,5852
miyagi,04,コンビニ,2026-03-01,後藤正昭ローソン仙台野村店,仙台市泉区野村字松林下2番地7,38.326557,140.852783,9198,6536
miyagi,04,コンビニ,2026-03-01,法人番号7370001009526東洋ワーク株式会社ファミリーマート宮町四丁目店,仙台市青葉区宮町四丁目6番21号,38.275654,140.884079,9186,6541
miyagi,04,コンビニ,2026-03-01,阿部恭平ローソン仙台榴ヶ岡四丁目店,仙台市宮城野区榴岡四丁目12番12号,38.259037,140.890289,9182,6542
miyagi,04,コンビニ,2026-03-31,法人番号2013301010706株式会社ファミリーマートファミリーマートバイパス若林店,仙台市若林区若林六丁目1番17号,38.230316,140.906448,9175,6545
miyagi,04,コンビニ,2026-03-13,法人番号2120901029776ネクサスエナジー株式会社セブン－イレブン名取杜せきのした店,名取市杜せきのした二丁目1番地の2,38.166306,140.8927,9159,6542
miyagi,04,コンビニ,2026-03-01,法人番号2370202004231有限会社葡萄屋ローソン石巻青葉店,石巻市門脇字二番谷地6番地の1,38.432362,141.264511,9223,6602
miyagi,04,コンビニ,2026-03-31,法人番号2013301010706株式会社ファミリーマートファミリーマート岩出山下野目店,大崎市岩出山下野目字八幡前23番地1,38.631031,140.896439,9271,6543
nagano,20,コンビニ,2026-03-01,松本惠子ローソン上田長瀬店,上田市長瀬２９２１番地１,36.361725,138.292358,8726,6126
nagano,20,ドラッグ・薬局,2026-03-20,法人番号1012401000634株式会社サンドラッグサンドラッグ上田原店,上田市上田原８６１番地３,36.392101,138.226303,8734,6116
nagasaki,42,ドラッグ・薬局,2026-03-13,法人番号1012401000634株式会社サンドラッグサンドラッグ佐世保福石店,佐世保市福石町２０番１５号,33.158569,129.732941,7958,4757
nagasaki,42,ドラッグ・薬局,2026-03-13,法人番号9290001025414株式会社コスモス薬品ドラッグコスモス大潟店,佐世保市大潟町６０番地２０１,33.185135,129.660538,7964,4745
nagasaki,42,コンビニ,2026-03-19,元谷朋子ファミリーマート佐世保広田二丁目店,佐世保市広田二丁目２２８番地２,33.126003,129.795456,7950,4767
nara,29,コンビニ,2026-03-01,山本怜ローソン平城店,奈良市左京４丁目１８０５番地の４,34.720699,135.803467,8332,5728
niigata,15,コンビニ,2026-03-11,法人番号2013301010706株式会社ファミリーマートファミリーマート燕物流センター店,燕市杉名９２１番地１,37.642525,138.904999,9034,6224
niigata,15,コンビニ,2026-03-11,法人番号2013301010706株式会社ファミリーマートファミリーマート燕吉田本所店,燕市吉田本所１１７番地４,37.697369,138.876129,9047,6220
niigata,15,コンビニ,2026-03-10,法人番号4010001008806山崎製パン株式会社デイリーヤマザキ三条燕インター店,三条市須頃三丁目１番地,37.649403,138.940979,9035,6230
okayama,33,コンビニ,2026-03-31,法人番号6260001031814Ｊ’ｓｆａｍｉｌｙｗｏｒｋｓ株式会社ファミリーマート福成二丁目店,岡山市南区福成二丁目21番22号,34.61414,133.940109,8307,5430
okinawa,47,コンビニ,2026-03-27,平安香織ローソン南城つきしろ店,南城市字つきしろ１６８４番地１,26.160656,127.791969,6278,4446
okinawa,47,コンビニ,2026-03-25,法人番号3360001000497株式会社沖縄ファミリーマートファミリーマート今帰仁村役場前店,国頭郡今帰仁村字仲宗根２５５番地１,26.688717,127.97554,6405,4476
osaka,27,コンビニ,2026-03-01,法人番号8120001174336株式会社ファイブツーローソン此花西九条四丁目店,大阪市此花区西九条４丁目３番３４号,34.682934,135.464996,8323,5674
osaka,27,コンビニ,2026-03-12,法人番号9120001195414株式会社ＲｉｎｋｏｃｋＪａｐａｎセブン－イレブン大阪日本橋東１丁目店,大阪市浪速区日本橋東１丁目５番３号,34.661919,135.508926,8318,5681
osaka,27,コンビニ,2026-03-01,法人番号9120001118192株式会社小豆島児嶋酒店ファミリーマート生野巽西店,大阪市生野区巽西２丁目１２番１９号,34.648026,135.547882,8315,5687
osaka,27,コンビニ,2026-03-01,法人番号1010001088181株式会社セブン－イレブン・ジャパンセブン－イレブン大阪鶴見緑地店,大阪市鶴見区焼野２丁目南１番２６号,34.713676,135.584824,8331,5693
osaka,27,コンビニ,2026-03-12,法人番号4010001030181ミニストップ株式会社ミニストップ大阪諸口５丁目店,大阪市鶴見区諸口５丁目浜１４番２号,34.704147,135.584274,8328,5693
osaka,27,コンビニ,2026-03-01,法人番号1010001088181株式会社セブン－イレブン・ジャパンセブン－イレブン大阪浜口東２丁目店,大阪市住之江区浜口東２丁目１２番１０号,34.609329,135.488129,8306,5678
osaka,27,コンビニ,2026-03-01,広川浩一郎セブン－イレブン大阪大桐２丁目店,大阪市東淀川区大桐２丁目１番７号,34.745522,135.542603,8338,5686
osaka,27,ドラッグ・薬局,2026-03-19,法人番号9122001015015株式会社アカカベドラッグアカカベ阪急淡路店,大阪市東淀川区淡路４丁目７番９号及び７番１１号,34.740265,135.515045,8337,5682
osaka,27,コンビニ,2026-03-31,米田由美子ファミリーマート豊新三丁目店,大阪市東淀川区豊新３丁目２６番１６号,34.746326,135.532532,8339,5685
osaka,27,コンビニ,2026-03-05,法人番号4120001157427光信産業株式会社ファミリーマート中之島クロス店,大阪市北区中之島４丁目３番５１号中之島クロス２階,34.692787,135.490158,8326,5678
osaka,27,ドラッグ・薬局,2026-03-17,法人番号7180301016951株式会社スギ薬局スギドラッグリーガロイヤルホテル大阪店,大阪市北区中之島５丁目３番６８号リーガロイヤルホテル大阪ヴィニェットコレクション１階,34.691135,135.487198,8325,5677
osaka,27,ドラッグ・薬局,2026-03-02,法人番号1040001036939株式会社マツモトキヨシ薬マツモトキヨシ大淀店,大阪市北区大淀中３丁目２番２号,34.702942,135.484497,8328,5677
osaka,27,コンビニ,2026-03-01,山口勝之ローソン堺鉄砲町西店,堺市堺区鉄砲町３２番地２,34.593559,135.478546,8302,5676
osaka,27,コンビニ,2026-03-16,法人番号4010001030181ミニストップ株式会社ミニストップ堺福田店,堺市中区福田８６６番地１,34.524601,135.526474,8285,5684
osaka,27,コンビニ,2026-03-31,法人番号4120101059762ＦＰＳ株式会社ファミリーマート堺高松店,堺市東区高松７０番地４,34.533539,135.535187,8288,5685
osaka,27,コンビニ,2026-03-01,法人番号4010001030181ミニストップ株式会社ミニストップ岸和田摩湯町店,岸和田市摩湯町３３１番地１,34.463173,135.430634,8271,5668
osaka,27,コンビニ,2026-03-01,森屋律子セブン－イレブン豊中豊南西店,豊中市豊南町西３丁目８番１１号,34.752407,135.48259,8340,5677
osaka,27,コンビニ,2026-03-02,岡﨑陽一セブン－イレブン豊中豊南町東４丁目店,豊中市豊南町東４丁目２番２０号,34.747952,135.483597,8339,5677
osaka,27,コンビニ,2026-03-01,法人番号1010001088181株式会社セブン－イレブン・ジャパンセブン－イレブンＪＲ岸辺駅北店,吹田市岸部中３丁目１４番１号,34.777775,135.538269,8346,5686
osaka,27,コンビニ,2026-03-24,法人番号6170001013920株式会社Ｆプロデュースコーポレーションファミリーマート和泉阪本町／Ｓ店,和泉市阪本町３７６番地１１,34.473843,135.451202,8273,5672
osaka,27,コンビニ,2026-03-01,石丸幸親セブン－イレブン寝屋川昭栄町店,寝屋川市昭栄町１０番２１号,34.758236,135.623505,8341,5699
osaka,27,コンビニ,2026-03-18,樅木昇セブン－イレブン寝屋川明和１丁目店,寝屋川市明和１丁目１７番１号,34.753273,135.643753,8340,5703
osaka,27,コンビニ,2026-03-19,法人番号4010001030181ミニストップ株式会社ミニストップ茨木彩都あさぎ店,茨木市彩都あさぎ１丁目３番１７号,34.852058,135.522552,8364,5683
osaka,27,コンビニ,2026-03-19,法人番号4010001030181ミニストップ株式会社ミニストップ茨木藤の里店,茨木市藤の里１丁目１７番１９号,34.840458,135.543808,8361,5687
osaka,27,ドラッグ・薬局,2026-03-14,法人番号1040001036939株式会社マツモトキヨシ薬マツモトキヨシ河内山本店,八尾市山本町１丁目８番２２号,34.62756,135.621185,8310,5699
osaka,27,コンビニ,2026-03-01,法人番号1010001088181株式会社セブン－イレブン・ジャパンセブン－イレブン大東市寺川３丁目店,大東市寺川３丁目８番２９号,34.710712,135.641846,8330,5702
osaka,27,コンビニ,2026-03-04,法人番号4010001030181ミニストップ株式会社ミニストップ門真柳田町店,門真市柳田町２６番８号,34.731178,135.592941,8335,5694
osaka,27,コンビニ,2026-03-01,法人番号4010001030181ミニストップ株式会社ミニストップ大蓮東３丁目店,東大阪市大蓮東３丁目１３番６号,34.636692,135.582993,8312,5693
osaka,27,コンビニ,2026-03-01,法人番号4010001030181ミニストップ株式会社ミニストップ東大阪宝持店,東大阪市宝持３丁目２番２２号,34.654888,135.589554,8317,5694
osaka,27,コンビニ,2026-03-09,法人番号4010001030181ミニストップ株式会社ミニストップ東大阪若江北町店,東大阪市若江北町３丁目５番１５号,34.654728,135.602356,8317,5696
saga,41,コンビニ,2026-03-01,古賀りつ子ローソン小城牛津店,小城市牛津町柿樋瀬８９９番地４,33.248703,130.208649,7979,4833
saga,41,コンビニ,2026-03-10,法人番号6300001010185株式会社千尋屋ローソンＳ佐賀兵庫北店,佐賀市兵庫北六丁目１２番１号,33.275997,130.313446,7986,4850
saga,41,コンビニ,2026-03-01,補伽賢一ローソン神埼鶴店,神埼市神埼町鶴９２７番地１,33.325417,130.373657,7998,4859
saga,41,ドラッグ・薬局,2026-03-26,法人番号9290001025414株式会社コスモス薬品ドラッグコスモス上峰店,三養基郡上峰町大字坊所２２番地１,33.324326,130.420975,7997,4867
saga,41,ドラッグ・薬局,2026-03-03,法人番号9290001025414株式会社コスモス薬品ドラッグコスモス伊万里松島店,伊万里市松島町４３番地１,33.280121,129.875305,7987,4780
saitama,11,コンビニ,2026-03-01,法人番号2010701019195株式会社ローソンローソン日高高麗店,日高市大字台２９４番地１,35.881649,139.306122,8611,6288
saitama,11,コンビニ,2026-03-01,法人番号2010701019195株式会社ローソンローソン毛呂山川角東店,入間郡毛呂山町大字川角８６７番地１,35.952206,139.340698,8628,6294
saitama,11,コンビニ,2026-03-01,五十畑諭ローソン越生西和田店,入間郡越生町大字西和田３９０番地９,35.970188,139.301483,8632,6288
saitama,11,コンビニ,2026-03-16,法人番号4030001157824株式会社こかいファミリーマート大原店,ふじみ野市大原二丁目１番地２６,35.879314,139.517899,8611,6322
saitama,11,コンビニ,2026-03-30,本道勇樹ファミリーマート若葉駅西店,鶴ヶ島市大字藤金８７７番地４０,35.946484,139.40448,8627,6304
saitama,11,コンビニ,2026-03-01,法人番号2010701019195株式会社ローソンローソン熊谷葛和田店,熊谷市葛和田９１０番地１,36.203316,139.420303,8688,6307
saitama,11,コンビニ,2026-03-31,武内雅明ファミリーマート北戸田駅前店,戸田市大字新曽２２２０番地の１北戸田ファーストゲートタワー１０３,35.827744,139.659988,8598,6345
saitama,11,コンビニ,2026-03-01,神(cid:8443)潤子ファミリーマート浦和根岸店,さいたま市南区根岸二丁目１４番１号サニーフラット南浦和１階,35.842213,139.665054,8602,6346
saitama,11,ドラッグ・薬局,2026-03-10,法人番号1040001036939株式会社マツモトキヨシドラッグストアマツモトキヨシさいたま根岸店,さいたま市南区根岸一丁目２４番１１号,35.843033,139.66124,8602,6345
saitama,11,コンビニ,2026-03-01,法人番号2010701019195株式会社ローソンローソン行田持田店,行田市大字持田６０００番地２,36.138237,139.439835,8673,6310
saitama,11,コンビニ,2026-03-01,法人番号2013301010706株式会社ファミリーマートファミリーマート秩父野坂町店,秩父市野坂町二丁目１６番地４８,35.987152,139.08551,8636,6253
saitama,11,コンビニ,2026-03-01,法人番号2010701019195株式会社ローソンローソン秩父皆野北店,秩父郡皆野町大字皆野２０８４番地,36.070019,139.104385,8656,6256
saitama,11,コンビニ,2026-03-01,法人番号2010701019195株式会社ローソンローソン飯能平松店,飯能市大字平松８４番地６,35.866863,139.345795,8608,6295
saitama,11,コンビニ,2026-03-01,法人番号2010701019195株式会社ローソンローソン上里役場前店,児玉郡上里町大字七本木５６０１番地,36.249939,139.143433,8699,6262
saitama,11,コンビニ,2026-03-01,法人番号2010701019195株式会社ローソンローソン本庄蛭川店,本庄市児玉町蛭川３１９番地２,36.20639,139.143936,8689,6263
saitama,11,コンビニ,2026-03-01,法人番号2010701019195株式会社ローソンローソン本庄早稲田駅前店,本庄市早稲田の杜三丁目１番４５号,36.221119,139.180206,8693,6268
saitama,11,ドラッグ・薬局,2026-03-04,法人番号6030001051892株式会社セキ薬品ドラッグストアセキ関山店,蓮田市関山二丁目２番１０号,35.986668,139.649719,8636,6343
saitama,11,コンビニ,2026-03-27,徐清寰ファミリーマート桶川駅東口店,桶川市寿一丁目１番７号,35.999691,139.563263,8639,6330
saitama,11,コンビニ,2026-03-31,法人番号2013301010706株式会社ファミリーマートファミリーマート上尾菅谷四丁目店,上尾市菅谷四丁目３５番地２,36.003189,139.592651,8640,6334
saitama,11,コンビニ,2026-03-01,法人番号4010001030181ミニストップ株式会社ミニストップ南越谷ラクーン店,越谷市南越谷一丁目１５番地１南越谷ラクーン１階,35.875023,139.793213,8610,6366
sapporo,01,コンビニ,2026-03-01,牧野冬紀ローソン札幌南３条西一丁目店,札幌市中央区南三条西一丁目８番地１０ＣｏｎｎｅｃｔＳａｐｐｏｒｏ１階,43.056946,141.356705,10333,6617
sapporo,01,コンビニ,2026-03-01,法人番号1010001088181株式会社セブン-イレブン・ジャパンセブン-イレブン江別大麻北町店,江別市大麻北町５１８番地５７,43.09071,141.502487,10341,6640
sapporo,01,コンビニ,2026-03-19,大江真弘セブン-イレブン札幌本郷通８丁目南店,札幌市白石区本郷通八丁目南２番１５号建物１階,43.041718,141.414703,10330,6626
sapporo,01,スーパー,2026-03-25,法人番号8290001022835Ｊｕｐｉｔｅｒ株式会社ジュピターイオンモール旭川駅前,旭川市宮下通七丁目２番５号イオンモール旭川駅前１階,43.76445,142.358063,10503,6777
sapporo,01,コンビニ,2026-03-01,法人番号3450002000900有限会社エンドレスカンパニーローソン当麻店,上川郡当麻町宇園別２区,43.840778,142.478455,10521,6796
sapporo,01,コンビニ,2026-03-01,法人番号1010001088181株式会社セブン-イレブン・ジャパンセブン-イレブン釧路海運３丁目店,釧路市海運三丁目１番１９号,42.986893,144.370087,10316,7099
sapporo,01,コンビニ,2026-03-25,法人番号1460102004133有限会社スギセブン-イレブン帯広かわにし店,帯広市川西町西二線６１番地９,42.84687,143.163712,10283,6906
sapporo,01,コンビニ,2026-03-01,山下恭平セブン-イレブン名寄風連店,名寄市風連町本町６８番地,44.293449,142.419891,10630,6787
sapporo,01,コンビニ,2026-03-13,髙橋秀範ローソン上砂川町店,空知郡上砂川町字上砂川町中央北一条４丁目１番１号,43.481754,141.987213,10435,6717
shiga,25,コンビニ,2026-03-31,法人番号4160003000572合資会社ＴＲＦ－ｏｎｅファミリーマート彦根松原店,彦根市松原町３６４２番地,35.282974,136.261444,8467,5801
shiga,25,ドラッグ・薬局,2026-03-19,法人番号9290001025414株式会社コスモス薬品ドラッグコスモス下鈎店,栗東市下鈎８９６番地,35.03326,135.982605,8407,5757
shimane,32,ドラッグ・薬局,2026-03-25,法人番号9240001021698株式会社ツルハグループドラッグ＆ファーマシー西日本ドラッグストアウェルネス乃白南店,松江市乃白町2203番地,35.430317,133.047684,8503,5287
shizuoka,22,コンビニ,2026-03-27,法人番号9080002000164有限会社アクティブローソンエスパルスドリームプラザ店,静岡市清水区入船町13番15号,35.01041,138.492599,8402,6158
shizuoka,22,コンビニ,2026-03-01,法人番号4010001030181ミニストップ株式会社ミニストップ浜松於呂店,浜松市浜名区於呂1958番地の1,34.83297,137.798264,8359,6047
shizuoka,22,コンビニ,2026-03-16,荻田祥惠セブン－イレブン裾野平松店,裾野市平松593番地の3,35.167622,138.906723,8440,6225
shizuoka,22,ドラッグ・薬局,2026-03-23,法人番号9290001025414株式会社コスモス薬品ドラッグコスモス川島田店,御殿場市川島田328番地の9,35.295063,138.925644,8470,6228
shizuoka,22,コンビニ,2026-03-11,法人番号7080101021963株式会社ＡＦＡＫセブン－イレブン富士市今宮店,富士市今宮547番地の1,35.201946,138.719833,8448,6195
shizuoka,22,コンビニ,2026-03-18,吉田由美子セブン－イレブン磐田大原店,磐田市大原1427番地1,34.699139,137.865341,8327,6058
shizuoka,22,コンビニ,2026-03-26,岡本卓士ファミリーマートＪＲ菊川駅／Ｓ店,菊川市堀之内547番地の9ＪＲ東海菊川駅構内,34.762737,138.084808,8343,6093
shizuoka,22,コンビニ,2026-03-10,五十畑翔太ファミリーマート藤枝一丁目店,藤枝市藤枝一丁目4番13号,34.868286,138.251633,8368,6120
shizuoka,22,コンビニ,2026-03-31,小林駿一ファミリーマート藤枝蓮華寺池店,藤枝市若王子一丁目5番7号,34.877972,138.257645,8370,6121
tochigi,09,コンビニ,2026-03-13,法人番号1060002004513ジーエムシー有限会社ファミリーマートＢＯＳＳ１５タウン／Ｓ店,宇都宮市簗瀬町１８６５番地１建物１階,36.54549,139.887039,8770,6381
tochigi,09,ドラッグ・薬局,2026-03-17,法人番号9290001025414株式会社コスモス薬品ドラッグコスモス氏家店,さくら市氏家３１４５番地１,36.686928,139.96637,8804,6394
tokushima,36,コンビニ,2026-03-18,岡崎卓也セブン－イレブン徳島安宅２丁目店,徳島市安宅２丁目２９番地１,34.070648,134.575333,8176,5532
tokushima,36,ドラッグ・薬局,2026-03-19,法人番号9290001044133株式会社ドラッグストアモリドラッグストアモリ国府観音寺店,徳島市国府町観音寺矢三田６０５番地の１,34.069935,134.472061,8176,5515
tokushima,36,コンビニ,2026-03-01,久保義典ローソン鳴門高島店,鳴門市鳴門町高島字北３５３番地,34.205833,134.593704,8209,5534
tokushima,36,コンビニ,2026-03-01,法人番号4010001030181ミニストップ株式会社ミニストップ脇町店,美馬市脇町大字脇町字町南４７１番地１,34.068764,134.136505,8176,5461
tokyo,13,コンビニ,2026-03-17,法人番号2010701019195株式会社ローソンローソン三菱ＵＦＪ信託銀行本店ビル丸の内よろず店,千代田区丸の内１丁目４番５号三菱ＵＦＪ信託銀行本店ビル地下１階,35.684025,139.764786,8564,6362
tokyo,13,コンビニ,2026-03-25,金鎖ファミリーマート名鉄イン浜松町店,港区浜松町１丁目１９番１４号名鉄イン浜松町１階,35.657879,139.755936,8557,6360
tokyo,13,コンビニ,2026-03-01,法人番号2011003022929合同会社ウェストヴィレッジローソンＨ大森駅北口店,品川区南大井６丁目１７番１４号曽根ビル１階,35.589703,139.729355,8541,6356
tokyo,13,コンビニ,2026-03-10,小松元セブン－イレブン大井町トラックス店,品川区広町２丁目１番１７号ＴＲＡＣＫＳＳＴＲＥＥＴ２階店舗番号０２０８０１,35.607903,139.732117,8545,6357
tokyo,13,コンビニ,2026-03-31,齋藤雅子ファミリーマート新宿新小川町店,新宿区新小川町７番１７号飯田橋三幸ビル１階,35.708054,139.741135,8569,6358
tokyo,13,コンビニ,2026-03-01,朴相美セブン－イレブン新宿大久保３丁目店,新宿区大久保３丁目２番１２号建物１階及び２階,35.704628,139.7052,8569,6352
tokyo,13,ドラッグ・薬局,2026-03-16,法人番号6011101051743トラスト国際医療株式会社東都薬局,新宿区百人町３丁目１番６号西戸山タワーホウムズセントラルタワー地下１階Ｆ－２号室,35.705738,139.700577,8569,6352
tokyo,13,コンビニ,2026-03-11,中島隆介ファミリーマート新木場センタービル店,江東区新木場１丁目１８番６号新木場センタービル１階１０１号室,35.644424,139.825714,8554,6372
tokyo,13,コンビニ,2026-03-19,仲村健太郎デイリーヤマザキ江東豊洲駅前店,江東区豊洲５丁目５番１号豊洲シエルタワー１階Ｓ１－１号室,35.653679,139.795715,8556,6367
tokyo,13,コンビニ,2026-03-24,法人番号3010601021671株式会社ユーニックファミリーマート東京ドリームパーク店,江東区有明３丁目３番８号東京ドリームパーク１階商業１－１区画,35.630138,139.787827,8551,6366
tokyo,13,コンビニ,2026-03-01,法人番号2010801016902株式会社スズセンローソン柿の木坂店,目黒区碑文谷４丁目２４番１３号クレッセント柿の木坂西悠ビル１階,35.620369,139.680756,8548,6348
tokyo,13,コンビニ,2026-03-01,田村資代ローソンストア１００蒲田西口店,大田区西蒲田７丁目３０番１号ベエラ・ハイムなかじ１階,35.563347,139.713974,8535,6354
tokyo,13,コンビニ,2026-03-01,法人番号5013202001850有限会社カノウヤ商店セブン－イレブン世田谷砧４丁目店,世田谷区砧４丁目６番８号,35.640781,139.61261,8553,6338
tokyo,13,コンビニ,2026-03-01,橋英志セブン－イレブン世田谷砧３丁目店,世田谷区砧３丁目３番３号メディカルテラス砧１階,35.634853,139.612579,8552,6338
tokyo,13,コンビニ,2026-03-02,法人番号7011502009281有限会社酢屋鈴木商店セブン－イレブン荒川東尾久３丁目店,荒川区東尾久３丁目２４番２２号,35.745068,139.770706,8578,6363
tokyo,13,コンビニ,2026-03-04,寺内健太郎ファミリーマート桜川三丁目店,板橋区桜川３丁目１３番１７号,35.759598,139.674179,8582,6347
tokyo,13,ドラッグ・薬局,2026-03-26,法人番号7180301016951株式会社スギ薬局スギドラッグ常盤台４丁目店,板橋区常盤台４丁目７番１２号ＦＩＧＡＲＯｔｏｋｉｗａｄａｉ１階,35.764801,139.68042,8583,6348
tokyo,13,コンビニ,2026-03-01,法人番号4010001030181ミニストップ株式会社ミニストップ葛飾スポーツセンター前店,葛飾区奥戸７丁目７番１号,35.735523,139.863144,8576,6378
tokyo,13,ドラッグ・薬局,2026-03-13,法人番号1040001036939株式会社マツモトキヨシ薬マツモトキヨシ西亀有２丁目店,葛飾区西亀有２丁目３７番７号,35.762852,139.833969,8583,6373
tokyo,13,コンビニ,2026-03-13,法人番号1010001088181株式会社セブン－イレブン・ジャパンセブン－イレブン国立学園通り店,国立市富士見台４丁目５２番１号,35.690243,139.430603,8565,6308
tokyo,13,コンビニ,2026-03-25,二宮義之セブン－イレブン府中番場北裏通り店,府中市片町１丁目１９番地の４,35.670982,139.46991,8561,6315
tottori,31,コンビニ,2026-03-01,法人番号6280001002706株式会社ＢＥＡＴＮＩＫコーポレーションローソン北栄町北尾店,東伯郡北栄町北尾90番地1,35.477943,133.809357,8514,5409
toyama,16,ドラッグ・薬局,2026-03-27,法人番号9290001025414株式会社コスモス薬品ドラッグコスモス姫野店,高岡市姫野５３７番地１,36.771164,137.087479,8825,5933
wakayama,30,コンビニ,2026-03-01,橋村篤ローソン湯浅町湯浅店,有田郡湯浅町湯浅１４５８番地１,34.034603,135.185699,8168,5629
yamagata,06,コンビニ,2026-03-11,法人番号1010001088181株式会社セブン－イレブン・ジャパンセブン－イレブン山形南栄町2丁目店,山形市南栄町二丁目16番8号,38.230885,140.320801,9175,6451
yamagata,06,コンビニ,2026-03-01,法人番号9390001013029株式会社ＧＯＴＯセブン－イレブン酒田亀ケ崎4丁目店,酒田市亀ケ崎四丁目16番20号,38.899223,139.842346,9335,6374
yamaguchi,35,コンビニ,2026-03-26,河口和彦セブン－イレブン宇部新町店,宇部市新町9番13号,33.951588,131.242493,8148,4998
yamanashi,19,コンビニ,2026-03-01,手塚昌智ローソン大泉西井出店,北杜市大泉町西井出８５６６番地４８,35.906494,138.402512,8617,6144
yamanashi,19,コンビニ,2026-03-19,佐々木英夫セブン－イレブン昭和町飯喰店,中巨摩郡昭和町河西１６３２番地１,35.615192,138.522446,8547,6163
yamanashi,19,スーパー,2026-03-06,法人番号9290001072902株式会社トライアルストアーズスーパーセンタートライアル石和店,笛吹市石和町四日市場１６７９番地,35.644585,138.63118,8554,6180
aichi,23,コンビニ,2026-04-01,法人番号3180003028869合同会社いまじんローソン名東上社一丁目店,名古屋市名東区上社一丁目701番地,35.174389,137.007339,8441,5921
aichi,23,コンビニ,2026-04-01,法人番号3180003028869合同会社いまじんローソン名東高校前店,名古屋市名東区大針一丁目366番地1,35.154583,137.020813,8437,5923
aichi,23,スーパー,2026-04-24,法人番号1080101006499マックスバリュ東海株式会社マックスバリュエクスプレス上社駅前店,名古屋市名東区上社一丁目612番地フロント上社1階,35.174633,137.006561,8441,5921
aichi,23,コンビニ,2026-04-30,白髭聰セブン－イレブン名古屋錦通今池北店,名古屋市千種区内山三丁目10番17号,35.170174,136.936646,8440,5909
aichi,23,コンビニ,2026-04-01,法人番号6180003009461合同会社新家商会ファミリーマート新守山駅前店,名古屋市守山区新守町50番地,35.207188,136.952148,8449,5912
aichi,23,コンビニ,2026-04-01,法人番号3180003028869合同会社いまじんローソン天白中平店,名古屋市天白区中平二丁目501番地,35.115017,136.996643,8427,5919
aichi,23,コンビニ,2026-04-01,法人番号3180003028869合同会社いまじんローソン緑区滝ノ水店,名古屋市緑区滝ノ水一丁目1013番地1,35.092033,136.980026,8422,5916
aichi,23,コンビニ,2026-04-01,法人番号3180003028869合同会社いまじんローソン緑区神ノ倉店,名古屋市緑区東神の倉一丁目2706番地,35.105518,137.017334,8425,5922
aichi,23,コンビニ,2026-04-01,法人番号3180003028869合同会社いまじんローソン南区芝町店,名古屋市南区芝町30番地,35.097404,136.942017,8423,5910
aichi,23,コンビニ,2026-04-01,滝沢美由子ファミリーマート緑浦里店,名古屋市緑区浦里三丁目86番地,35.086357,136.948013,8420,5911
aichi,23,コンビニ,2026-04-01,法人番号4010001030181ミニストップ株式会社ミニストップ幸田深溝店,額田郡幸田町大字深溝字西金ヶ崎18番地1,34.843418,137.167267,8362,5946
aichi,23,コンビニ,2026-04-01,法人番号4010001030181ミニストップ株式会社ミニストップ一宮三条店,一宮市三条字北平42番地1,35.303101,136.76062,8472,5881
aichi,23,コンビニ,2026-04-01,法人番号8180001106234株式会社プログレッシングローソン一宮三条南店,一宮市三条字墓北16番地1,35.304581,136.752625,8473,5880
aichi,23,コンビニ,2026-04-17,董明ファミリーマートキクヤ一宮店,一宮市今伊勢町本神戸字南新田11番地,35.313931,136.792297,8475,5886
aichi,23,コンビニ,2026-04-01,宇土洋子ローソン東海元浜町店,東海市元浜町45番地5,35.009628,136.8797,8402,5900
aichi,23,コンビニ,2026-04-01,法人番号4010001030181ミニストップ株式会社ミニストップ半田平井町店,半田市平井町五丁目87番地1,34.908527,136.89537,8378,5903
aichi,23,ドラッグ・薬局,2026-04-01,法人番号9290001025414株式会社コスモス薬品ドラッグコスモス平島中店,弥富市平島中三丁目28番地,35.10857,136.73645,8426,5877
aichi,23,コンビニ,2026-04-01,村山亮輔ファミリーマート豊田小坂町店,豊田市小坂町六丁目35番地,35.086449,137.142258,8420,5942
aichi,23,コンビニ,2026-04-22,中澤健次セブン－イレブン豊田市荒井町店,豊田市荒井町万加田96番地5,35.105274,137.171829,8425,5947
aichi,23,コンビニ,2026-04-15,野中浩輔ファミリーマート春日井押沢台店,春日井市押沢台一丁目7番地12,35.285614,137.064514,8468,5930
aomori,02,コンビニ,2026-04-01,法人番号7420001016434株式会社ｇｏｏｄｔｉｍｅローソン弘前田園四丁目店,弘前市大字田園四丁目7番地6,40.60471,140.506989,9745,6481
aomori,02,コンビニ,2026-04-01,法人番号7420001016434株式会社ｇｏｏｄｔｉｍｅローソン平川高木原富店,平川市高木原富215番地,40.614265,140.586166,9747,6493
aomori,02,コンビニ,2026-04-01,法人番号7420001016434株式会社ｇｏｏｄｔｉｍｅローソン平川尾上栄松店,平川市尾上栄松123番地1,40.617085,140.579605,9748,6492
aomori,02,コンビニ,2026-04-01,法人番号7420001016434株式会社ｇｏｏｄｔｉｍｅローソン黒石袋井店,黒石市袋井二丁目29番地1,40.641048,140.589996,9753,6494
aomori,02,コンビニ,2026-04-01,法人番号7420001016434株式会社ｇｏｏｄｔｉｍｅローソン黒石角田店,黒石市角田22番地1,40.641869,140.609467,9754,6497
aomori,02,コンビニ,2026-04-01,法人番号7420001016434株式会社ｇｏｏｄｔｉｍｅローソン黒石緑ヶ丘店,黒石市緑ヶ丘17番地2,40.661716,140.597153,9758,6495
chiba,12,コンビニ,2026-04-10,張桂玉セブン－イレブン千葉大椎町店,千葉市緑区大椎町１１９８番地１３,35.525887,140.253586,8526,6440
chiba,12,コンビニ,2026-04-01,加藤知樹ローソン西八千代店,八千代市緑が丘西１丁目１８番１号,35.73003,140.066986,8575,6410
chiba,12,コンビニ,2026-04-01,法人番号1010701035020株式会社ローソンアーバンワークスローソン浦安南口店,浦安市猫実４丁目１８番２１号博栄ビル１階,35.664494,139.892426,8559,6382
chiba,12,コンビニ,2026-04-27,狩野守康ファミリーマート船橋古和釜店,船橋市古和釜町６０５番地２,35.738018,140.052063,8577,6408
chiba,12,コンビニ,2026-04-01,法人番号1010701035020株式会社ローソンアーバンワークスローソン流山鰭ケ崎店,流山市鰭ヶ崎４番地の９流山スカイハイツ１階,35.837212,139.910202,8600,6385
chiba,12,コンビニ,2026-04-01,法人番号1010001088181株式会社セブン－イレブン・ジャパンセブン－イレブン北松戸駅東口店,松戸市上本郷９０２番地の１町山ビル１階,35.800652,139.912735,8592,6386
chiba,12,コンビニ,2026-04-01,千野肇ローソンストア１００松戸馬橋店,松戸市西馬橋蔵元町１５６番地蔵元ビル１階,35.813778,139.912933,8595,6386
chiba,12,コンビニ,2026-04-30,小杉大輔ファミリーマート鎌ヶ谷南初富店,鎌ケ谷市南初富２丁目１０番５４号,35.774349,140.007874,8585,6401
chiba,12,コンビニ,2026-04-01,染谷和弘セブン－イレブン千葉神崎店,香取郡神崎町神崎本宿３２０６番地１,35.905258,140.40213,8617,6464
chiba,12,コンビニ,2026-04-14,法人番号1011101031089株式会社八洋ファミリーマート八洋プロロジスパーク成田店,成田市南三里塚８７番地２プロロジスパーク成田１付属店舗,35.738697,140.379089,8577,6460
chiba,12,ドラッグ・薬局,2026-04-28,法人番号9290001025414株式会社コスモス薬品ドラッグコスモス成田飯仲店,成田市飯仲７番地１２,35.758789,140.302612,8582,6448
chiba,12,コンビニ,2026-04-01,関根有希ローソンストア１００野田山崎店,野田市山崎２２５８番地の１,35.924526,139.89209,8621,6382
chiba,12,コンビニ,2026-04-22,法人番号7050001018105セキショウブランニューシステム株式会社ファミリーマートＴＸ柏たなか駅店,柏市小青田５丁目１６番地１首都圏新都市鉄道つくばエクスプレス柏たなか駅２階ラチ外コンコース内,35.910675,139.957306,8618,6393
chiba,12,ドラッグ・薬局,2026-04-24,法人番号7180301016951株式会社スギ薬局スギドラッグ柏布施店,柏市布施８１４番地１５建物１階,35.888084,139.988831,8613,6398
ehime,38,コンビニ,2026-04-30,法人番号2013301010706株式会社ファミリーマートファミリーマート松山石手二丁目店,松山市石手二丁目５番１７号,33.846497,132.796906,8123,5247
ehime,38,ドラッグ・薬局,2026-04-16,法人番号9290001025414株式会社コスモス薬品ドラッグコスモス波止浜店,今治市中堀一丁目１７４番地６０,34.100998,132.96608,8184,5274
fukui,18,コンビニ,2026-04-30,法人番号7220001013773株式会社グリーン・デイファミリーマート敦賀山泉店,敦賀市山泉９号５０７番地,35.62587,136.063232,8550,5770
fukui,18,コンビニ,2026-04-23,畠中俊秀セブンーイレブン小浜伏原店,小浜市伏原２２号１８番地１２,35.490891,135.745483,8517,5719
fukuoka,40,コンビニ,2026-04-23,大場智晴ファミリーマート門司大里本町店,北九州市門司区大里本町三丁目２番２８号,33.907486,130.932816,8137,4949
fukuoka,40,コンビニ,2026-04-29,法人番号2010701019195株式会社ローソンローソン中間通谷二丁目店,中間市通谷二丁目１番１号,33.821926,130.733582,8117,4917
fukuoka,40,コンビニ,2026-04-30,法人番号2013301010706株式会社ファミリーマートファミリーマート小倉重住二丁目店,北九州市小倉南区重住二丁目５番６号,33.854618,130.888977,8125,4942
fukuoka,40,スーパー,2026-04-01,法人番号6290001017604イオン九州株式会社マックスバリュエクスプレス住吉４丁目店,福岡市博多区住吉四丁目２９番２２号,33.583057,130.410278,8059,4865
fukuoka,40,コンビニ,2026-04-01,土路生宗高ファミリーマートＪＲ福間駅店,福津市中央三丁目１番１号,33.763393,130.486389,8103,4877
fukuoka,40,コンビニ,2026-04-01,法人番号4290001087153株式会社Ｎｅｗｅｍローソン大牟田白銀店,大牟田市白銀３５０番地１,33.066879,130.481186,7936,4876
fukuoka,40,スーパー,2026-04-09,法人番号9290001098798イオンウエルシア九州株式会社ウエルシアプラス久留米中央店,久留米市東町２７番地１５,33.311474,130.516205,7994,4882
fukuoka,40,ドラッグ・薬局,2026-04-21,法人番号9290001025414株式会社コスモス薬品ドラッグコスモス新合川店,久留米市新合川二丁目５番２号,33.318336,130.540451,7996,4886
fukuoka,40,コンビニ,2026-04-01,法人番号4010001030181ミニストップ株式会社ミニストップ大野城仲畑２丁目店,大野城市仲畑二丁目１３番４２号,33.557152,130.468445,8053,4874
fukushima,07,コンビニ,2026-04-01,法人番号4010001030181ミニストップ株式会社ミニストップ矢吹大町店,西白河郡矢吹町大町224番地1,37.199875,140.319351,8927,6451
fukushima,07,コンビニ,2026-04-01,法人番号5380001026274株式会社圓セブン－イレブン須賀川影沼町店,須賀川市影沼町115番地3,37.28389,140.351669,8948,6456
gifu,21,ドラッグ・薬局,2026-04-09,法人番号9290001025414株式会社コスモス薬品ドラッグコスモス鷺山新町店,岐阜市鷺山新町2番2号,35.451851,136.75206,8508,5880
gifu,21,ドラッグ・薬局,2026-04-06,法人番号7180301016951株式会社スギ薬局スギドラッグ岐南三宅店,羽島郡岐南町三宅五丁目313番地,35.392166,136.791046,8494,5886
gifu,21,スーパー,2026-04-16,法人番号1200001023177株式会社グッドライフエステートおたからやイオンタウン養老店,養老郡養老町宇田561番地,35.326057,136.559814,8478,5849
gumma,10,ドラッグ・薬局,2026-04-06,法人番号9290001025414株式会社コスモス薬品ドラッグコスモス富士見店,前橋市富士見町時沢１７０２番地１,36.431828,139.087967,8743,6254
gumma,10,コンビニ,2026-04-01,後藤喜美子ローソン沼田横塚店,沼田市横塚町４６５番地２,36.665661,139.088272,8799,6254
gumma,10,コンビニ,2026-04-01,小池重利ローソン板倉町板倉店,邑楽郡板倉町板倉３１２０番地２,36.224796,139.61087,8693,6337
gumma,10,コンビニ,2026-04-01,法人番号4010001008806山崎製パン株式会社デイリーヤマザキ明和川俣店,邑楽郡明和町川俣１２８番地１,36.200356,139.514465,8688,6322
hiroshima,34,コンビニ,2026-04-01,法人番号2240001052601株式会社ｆｉｎｅｓｅｖｅｎセブン－イレブン広島緑井店,広島市安佐南区緑井一丁目5番2号,34.46632,132.476212,8271,5196
hiroshima,34,ドラッグ・薬局,2026-04-14,法人番号9290001025414株式会社コスモス薬品ドラッグコスモス可部北店,広島市安佐北区可部八丁目4番19号,34.528023,132.514999,8286,5202
hiroshima,34,コンビニ,2026-04-16,法人番号7240001034801株式会社サクセスズローソン福山第一病院前店,福山市南蔵王町五丁目10番2号,34.503677,133.401505,8280,5344
hiroshima,34,ドラッグ・薬局,2026-04-23,法人番号9290001025414株式会社コスモス薬品ドラッグコスモス千田店,福山市千田町二丁目50番3号,34.520443,133.384689,8284,5341
hiroshima,34,コンビニ,2026-04-30,劉俊梅ファミリーマート福山東深津町店,福山市東深津町二丁目9番51号,34.494545,133.391144,8278,5342
hiroshima,34,ドラッグ・薬局,2026-04-08,法人番号9290001025414株式会社コスモス薬品ドラッグコスモス西条下見店,東広島市西条町寺家7977番地1,34.434826,132.728241,8264,5236
hiroshima,34,コンビニ,2026-04-21,竹下晃史ローソン東広島御薗宇下条店,東広島市西条町御薗宇2653番1,34.408062,132.755798,8257,5240
hiroshima,34,スーパー,2026-04-01,法人番号8010901017654株式会社アエナアエナイオンモール広島府中店,安芸郡府中町大須二丁目1番1号,34.394566,132.499527,8254,5199
hyogo,28,コンビニ,2026-04-02,法人番号4140002055264有限会社トッチーカンパニーセブン－イレブン三田プレミアムアウトレット店,神戸市北区上津台７丁目３番地神戸三田プレミアム・アウトレット２００４区,34.8592,135.191727,8366,5630
hyogo,28,スーパー,2026-04-09,法人番号9140001024851株式会社シュアレシャトレーゼイオンモール神戸北店,神戸市北区上津台８丁目１番１号イオンモール神戸北１階１０１区画,34.860859,135.196518,8366,5631
hyogo,28,スーパー,2026-04-20,法人番号9290001072902株式会社トライアルストアーズスーパーセンタートライアル姫路四郷店,姫路市四郷町見野７８８番地,34.803822,134.728378,8352,5556
hyogo,28,コンビニ,2026-04-01,足立勝己セブン－イレブン尼崎浜田町２丁目店,尼崎市浜田町２丁目８０番,34.730469,135.398132,8335,5663
hyogo,28,ドラッグ・薬局,2026-04-21,法人番号6200001014428株式会社ユタカファーマシードラッグユタカ宝塚長尾店,宝塚市長尾町１番１５号,34.812866,135.381729,8355,5661
hyogo,28,スーパー,2026-04-22,法人番号9140001004093株式会社マルハチスーパーマルハチ新南芦屋浜店,芦屋市海洋町６番１号,34.712013,135.316101,8330,5650
hyogo,28,コンビニ,2026-04-28,和田英弘ファミリーマート豊岡駅西口店,豊岡市高屋９８９番地の８,35.544346,134.810333,8530,5569
hyogo,28,コンビニ,2026-04-01,法人番号2010701019195株式会社ローソンローソン西脇上戸田店,西脇市上戸田６７番地,34.989166,134.989639,8397,5598
ibaraki,08,コンビニ,2026-04-15,清水かつ江ファミリーマートつくば若栗店,つくば市若栗１２８２番地５,36.012653,140.103256,8643,6416
ibaraki,08,コンビニ,2026-04-28,中薗皓大ローソン阿見荒川本郷店,稲敷郡阿見町大字荒川本郷１３８６番地１,36.017586,140.176529,8644,6428
ibaraki,08,ドラッグ・薬局,2026-04-28,法人番号9290001025414株式会社コスモス薬品ドラッグコスモスひたち野うしく店,稲敷郡阿見町大字荒川本郷１７８番地１,36.017586,140.176529,8644,6428
ibaraki,08,コンビニ,2026-04-28,法人番号5060001026372株式会社グローイング・カンパニーローソン守谷大柏店,守谷市大柏２５１番地１,35.943634,139.968887,8626,6395
ibaraki,08,コンビニ,2026-04-01,法人番号4010001030181ミニストップ株式会社ミニストップ鹿嶋宮津台店,鹿嶋市大字宮津台４７２６番地２０,35.981228,140.64447,8635,6503
ibaraki,08,コンビニ,2026-04-30,西野正樹ファミリーマート鉾田中央店,鉾田市鉾田２４８４番地６,36.152618,140.510071,8676,6481
ishikawa,17,コンビニ,2026-04-03,山本達弥ファミリーマート金沢駐屯地／Ｓ店,金沢市野田町１番８号金沢駐屯地厚生センター１階,36.538361,136.666077,8769,5866
ishikawa,17,コンビニ,2026-04-30,法人番号2013301010706株式会社ファミリーマートファミリーマート白山月橋店,白山市月橋町２９３番地,36.464149,136.630829,8751,5860
iwate,03,コンビニ,2026-04-01,泉澤悠ローソン滝沢穴口店,滝沢市穴口314番地3,39.730942,141.099442,9535,6575
iwate,03,スーパー,2026-04-07,法人番号2370801000738株式会社利久牛たん炭焼利久イオンモール盛岡店,盛岡市前潟四丁目7番1号,39.710526,141.101059,9530,6576
iwate,03,コンビニ,2026-04-01,法人番号1400001008042株式会社らいおんローソン久慈湊町店,久慈市湊町第20地割1番地1,40.204376,141.792526,9649,6686
iwate,03,コンビニ,2026-04-29,齊藤忍ファミリーマート東山町長坂店,一関市東山町長坂字東本町318番地1,38.99474,141.256699,9358,6601
kagawa,37,コンビニ,2026-04-22,法人番号4470001013669株式会社フォース・リテイリングセブン－イレブン高松シンボルタワー店,高松市サンポート２番１号高松シンボルタワータワー棟１階,34.352398,134.047791,8244,5447
kagawa,37,コンビニ,2026-04-10,法人番号4010001008806山崎製パン株式会社デイリーヤマザキ多度津町桜川店,仲多度郡多度津町桜川一丁目９番３号,34.265488,133.758209,8223,5401
kochi,39,コンビニ,2026-04-01,植田徹平ローソン高知弘化台店,高知市弘化台２０番２８号,33.550274,133.564728,8052,5370
kochi,39,コンビニ,2026-04-30,法人番号2013301010706株式会社ファミリーマートファミリーマート高知介良店,高知市介良乙２８１７番地１,33.557896,133.602859,8053,5376
kochi,39,スーパー,2026-04-14,法人番号5480002014061有限会社西宮商店スーパーフェニックス,安芸郡東洋町大字白浜２９番地,33.545143,134.293854,8050,5487
kochi,39,スーパー,2026-04-07,法人番号8470001009911讃岐煉瓦株式会社すくもサニーサイドパーク,宿毛市小筑紫町田ノ浦１２４４番地１０１階,32.913364,132.723465,7899,5235
kyoto,26,ドラッグ・薬局,2026-04-08,法人番号7130001017569シミズ薬品株式会社ドラッグストアダックス京都北野白梅町店,京都市北区北野下白梅町５５番地１,35.026482,135.731857,8406,5717
kyoto,26,ドラッグ・薬局,2026-04-08,法人番号7130001017569シミズ薬品株式会社ドラッグストアダックス左京岩倉中河原店,京都市左京区岩倉中河原町１１９番地,35.070751,135.780289,8416,5724
kyoto,26,コンビニ,2026-04-16,法人番号1010001088181株式会社セブン－イレブン・ジャパンセブン－イレブン山科御陵鳥ノ向町店,京都市山科区御陵鳥ノ向町２４番地,34.991348,135.812927,8397,5730
kyoto,26,コンビニ,2026-04-17,吉川義晶ファミリーマート京都清水焼団地店,京都市山科区川田清水焼団地町７番地２,34.978867,135.795929,8394,5727
kyoto,26,ドラッグ・薬局,2026-04-13,法人番号9290001025414株式会社コスモス薬品ドラッグコスモス伏見新町店,京都市伏見区新町六丁目９９０番地,34.93462,135.762955,8384,5722
kyoto,26,コンビニ,2026-04-16,法人番号7130002033573有限会社アカマツローソン綾部安国寺インター店,綾部市安国寺町横谷口９番地１,35.335136,135.311829,8480,5649
kyoto,26,スーパー,2026-04-15,法人番号8140001056714株式会社マルワ渡辺水産スーパーマルワ長岡店,京丹後市峰山町菅９１９番地の３,35.609634,135.070038,8546,5611
mie,24,コンビニ,2026-04-08,宇納誠ファミリーマート菰野永井店,三重郡菰野町永井3299番地,35.051456,136.530579,8412,5844
mie,24,ドラッグ・薬局,2026-04-28,法人番号9290001025414株式会社コスモス薬品ドラッグコスモス四十九店,伊賀市四十九町1156番地2,34.751812,136.133911,8340,5781
miyagi,04,コンビニ,2026-04-15,法人番号9370001045701株式会社ブールバールローソン仙台高松二丁目店,仙台市青葉区高松二丁目11番72号,38.279861,140.890381,9187,6542
miyagi,04,コンビニ,2026-04-01,法人番号4010001030181ミニストップ株式会社ミニストップ仙台新港店,仙台市宮城野区中野三丁目4番地の11,38.272617,140.986221,9185,6557
miyagi,04,コンビニ,2026-04-01,石川弘嗣ファミリーマート女川中央店,牡鹿郡女川町女川二丁目15番地の2,38.444603,141.445984,9226,6631
miyagi,04,コンビニ,2026-04-27,佐々木由里子ファミリーマート岩出山池月店,大崎市岩出山池月字下宮道合2番地1,38.712536,140.838089,9291,6534
miyagi,04,コンビニ,2026-04-30,髙橋健ファミリーマート白石インター店,白石市福岡深谷字地蔵堂62番地,38.029594,140.630371,9127,6500
miyagi,04,コンビニ,2026-04-01,法人番号1010001088181株式会社セブン－イレブン・ジャパンセブン－イレブン栗原築館下宮野店,栗原市築館字下宮野大仏98番地3,38.755978,141.02652,9301,6564
miyagi,04,コンビニ,2026-04-07,佐々木隆記セブン－イレブン登米インター店,登米市中田町浅水字新沼尻84番地1,38.700348,141.264648,9288,6602
nagano,20,ドラッグ・薬局,2026-04-13,法人番号4100001013094株式会社コスコドラッグコスコマーシィ稲田店,長野市稲田一丁目３９番地１,36.675945,138.218262,8802,6114
nagano,20,コンビニ,2026-04-30,内山貴弘ファミリーマート松本中央二丁目店,松本市中央二丁目７番１号,36.2313,137.969452,8695,6075
nagasaki,42,コンビニ,2026-04-30,法人番号2013301010706株式会社ファミリーマートファミリーマート長崎鳴見店,長崎市鳴見町８０番地２,32.813328,129.813446,7875,4770
nagasaki,42,スーパー,2026-04-15,法人番号6290001017604イオン九州株式会社マックスバリュ佐世保島瀬店,佐世保市島瀬町１０番９号,33.171432,129.720963,7961,4755
nagasaki,42,コンビニ,2026-04-01,奥永眞吾ファミリーマート雲仙グリーンロード国見店,雲仙市国見町神代戊２５７３番地,32.847462,130.262955,7883,4842
nara,29,コンビニ,2026-04-01,法人番号7150001000837アイアンドエル株式会社ローソン桜井川合店,桜井市大字川合１２８番地の８,34.514709,135.843491,8283,5734
niigata,15,コンビニ,2026-04-01,今泉喜則ローソン新潟木場店,新潟市西区木場２３０９番地１,37.832794,138.985901,9079,6237
niigata,15,コンビニ,2026-04-30,法人番号2013301010706株式会社ファミリーマートファミリーマートグランドダムズ県央／Ｓ店,燕市井土巻１７９３番地１,37.658775,138.939621,9038,6230
niigata,15,コンビニ,2026-04-30,法人番号2013301010706株式会社ファミリーマートファミリーマート三条代官島店,三条市代官島１２４１番地１,37.677807,138.973007,9042,6235
okayama,33,ドラッグ・薬局,2026-04-24,法人番号9290001025414株式会社コスモス薬品ドラッグコスモス津山昭和町店,津山市昭和町一丁目37番地,35.05468,133.999985,8413,5439
okinawa,47,コンビニ,2026-04-01,法人番号5360001015444Ｇサポート株式会社ローソン西原東中学校前店,中頭郡西原町字小那覇３２６番地１６,26.223642,127.768852,6293,4443
okinawa,47,コンビニ,2026-04-27,法人番号3360001000497株式会社沖縄ファミリーマートファミリーマート恩納山田店,国頭郡恩納村字山田２３５９番地１,26.428755,127.781441,6342,4445
okinawa,47,コンビニ,2026-04-01,法人番号4360003013190合同会社Ｋ‐ＢＲＯ．ファミリーマート沖縄胡屋六丁目店,沖縄市胡屋６丁目１０番１号,26.324825,127.809647,6317,4449
okinawa,47,コンビニ,2026-04-01,法人番号3360001000497株式会社沖縄ファミリーマートファミリーマート読谷大湾東店,中頭郡読谷村字ときわ１１番地３号１階,26.396111,127.744446,6335,4439
osaka,27,コンビニ,2026-04-01,法人番号4010001030181ミニストップ株式会社ミニストップ北堀江店,大阪市西区北堀江２丁目１番６号,34.675064,135.492722,8322,5678
osaka,27,スーパー,2026-04-28,法人番号9140001004093株式会社マルハチスーパーマルハチなんば店,大阪市浪速区湊町２丁目１番９号,34.664551,135.495483,8319,5679
osaka,27,コンビニ,2026-04-15,法人番号8120003029653合同会社千流セブン－イレブン京阪京橋店,大阪市都島区東野田町１丁目６番１号,34.696045,135.529922,8327,5684
osaka,27,コンビニ,2026-04-10,法人番号2010701019195株式会社ローソンローソンＯＳＬ東梅田駅ホーム店,大阪市北区曾根崎２丁目１１番１１号,34.700569,135.499893,8328,5679
osaka,27,コンビニ,2026-04-03,武井美由樹セブン－イレブン大阪北久宝寺町４丁目店,大阪市中央区北久宝寺町４丁目３番１１号,34.679813,135.499023,8323,5679
osaka,27,コンビニ,2026-04-15,法人番号2120001257567株式会社ＬＦＣローソン博労町一丁目店,大阪市中央区博労町１丁目６番６号,34.678391,135.508102,8322,5681
osaka,27,コンビニ,2026-04-30,法人番号2013301010706株式会社ファミリーマートファミリーマート堺常磐町店,堺市北区常磐町１丁１５番１号,34.586067,135.506882,8300,5681
osaka,27,コンビニ,2026-04-30,法人番号6170001013920株式会社Ｆプロデュースコーポレーションファミリーマート岸和田中井町東店,岸和田市中井町１丁目２２番７号,34.475803,135.405884,8274,5664
osaka,27,ドラッグ・薬局,2026-04-01,法人番号1040001036939株式会社マツモトキヨシ薬マツモトキヨシ池田駅前店,池田市菅原町３番１１１６号ステーションＮ１階及び２階,34.821121,135.427109,8357,5668
osaka,27,コンビニ,2026-04-13,法人番号2120901020388株式会社ｈｉｔｏｔｏｋｉローソン吹田千里山東二丁目店,吹田市千里山東２丁目２４番１４号,34.777782,135.5065,8346,5681
osaka,27,コンビニ,2026-04-30,山田奈々絵ファミリーマート茨木竹橋町店,茨木市竹橋町１番１号,34.818893,135.577423,8356,5692
osaka,27,スーパー,2026-04-14,法人番号8010901017654株式会社アエナアエナイオン藤井寺店,藤井寺市岡２丁目１０番１１号イオン藤井寺ショッピングセンター２階２０２２区画,34.573479,135.593781,8297,5695
osaka,27,コンビニ,2026-04-01,岡本一二三ローソン東大阪菱江五丁目店,東大阪市菱江５丁目１番２３号,34.670624,135.607773,8320,5697
osaka,27,コンビニ,2026-04-15,坂上友規ローソン近大通り店,東大阪市小若江２丁目１番８号,34.651463,135.58429,8316,5693
osaka,27,コンビニ,2026-04-30,村田玲ファミリーマート大阪商大西店,東大阪市御厨栄町１丁目４番４号,34.665798,135.581223,8319,5692
saga,41,スーパー,2026-04-07,法人番号6290001017604イオン九州株式会社マックスバリュかみみね店,三養基郡上峰町大字坊所１５３９番地１建物１階,33.333378,130.416138,8000,4866
saga,41,ドラッグ・薬局,2026-04-23,法人番号9290001025414株式会社コスモス薬品ドラッグコスモス鳥栖弥生が丘店,鳥栖市弥生が丘五丁目２１０番地１,33.402172,130.517761,8016,4882
saga,41,コンビニ,2026-04-01,法人番号2010701019195株式会社ローソンローソン伊万里二里町店,伊万里市大里乙１１９番地,33.324966,129.968582,7997,4794
saga,41,コンビニ,2026-04-01,法人番号2010701019195株式会社ローソンローソン伊万里東山代店,伊万里市東山代町長浜１１４５番地１,33.278812,129.848511,7986,4775
saitama,11,スーパー,2026-04-15,法人番号9290001072902株式会社トライアルストアーズスーパーセンタートライアル深谷川本店,深谷市上原４６３番地,36.149311,139.272598,8675,6283
saitama,11,コンビニ,2026-04-01,法人番号8030001012570株式会社エンドレスローソン新井宿駅前店,川口市大字新井宿１０６番地の１階,35.843266,139.737015,8602,6357
saitama,11,コンビニ,2026-04-08,江良武志ファミリーマート川口三ツ和店,川口市三ツ和三丁目６番１号,35.822308,139.744904,8597,6359
saitama,11,コンビニ,2026-04-15,法人番号3030001107870株式会社フォレックスローソン川口東本郷店,川口市東本郷一丁目９番３４号,35.822624,139.759583,8597,6361
saitama,11,コンビニ,2026-04-01,法人番号4010001030181ミニストップ株式会社ミニストップ入間小谷田店,入間市小谷田三丁目８番２９号,35.829193,139.375198,8599,6300
saitama,11,コンビニ,2026-04-30,法人番号2013301010706株式会社ファミリーマートファミリーマート所沢御幸町店,所沢市御幸町２番３号,35.791183,139.469131,8589,6315
saitama,11,コンビニ,2026-04-01,法人番号6030003009402合同会社ｆｌｅｘｉｂｌｅローソン武里団地店,春日部市大枝２３２番地１８,35.939651,139.771957,8625,6363
saitama,11,ドラッグ・薬局,2026-04-07,法人番号2011401006228株式会社宮本薬局ミヤモトドラッグＰＡＰＡ上尾店,上尾市緑丘三丁目３番−１１−２Ｐ・Ａ・Ｐ・Ａ上尾ショッピングアヴェニュープリンセス棟２Ｆ,35.986404,139.579102,8636,6332
saitama,11,コンビニ,2026-04-30,新井祥之ローソン北本北中丸二丁目店,北本市北中丸二丁目１９２番地,36.031506,139.552261,8647,6328
saitama,11,コンビニ,2026-04-01,橋真実ローソン吉川美南店,吉川市美南二丁目８番地８,35.86705,139.854568,8608,6376
saitama,11,コンビニ,2026-04-01,大隅龍二ローソン朝霞栄町五丁目店,朝霞市栄町五丁目５番１号,35.789284,139.593155,8589,6334
sapporo,01,コンビニ,2026-04-03,法人番号8430002042196有限会社垂水ローソン札幌南２条西六丁目店,札幌市中央区南二条西六丁目１１番地１サッポロアーチビル１階,43.057606,141.348785,10333,6615
sapporo,01,コンビニ,2026-04-01,齊藤浩義ファミリーマート札幌北６条西７丁目店,札幌市北区北六条西七丁目５番地２２,43.067165,141.344864,10336,6615
sapporo,01,コンビニ,2026-04-01,法人番号7430003003454合同会社Ｓカンパニーセブン-イレブン石狩花川南３条店,石狩市花川南三条四丁目２５９番地,43.147038,141.300201,10355,6608
sapporo,01,コンビニ,2026-04-01,法人番号5430002038107有限会社アセットセブン-イレブン札幌西岡２条店,札幌市豊平区西岡二条一丁目４番１１号,43.023777,141.389221,10325,6622
sapporo,01,コンビニ,2026-04-01,法人番号5430002035194有限会社エス・ユープランニングローソン札幌西町南七丁目店,札幌市西区西町南七丁目１番３５号,43.079353,141.287674,10339,6606
sapporo,01,コンビニ,2026-04-01,管原怜ローソン札幌星置３条店,札幌市手稲区星置三条一丁目１番１８号,43.137791,141.220749,10353,6595
sapporo,01,コンビニ,2026-04-25,大山貴由基セブン-イレブン札幌北郷２条店,札幌市白石区北郷二条六丁目４番７号,43.055202,141.420212,10333,6627
sapporo,01,ドラッグ・薬局,2026-04-20,法人番号9430001020202株式会社サッポロドラッグストアーサツドラ函館金森倉庫店,函館市豊川町１１番６号,41.766823,140.718155,10024,6514
sapporo,01,ドラッグ・薬局,2026-04-15,法人番号9430001020202株式会社サッポロドラッグストアーサツドラ小樽堺町店,小樽市堺町２番１７号,43.195522,141.003235,10366,6560
sapporo,01,コンビニ,2026-04-01,池田広司ローソン登別栄町店,登別市栄町二丁目１３番地１,42.368633,141.062851,10168,6570
sapporo,01,ドラッグ・薬局,2026-04-15,法人番号9430001020202株式会社サッポロドラッグストアーサツドラ登別温泉店,登別市登別温泉町７２番地建物１階,42.493881,141.143143,10198,6582
sapporo,01,コンビニ,2026-04-01,佐々木真紀ローソン苫小牧明野南通店,苫小牧市拓勇東町一丁目１９番２５号,42.673248,141.684631,10241,6669
sapporo,01,コンビニ,2026-04-16,法人番号1011105000271一般財団法人防衛弘済会ローソン自衛隊名寄駐屯地店,名寄市字内淵８４番地陸上自衛隊名寄駐屯地内,44.409077,142.436035,10658,6789
shiga,25,コンビニ,2026-04-07,坂口隆セブン－イレブン長浜馬車道通り店,長浜市八幡中山町４６１番地１,35.391117,136.27684,8493,5804
shiga,25,コンビニ,2026-04-01,法人番号8160002006369有限会社オークローソン東近江東沖野三丁目店,東近江市東沖野３丁目６番３号,35.103222,136.215042,8424,5794
shiga,25,コンビニ,2026-04-21,法人番号2013301010706株式会社ファミリーマートファミリーマート東近江川合町店,東近江市川合町１３番地１,35.073494,136.17952,8417,5788
shimane,32,コンビニ,2026-04-01,法人番号2010701019195株式会社ローソンローソン出雲荻杼町店,出雲市荻杼町474番地,35.384113,132.769485,8492,5243
shizuoka,22,ドラッグ・薬局,2026-04-03,法人番号7180301016951株式会社スギ薬局スギドラッグ駿河西脇店,静岡市駿河区西脇11番地の1,34.950562,138.395966,8388,6143
shizuoka,22,コンビニ,2026-04-17,小林駿一ファミリーマート静岡呉服町スクエア店,静岡市葵区呉服町一丁目1番地の2,34.976112,138.37941,8394,6140
shizuoka,22,スーパー,2026-04-09,法人番号1080101006499マックスバリュ東海株式会社マックスバリュ浜松宮竹店,浜松市中央区宮竹町718番地の1,34.717476,137.763184,8332,6042
shizuoka,22,スーパー,2026-04-09,法人番号1290001009110株式会社トライアルカンパニーメガセンタートライアル浜北店,浜松市浜名区平口2861番地,34.794586,137.761246,8350,6041
shizuoka,22,コンビニ,2026-04-07,法人番号9080101023223株式会社マナビオンファミリーマート御殿場川島田店,御殿場市川島田1058番地,35.295551,138.920425,8470,6227
shizuoka,22,コンビニ,2026-04-24,小澤洋一ファミリーマート三島梅名店,三島市梅名285番地の1,35.090019,138.929535,8421,6228
shizuoka,22,ドラッグ・薬局,2026-04-09,法人番号9290001025414株式会社コスモス薬品ドラッグコスモス吉田住吉店,榛原郡吉田町住吉5551番地の2,34.75655,138.259338,8341,6121
shizuoka,22,ドラッグ・薬局,2026-04-27,法人番号9290001025414株式会社コスモス薬品ドラッグコスモス島田商高前店,島田市祇園町8725番地の9,34.834126,138.18425,8360,6109
shizuoka,22,コンビニ,2026-04-01,稲垣玲子ローソン焼津登呂田店,焼津市西小川三丁目1番地の5,34.857704,138.310715,8365,6129
shizuoka,22,コンビニ,2026-04-30,法人番号2013301010706株式会社ファミリーマートファミリーマート藤枝横内店,藤枝市横内190番地の1,34.900227,138.284775,8376,6125
tochigi,09,コンビニ,2026-04-07,法人番号7070001037210株式会社Ｙ・Ｆ・Ｇｌｏｗファミリーマート小山中久喜店,小山市大字中久喜１１１３番地４,36.320324,139.850021,8716,6376
tokushima,36,コンビニ,2026-04-16,宮尾和憲セブン－イレブン鳴門大桑島店,鳴門市撫養町大桑島字濘岩浜５１番地１５,34.187206,134.61203,8204,5537
tokushima,36,コンビニ,2026-04-30,法人番号2013301010706株式会社ファミリーマートファミリーマート松茂笹木野店,板野郡松茂町笹木野字八上８９番地１,34.132301,134.582153,8191,5533
toyama,16,コンビニ,2026-04-15,重松秀次ローソン富山古沢西店,富山市古沢５０６番地３,36.689308,137.145691,8805,5943
wakayama,30,ドラッグ・薬局,2026-04-09,法人番号9290001025414株式会社コスモス薬品ドラッグコスモス和歌山美園店,和歌山市美園町４丁目１７番地,34.229805,135.188782,8215,5630
wakayama,30,スーパー,2026-04-30,法人番号8010901017654株式会社アエナアエナイオンモール和歌山店,和歌山市ふじと台２３番地イオンモール和歌山２階２０５７区画,34.277016,135.149597,8226,5623
wakayama,30,スーパー,2026-04-01,法人番号1170001005113エバグリーン廣甚株式会社スーパーデリシャスヒロ海南重根店,海南市重根５０番地１,34.147213,135.252518,8195,5640
yamagata,06,コンビニ,2026-04-01,安達拓馬ローソン天童タワー店,天童市大字久野本1290番地2,38.374992,140.383072,9209,6461
yamagata,06,ドラッグ・薬局,2026-04-30,法人番号1430001010672株式会社ツルハツルハドラッグ北山形駅前店,山形市北山形一丁目3番42号,38.26347,140.331436,9183,6453
yamagata,06,コンビニ,2026-04-13,金子勝史ローソン高畠中央店,東置賜郡高畠町大字高畠551番地2,38.002495,140.192459,9120,6430
yamagata,06,コンビニ,2026-04-01,坂尾忠弘ローソン鶴岡宝町店,鶴岡市宝町15番19号,38.733688,139.840576,9296,6374
yamaguchi,35,コンビニ,2026-04-01,法人番号2250001005574株式会社新地コアセブン－イレブン下関竹崎４丁目店,下関市竹崎町四丁目1番30号,33.950737,130.92717,8148,4948
yamaguchi,35,スーパー,2026-04-13,法人番号4122003000754幸常商会株式会社買取大吉イオンタウン小郡店,山口市小郡前田町2番24号,34.086571,131.397278,8180,5023
yamaguchi,35,コンビニ,2026-04-01,法人番号4250001021033新光商事株式会社ローソン光三井店,光市三井七丁目3番7号,33.991257,131.957047,8157,5113
yamaguchi,35,コンビニ,2026-04-16,法人番号1010001088181株式会社セブン－イレブン・ジャパンセブンーイレブン光市岩田店,光市大字岩田2504番11号,33.982212,131.995895,8155,5119
yamaguchi,35,コンビニ,2026-04-03,法人番号1010001088181株式会社セブン－イレブン・ジャパンセブン－イレブン長門東深川下郷店,長門市東深川字渋谷2235番地1,34.37117,131.186829,8249,4989
yamaguchi,35,コンビニ,2026-04-01,法人番号6240001036294下花商事株式会社ファミリーマート柳井古開作店,柳井市古開作655番地1,33.965595,132.098099,8151,5135
aichi,23,コンビニ,2026-05-01,劉爽ローソン一社駅前店,名古屋市名東区一社一丁目87番地,35.167755,136.995193,8440,5919
aichi,23,コンビニ,2026-05-01,法人番号9080002000164有限会社アクティブローソン東区芳野三丁目店,名古屋市東区芳野三丁目1番22号,35.184956,136.924713,8444,5907
aichi,23,スーパー,2026-05-13,法人番号1080101006499マックスバリュ東海株式会社マックスバリュエクスプレス守山小幡店,名古屋市守山区小幡中一丁目32番20号,35.201565,136.975067,8448,5916
aichi,23,ドラッグ・薬局,2026-05-20,法人番号1040001036939株式会社マツモトキヨシドラッグストアマツモトキヨシ名古屋守山店,名古屋市守山区青山台628番地4,35.229061,137.015259,8454,5922
aichi,23,コンビニ,2026-05-01,法人番号4010001030181ミニストップ株式会社ミニストップ錦橋店,名古屋市中区錦一丁目16番2号,35.169376,136.892899,8440,5902
aichi,23,コンビニ,2026-05-01,ＤＯＮＧＮＧＯＣＴＵＡＮファミリーマート愛知淑徳大学前店,長久手市片平二丁目23番地165,35.15873,137.031342,8438,5925
aichi,23,スーパー,2026-05-20,法人番号1080101006499マックスバリュ東海株式会社マックスバリュエクスプレス平針駅西店,名古屋市天白区二丁目1806番地ＣＩＥＬＯ平針1階,35.12278,136.975006,8429,5916
aichi,23,コンビニ,2026-05-01,肖駿華ファミリーマート緑浦里三丁目店,名古屋市緑区浦里三丁目235番地,35.084019,136.94812,8420,5911
aichi,23,コンビニ,2026-05-01,法人番号4010001030181ミニストップ株式会社ミニストップ名古屋ガーデンふ頭店,名古屋市港区入船一丁目808番地1,35.092968,136.885788,8422,5901
aichi,23,ドラッグ・薬局,2026-05-01,法人番号9290001025414株式会社コスモス薬品ドラッグコスモス小信中島店,一宮市小信中島字郷南48番地,35.307365,136.748535,8473,5879
aichi,23,コンビニ,2026-05-01,法人番号4010001030181ミニストップ株式会社ミニストップ知多南粕谷店,知多市南粕谷東坂一丁目161番地3,34.935486,136.856903,8384,5897
aichi,23,ドラッグ・薬局,2026-05-13,法人番号7180301016951株式会社スギ薬局スギドラッグ西尾寄住店,西尾市熊味町小松島5番地1,34.867985,137.066223,8368,5930
aomori,02,コンビニ,2026-05-01,法人番号2420002013030株式会社スリーポイントローソン弘前和徳町店,弘前市大字和徳町98番地,40.605961,140.480865,9745,6476
aomori,02,コンビニ,2026-05-22,法人番号9420003003222ＮＳリテールマネジメント合同会社セブン－イレブン弘前駅前3丁目店,弘前市大字駅前三丁目2番地2,40.599476,140.480881,9743,6476
aomori,02,コンビニ,2026-05-22,法人番号9420003003222ＮＳリテールマネジメント合同会社セブン－イレブン藤崎町村井店,南津軽郡藤崎町大字藤崎字村井22番地4,40.651226,140.50119,9756,6480
aomori,02,コンビニ,2026-05-22,法人番号9420003003222ＮＳリテールマネジメント合同会社セブン－イレブン藤崎町豊岡店,南津軽郡藤崎町大字藤崎字豊岡28番地1,40.662117,140.508316,9758,6481
chiba,12,ドラッグ・薬局,2026-05-01,法人番号9290001025414株式会社コスモス薬品ドラッグコスモス千葉桜木店,千葉市若葉区桜木１丁目３２番２号,35.617893,140.15538,8548,6424
chiba,12,スーパー,2026-05-01,法人番号5330001002478株式会社杉養蜂園杉養蜂園イオンモール幕張新都心店,千葉市美浜区豊砂１番地５イオンモール幕張新都心Ｄ棟２階４２１７区画,35.656086,140.02652,8557,6404
chiba,12,コンビニ,2026-05-25,法人番号4120001151017エナジック株式会社ローソン千葉科学大学店,銚子市潮見町１５番地８,35.704407,140.843445,8569,6534
chiba,12,ドラッグ・薬局,2026-05-01,法人番号7180301016951株式会社スギ薬局スギドラッグ浦安さくら通り店,浦安市堀江１丁目３５番１７号岩田ビル,35.655544,139.894257,8557,6383
chiba,12,コンビニ,2026-05-13,渡辺剛ローソン浦安北栄四丁目店,浦安市北栄４丁目２１番２号清和浦安マンション１階,35.661541,139.900299,8558,6384
chiba,12,コンビニ,2026-05-01,法人番号1010701035020株式会社ローソンアーバンワークスローソン船橋習志野台五丁目店,船橋市習志野台５丁目１５番７号,35.715816,140.054321,8571,6408
chiba,12,コンビニ,2026-05-25,三浦渉セブン－イレブン木更津桜井新町店,木更津市桜井新町５丁目１０番地１１,35.365635,139.919449,8487,6387
chiba,12,スーパー,2026-05-20,法人番号4040001001139株式会社オートウェーブ業務スーパー小見川店,香取市分郷２番地１,35.860077,140.598511,8606,6495
chiba,12,コンビニ,2026-05-01,ＰＡＮＤＥＹＮＩＲＡＪミニストップ印西草深店,印西市草深２１５８番地３,35.798492,140.159058,8591,6425
chiba,12,コンビニ,2026-05-15,佐久間透伊セブン－イレブン佐倉志津駅前店,佐倉市上志津１６５６番地５第一髙尾ビル１階,35.716743,140.143951,8572,6423
chiba,12,コンビニ,2026-05-21,武藤克則セブン－イレブン白井清水口店,白井市根１６６７番地の５,35.791103,140.035416,8589,6405
chiba,12,コンビニ,2026-05-01,法人番号4010001030181ミニストップ株式会社ミニストップ季美の森店,東金市山田１１３３番地１２２,35.560307,140.295013,8534,6447
chiba,12,スーパー,2026-05-18,法人番号9290001072902株式会社トライアルストアーズスーパーセンタートライアル山武成東店,山武市成東１３５７番地１,35.593067,140.398254,8542,6463
chiba,12,スーパー,2026-05-22,法人番号9021001013831ブックオフコーポレーション株式会社ブックオフスーパーバザー野田店,野田市中根５７番地１パル・ノア２階,35.949654,139.876297,8627,6380
ehime,38,コンビニ,2026-05-01,明神悠香里ローソン愛南町柏店,南宇和郡愛南町柏２０５２番地１,33.02375,132.502533,7925,5200
ehime,38,コンビニ,2026-05-31,法人番号2013301010706株式会社ファミリーマートファミリーマート新居浜庄内店,新居浜市庄内町五丁目１０番１号,33.952148,133.290543,8148,5326
ehime,38,コンビニ,2026-05-21,濵之上智史セブン－イレブン四国中央金田町金川店,四国中央市金田町金川１２４番地２,33.992424,133.599304,8158,5375
fukui,18,コンビニ,2026-05-31,武部知秀ファミリーマート川尻店,福井市川尻町４１字４８番１,36.146656,136.097,8675,5775
fukui,18,コンビニ,2026-05-21,福尾真奈美セブンーイレブン小浜駅前町店,小浜市駅前町１９号３０番,35.492306,135.747223,8518,5719
fukuoka,40,スーパー,2026-05-06,法人番号9290001072902株式会社トライアルストアーズスーパーセンタートライアル若松店,北九州市若松区向洋町１１番５,33.922417,130.792175,8141,4926
fukuoka,40,ドラッグ・薬局,2026-05-07,法人番号7180301016951株式会社スギ薬局スギドラッグ博多駅筑紫口店,福岡市博多区博多駅中央街５番１１号第１３泰平ビル１階,33.589432,130.422241,8061,4867
fukuoka,40,コンビニ,2026-05-18,柴田健作ローソン福岡六本松四丁目店,福岡市中央区六本松四丁目５番１８号,33.573956,130.378525,8057,4860
fukuoka,40,コンビニ,2026-05-09,石井陽一郎セブン－イレブン福岡友丘３丁目店,福岡市城南区友丘三丁目１番２０号,33.557838,130.376053,8053,4860
fukuoka,40,コンビニ,2026-05-01,法人番号4010001030181ミニストップ株式会社ミニストップ飯塚菰田西店,飯塚市菰田西二丁目８番２０号,33.631191,130.687225,8071,4909
fukuoka,40,スーパー,2026-05-13,法人番号8010901017654株式会社アエナアエナゆめタウン飯塚店,飯塚市菰田西三丁目６番１号ゆめタウン飯塚１階,33.63187,130.685364,8071,4909
fukuoka,40,コンビニ,2026-05-01,一木宣義ミニストップ筑後野町北店,筑後市野町６１１番地１,33.201008,130.503387,7968,4880
fukuoka,40,コンビニ,2026-05-20,法人番号1290802023020京都環境サービス有限会社ファミリーマート苅田新津店,京都郡苅田町新津三丁目１番１２,33.751762,130.973648,8100,4955
fukushima,07,ドラッグ・薬局,2026-05-08,法人番号9120001030612株式会社コクミンコクミンドラッグ福島駅店,福島市栄町1番1号,37.753189,140.460678,9060,6473
fukushima,07,コンビニ,2026-05-01,吉田美世子ファミリーマート郡山ホテルアルファーワン店,郡山市方八町二丁目2番8号ホテルアルファーワン郡山東口1階,37.395294,140.390564,8974,6462
fukushima,07,コンビニ,2026-05-29,法人番号2010701019195株式会社ローソンローソン田村船引北鹿又店,田村市船引町北鹿又字萱ノ尻48番地1,37.456551,140.574966,8989,6491
gifu,21,コンビニ,2026-05-26,田口理那ファミリーマート岐阜入舟町店,岐阜市入舟町二丁目8番,35.411648,136.775696,8498,5884
gifu,21,コンビニ,2026-05-21,岩崎一幸デイリーヤマザキ大垣大外羽店,大垣市大外羽一丁目185番地1,35.32365,136.60524,8477,5856
gifu,21,スーパー,2026-05-29,法人番号8010901017654株式会社アエナアエナイオンモール土岐店,土岐市土岐津町土岐口1372番地の1,35.348499,137.153839,8483,5944
gifu,21,コンビニ,2026-05-20,武明星セブン－イレブン美濃加茂西町店,美濃加茂市西町七丁目300番地1,35.449677,136.999146,8507,5919
gumma,10,コンビニ,2026-05-01,中村淳一ローソン前橋広瀬町二丁目店,前橋市広瀬町二丁目６番地１７,36.35984,139.108597,8726,6257
hiroshima,34,コンビニ,2026-05-22,ＮＧＵＹＥＮＴＨＩNＧＡＮＨＡファミリーマートＡＮＡクラウンプラザホテル広島店,広島市中区中町7番20号,34.390018,132.456726,8253,5193
hiroshima,34,コンビニ,2026-05-16,法人番号1010001088181株式会社セブン－イレブン・ジャパンセブン－イレブン広島紙屋町二丁目店,広島市中区紙屋町二丁目2番2号,34.394661,132.457245,8254,5193
hiroshima,34,コンビニ,2026-05-01,法人番号3240002052921有限会社アールエムローソン三原皆実三丁目店,三原市皆実三丁目3番1号,34.391937,133.067429,8254,5290
hyogo,28,コンビニ,2026-05-01,田中利夫セブン－イレブン神戸西山１丁目店,神戸市北区西山１丁目１５番地の１,34.835049,135.218582,8360,5634
hyogo,28,スーパー,2026-05-14,法人番号8010901017654株式会社アエナアエナイオンモール神戸北店,神戸市北区上津台８丁目１番１号イオンモール神戸北２階２０８区画,34.860859,135.196518,8366,5631
hyogo,28,コンビニ,2026-05-27,田中直征セブン－イレブン南あわじ松帆店,南あわじ市松帆古津路５３７番地５,34.333706,134.736481,8240,5557
hyogo,28,コンビニ,2026-05-01,法人番号2013301010706株式会社ファミリーマートファミリーマート赤穂中広店,赤穂市加里屋中洲六丁目５番１,34.748352,134.39241,8339,5502
hyogo,28,コンビニ,2026-05-01,長方千晶ローソンたつの新在家店,たつの市揖保川町新在家１５番地９５,34.83469,134.528717,8360,5524
ibaraki,08,コンビニ,2026-05-12,沼尻一義ファミリーマート産業技術総合研究所店,つくば市東一丁目１番地１産業技術総合研究所つくば中央事業所１群厚生棟２階,36.063793,140.127869,8655,6420
ibaraki,08,コンビニ,2026-05-21,宮脇牧ファミリーマートつくば二の宮一丁目店,つくば市二の宮一丁目１２番地１６,36.069996,140.117264,8656,6418
ibaraki,08,コンビニ,2026-05-01,法人番号2010701019195株式会社ローソンローソン守谷中央三丁目店,守谷市中央三丁目１４番地３,35.949127,139.993149,8627,6398
ibaraki,08,ドラッグ・薬局,2026-05-11,法人番号9290001025414株式会社コスモス薬品ドラッグコスモス龍ケ崎店,龍ケ崎市２７４３番地,35.911667,140.18222,8618,6429
ishikawa,17,コンビニ,2026-05-01,山崎道昭ローソン金沢畝田店,金沢市畝田東４丁目１１４１番地,36.598808,136.613083,8783,5858
ishikawa,17,ドラッグ・薬局,2026-05-22,法人番号9290001025414株式会社コスモス薬品ドラッグコスモス金沢西都店,金沢市西都１丁目７３番地,36.591728,136.628494,8782,5860
ishikawa,17,コンビニ,2026-05-31,法人番号2013301010706株式会社ファミリーマートファミリーマート金沢涌波三丁目店,金沢市涌波３丁目１番１６号,36.538368,136.682541,8769,5869
ishikawa,17,コンビニ,2026-05-31,上野良輔ファミリーマート金沢本町二丁目店,金沢市本町２丁目１１番７号金沢フコク生命駅前ビル１階,36.575657,136.648636,8778,5863
ishikawa,17,コンビニ,2026-05-31,宮岡正典ファミリーマート金沢星稜前店,金沢市小坂町南５３８番,36.585293,136.68045,8780,5868
ishikawa,17,コンビニ,2026-05-01,藤中学ローソン松任乾町店,白山市美里町２番地,36.52132,136.580841,8765,5852
iwate,03,コンビニ,2026-05-01,佐々木倫彦ローソン盛岡手代森店,盛岡市手代森23地割2番地1,39.64225,141.185669,9514,6589
kagawa,37,コンビニ,2026-05-31,法人番号2013301010706株式会社ファミリーマートファミリーマートまんのう町炭所店,仲多度郡まんのう町炭所西１４５６番地５,34.161003,133.901001,8198,5424
kagawa,37,コンビニ,2026-05-31,滝川惠ファミリーマートまんのう町造田店,仲多度郡まんのう町造田１５１６番地１,34.14732,133.928711,8195,5428
kanagawa,14,コンビニ,2026-05-31,塚本太一セブン－イレブン横浜獅子ヶ谷１丁目店,横浜市鶴見区獅子ヶ谷１丁目１６番３０号,35.517895,139.648987,8524,6343
kanagawa,14,コンビニ,2026-05-01,法人番号2013301010706株式会社ファミリーマートファミマ！！横浜アイマークプレイス店,横浜市西区みなとみらい４丁目４番５号横浜アイマークプレイズ１階,35.460339,139.628647,8510,6340
kanagawa,14,コンビニ,2026-05-22,法人番号3020001094425株式会社オルガローソン横浜六ツ川三丁目店,横浜市南区六ツ川３丁目６８番地２,35.427616,139.582123,8502,6333
kanagawa,14,ドラッグ・薬局,2026-05-18,法人番号1040001036939株式会社マツモトキヨシ薬マツモトキヨシ新綱島駅前店,横浜市港北区綱島東１丁目９番３４号新綱島クロス１階,35.535713,139.635345,8528,6341
kanagawa,14,スーパー,2026-05-07,法人番号2040001000456イオンリテール株式会社イオンスタイル鴨居,横浜市緑区鴨居１丁目６番１号イオン鴨居１階及び２階,35.510799,139.569046,8522,6331
kanagawa,14,コンビニ,2026-05-07,濵尾龍太ローソン川崎観音店,川崎市川崎区観音２丁目１０番３号川崎観音ビル１階,35.529369,139.729584,8527,6356
kanagawa,14,コンビニ,2026-05-14,法人番号7020001067303株式会社清和會ファミリーマートゼネラル川崎本社店,川崎市高津区末長３丁目３番１７号株式会社ゼネラル空調技術棟１階,35.591743,139.618942,8542,6339
kanagawa,14,コンビニ,2026-05-20,齋藤拓磨ファミリーマート東急溝の口駅前店,川崎市高津区溝口１丁目１１番２号ＴＳビル１階,35.60014,139.612289,8544,6337
kanagawa,14,コンビニ,2026-05-31,法人番号4020003013514ＣＳ．ＡＧＵＬ合同会社ファミリーマート武蔵小杉駅西店,川崎市中原区小杉町３丁目４８６番地Ｓ．Ｎ．Ｂｂｌｄｇ．１階,35.575596,139.659225,8538,6345
kanagawa,14,コンビニ,2026-05-29,法人番号3021002071850有限会社ミカミセブン－イレブン三浦海岸店,三浦市南下浦町上宮田１４６１番地２,35.187405,139.656189,8444,6344
kanagawa,14,コンビニ,2026-05-28,法人番号9020001096184株式会社笈川商会セブン－イレブン鎌倉大船仲通り店,鎌倉市大船１丁目２２番２６号大船ミクリエ１階,35.352203,139.532089,8484,6325
kanagawa,14,コンビニ,2026-05-16,法人番号2021002008259有限会社サンクローソン藤沢朝日町店,藤沢市朝日町１０番地４,35.340141,139.492264,8481,6318
kanagawa,14,スーパー,2026-05-01,法人番号2040001000456イオンリテール株式会社イオン海老名駅前店,海老名市中央３丁目２番５号建物１階,35.450539,139.391113,8508,6302
kyoto,26,ドラッグ・薬局,2026-05-29,法人番号1012401000634株式会社サンドラッグサンドラッグ松ヶ崎店,京都市左京区松ケ崎横縄手町８番地１,35.049053,135.777359,8411,5724
kyoto,26,コンビニ,2026-05-19,畠中優樹ファミリーマート京都川島店,京都市西京区川島滑樋町５６番地,34.973518,135.702652,8393,5712
kyoto,26,コンビニ,2026-05-01,法人番号7120001199846侍株式会社ローソン東舞鶴駅前店,舞鶴市浜町７番地１３,35.469288,135.393875,8512,5663
kyoto,26,コンビニ,2026-05-01,法人番号8130001068925株式会社ＭＲＧローソン宇治小倉店,宇治市小倉町西浦７６番地の１,34.894127,135.781113,8374,5724
mie,24,コンビニ,2026-05-31,法人番号2013301010706株式会社ファミリーマートファミリーマート四日市松原町店,四日市市平町1番15号,35.011368,136.658279,8402,5865
mie,24,コンビニ,2026-05-01,辻村満宏ローソン伊勢馬瀬町店,伊勢市馬瀬町351番地,34.52095,136.730255,8285,5876
mie,24,ドラッグ・薬局,2026-05-01,法人番号7180301016951株式会社スギ薬局スギドラッグ伊勢神久店,伊勢市神久三丁目2番22号,34.49427,136.717926,8278,5874
mie,24,コンビニ,2026-05-13,中西佑樹セブン－イレブン伊勢市本町店,伊勢市本町13番2号,34.488842,136.707397,8277,5873
mie,24,コンビニ,2026-05-16,法人番号8190002019979久原商事有限会社ローソン桑名多度御衣野店,桑名市多度町御衣野2009番地,35.108227,136.633072,8425,5861
miyagi,04,コンビニ,2026-05-01,法人番号4010001030181ミニストップ株式会社ミニストップ七ヶ浜汐見台店,宮城郡七ケ浜町汐見台五丁目2番地1,38.301636,141.052216,9192,6568
miyagi,04,コンビニ,2026-05-18,千田修ファミリーマート鳴子大口店,大崎市鳴子温泉字馬場74番地6,38.738079,140.747803,9297,6519
nagasaki,42,コンビニ,2026-05-08,法人番号7310002008466有限会社ミネコーポレーションローソン長崎県庁店,長崎市尾上町３番１号行政棟２階,32.750561,129.868118,7860,4778
nagasaki,42,コンビニ,2026-05-22,法人番号6310001004913株式会社東和ファミリーマート長崎横尾二丁目店,長崎市横尾二丁目１４番７号,32.813725,129.837006,7875,4773
nagasaki,42,スーパー,2026-05-28,法人番号6290001017604イオン九州株式会社マックスバリュ長崎平和町店,長崎市平和町３番９号,32.775723,129.864182,7866,4778
nagasaki,42,コンビニ,2026-05-31,法人番号2013301010706株式会社ファミリーマートファミリーマート大村宮小路三丁目店,大村市宮小路三丁目１３３１番地４,32.953674,129.942566,7908,4790
niigata,15,コンビニ,2026-05-31,和栗隆宏ファミリーマート長岡喜多町鐙潟店,長岡市喜多町７９３番地,37.451694,138.806824,8988,6209
okayama,33,コンビニ,2026-05-01,法人番号3260001039406きたうら株式会社ローソン岡山番町二丁目店,岡山市北区番町二丁目2番15号,34.673847,133.926834,8321,5428
okayama,33,コンビニ,2026-05-25,法人番号3260001007841吉備ゴルフクラブ株式会社ローソン岡山空港ゴルフクラブ店,岡山市北区菅野3397番地29,34.761623,133.886505,8342,5421
okayama,33,コンビニ,2026-05-29,中晟也セブン－イレブン岡山高松店,岡山市北区高松原古才677番地1,34.684437,133.822311,8324,5411
okinawa,47,コンビニ,2026-05-01,山城毅ローソン那覇若狭二丁目店,那覇市若狭２丁目３番１３号新里ビル１階,26.220644,127.676796,6292,4428
okinawa,47,コンビニ,2026-05-02,法人番号7360003013015合同会社サザンオールストアファミリーマート糸満西崎ニュータウン店,糸満市西崎町３丁目３６４番地１階,26.149137,127.667305,6275,4426
okinawa,47,コンビニ,2026-05-14,上原眞希ファミリーマートいちぎん久茂地橋店,那覇市久茂地２丁目１２番５号,26.217665,127.681648,6292,4429
okinawa,47,スーパー,2026-05-28,法人番号5360001001733日琉株式会社業務スーパー那覇あけぼの店,那覇市字天久１１９６番地,26.237066,127.684242,6296,4429
okinawa,47,コンビニ,2026-05-28,法人番号5360003011961ＢＮＤ合同会社ファミリーマート港川小学校前店,浦添市城間４丁目３５番８号１階,26.261608,127.713844,6302,4434
okinawa,47,ドラッグ・薬局,2026-05-28,法人番号3290001006642株式会社大賀薬局グリーンドラッグ伊祖店,浦添市伊祖２丁目２１番１号１０１,26.2556,127.716591,6301,4434
okinawa,47,コンビニ,2026-05-07,法人番号7360002019814有限会社ヤマシンファミリーマート名護大西通り店,名護市港１丁目１５番８号,26.591467,127.981674,6381,4477
okinawa,47,コンビニ,2026-05-29,法人番号3360001000497株式会社沖縄ファミリーマートファミリーマート今帰仁仲尾次店,国頭郡今帰仁村字仲尾次５３１番地９の１,26.687214,127.950745,6404,4472
okinawa,47,コンビニ,2026-05-18,法人番号4360001021872株式会社グッドワンチャイジーファミリーマート石川東恩納店,うるま市石川東恩納６６６番地１,26.410353,127.827408,6338,4452
osaka,27,コンビニ,2026-05-01,法人番号5120102005095有限会社ヤマブキローソン西本町一丁目店,大阪市西区西本町１丁目４番１号,34.682652,135.497726,8323,5679
osaka,27,コンビニ,2026-05-31,法人番号2013301010706株式会社ファミリーマートファミリーマート波除二丁目店,大阪市港区波除２丁目６番９号,34.670193,135.46434,8320,5674
osaka,27,コンビニ,2026-05-01,三武聡セブン－イレブン大阪毛馬町２丁目店,大阪市都島区毛馬町２丁目１０番３８号,34.720657,135.523941,8332,5683
osaka,27,コンビニ,2026-05-01,三武聡セブン－イレブン大阪都島本通２丁目店,大阪市都島区都島本通２丁目１０番１６号,34.707485,135.525528,8329,5684
osaka,27,コンビニ,2026-05-22,佐藤信博セブン－イレブン大阪赤川４丁目店,大阪市旭区赤川４丁目１番２６号,34.727226,135.534302,8334,5685
osaka,27,コンビニ,2026-05-22,法人番号9120002059072有限会社小林セブン－イレブン地下鉄平野駅前店,大阪市平野区背戸口５丁目７番１３号,34.620983,135.548462,8309,5687
osaka,27,ドラッグ・薬局,2026-05-25,法人番号7180301016951株式会社スギ薬局スギドラッグ東淀川豊里店,大阪市東淀川区豊里７丁目３２番１９号,34.746346,135.540344,8339,5686
osaka,27,コンビニ,2026-05-31,堂公ファミリーマート地下鉄天満橋駅前店,大阪市中央区谷町１丁目４番２号大阪オルガンビル１階,34.687809,135.517044,8325,5682
osaka,27,コンビニ,2026-05-01,法人番号4010001030181ミニストップ株式会社ミニストップ堺北野田店,堺市東区北野田５５２番２,34.527565,135.547485,8286,5687
osaka,27,コンビニ,2026-05-11,法人番号2120901020388株式会社ｈｉｔｏｔｏｋｉローソン三国ヶ丘駅北店,堺市堺区向陵西町４丁７番２７号,34.566395,135.49202,8295,5678
osaka,27,コンビニ,2026-05-26,法人番号1010001088181株式会社セブン－イレブン・ジャパンセブン－イレブン岸和田中井町店,岸和田市中井町３丁目２０番１号,34.47646,135.405319,8274,5664
osaka,27,コンビニ,2026-05-01,河本康宏セブン－イレブン豊中曽根東町店,豊中市曽根東町１丁目１０番３号,34.772156,135.469482,8345,5675
osaka,27,コンビニ,2026-05-01,河本康宏セブン－イレブン豊中服部本町３丁目店,豊中市服部本町３丁目１２番５号,34.76651,135.477356,8343,5676
osaka,27,コンビニ,2026-05-25,法人番号7140002041369有限会社世多ハッピー・ローソンタウン池田伏尾台店,池田市伏尾台５丁目２番地の２,34.857403,135.436417,8365,5669
osaka,27,コンビニ,2026-05-01,太田直道セブン－イレブン枚方東船橋店,枚方市東船橋２丁目３５番地２,34.851597,135.685822,8364,5709
osaka,27,コンビニ,2026-05-01,太田直道セブン－イレブン枚方船橋本町店,枚方市船橋本町２丁目８３番３号,34.850948,135.682571,8364,5709
osaka,27,コンビニ,2026-05-28,法人番号2013301010706株式会社ファミリーマートファミリーマート交野森北一丁目店,交野市森北１丁目１３７番,34.778088,135.684616,8346,5709
osaka,27,コンビニ,2026-05-01,永田勝也ファミリーマート茨木永代町店,茨木市永代町６番２１号現代茨木市駅前ビル１階,34.81776,135.576523,8356,5692
osaka,27,コンビニ,2026-05-01,法人番号9120901019143株式会社Ｃｏｃｏｎａローソン高槻京口町店,高槻市京口町９番３０号,34.848961,135.625122,8363,5700
osaka,27,コンビニ,2026-05-31,上田貴文ファミリーマート狭山今熊店,大阪狭山市今熊１丁目５９番１,34.496155,135.543549,8279,5686
osaka,27,コンビニ,2026-05-31,法人番号1122001035400株式会社ビバーチェファミリーマート東花園駅前店,東大阪市吉田６丁目１番４８－１０４号,34.662247,135.626282,8318,5700
saitama,11,ドラッグ・薬局,2026-05-19,法人番号7180301016951株式会社スギ薬局スギドラッグ亀久保店,ふじみ野市亀久保１２３９番地３,35.859207,139.501694,8606,6320
saitama,11,コンビニ,2026-05-15,法人番号5030001105377株式会社プロファーファミリーマートさいたま西堀店,さいたま市桜区西堀六丁目２番３号,35.853542,139.630386,8604,6340
saitama,11,コンビニ,2026-05-28,馬海燕ファミリーマート大宮サウスゲートフロント店,さいたま市中央区新都心７番地２大宮サウスゲートフロント２階,35.896988,139.628937,8615,6340
saitama,11,コンビニ,2026-05-26,法人番号9030001132269株式会社ウィングローソン大宮高鼻町一丁目店,さいたま市大宮区高鼻町一丁目２０番地１大宮中央ビルディング１階,35.909714,139.630157,8618,6340
saitama,11,コンビニ,2026-05-15,法人番号6030001092012株式会社サンネクストローソン行田谷郷二丁目店,行田市谷郷二丁目１９９４番地１,36.151764,139.460754,8676,6313
saitama,11,コンビニ,2026-05-31,内田陸人ファミリーマート狭山台二丁目店,狭山市狭山台二丁目２８番７号,35.856037,139.434464,8605,6309
saitama,11,コンビニ,2026-05-13,上遠野麗娜ファミリーマート鴻巣八幡田店,鴻巣市八幡田５８２番地１,36.076088,139.495651,8658,6319
saitama,11,コンビニ,2026-05-01,矢坂裕俊ローソン吉川栄町店,吉川市栄町７２９番地,35.885334,139.847595,8612,6375
saitama,11,スーパー,2026-05-15,法人番号6010901003292株式会社キャメル珈琲カルディコーヒーファームイオンレイクタウンｋａｚｅ店,越谷市レイクタウン四丁目２番地２イオンレイクタウンｋａｚｅ１階,35.877773,139.825058,8610,6372
sapporo,01,コンビニ,2026-05-01,法人番号9430001038137株式会社ウッドベルファミリーマート地下鉄澄川駅／Ｓ店,札幌市南区澄川四条二丁目札幌市高速鉄道南北線澄川駅構内,43.016525,141.369202,10323,6619
sapporo,01,コンビニ,2026-05-15,法人番号2010701019195株式会社ローソンローソン千歳青葉５丁目店,千歳市青葉五丁目７番５号,42.82851,141.663849,10278,6666
sapporo,01,ドラッグ・薬局,2026-05-15,法人番号1430001010672株式会社ツルハツルハドラッグ伊達末永店,伊達市末永町４９番地５４,42.479149,140.865509,10194,6538
sapporo,01,スーパー,2026-05-28,法人番号4020001137967株式会社良知経営生鮮＆業務スーパー柳町ＨＡ・ＲＥＲＵタウン店,苫小牧市柳町二丁目６番１号,42.658737,141.64801,10238,6663
sapporo,01,コンビニ,2026-05-01,新井真市ローソン八雲町立岩店,二海郡八雲町立岩６１番地２,42.266144,140.266815,10143,6442
shimane,32,コンビニ,2026-05-01,中脇日出夫ローソン松江中原店,松江市外中原町3番地,35.47023,133.045212,8512,5287
shimane,32,ドラッグ・薬局,2026-05-21,法人番号9290001025414株式会社コスモス薬品ドラッグコスモス隠岐の島店,隠岐郡隠岐の島町平6番地1,36.218445,133.297928,8692,5327
shizuoka,22,コンビニ,2026-05-01,堀実沙ローソン静岡小黒一丁目店,静岡市駿河区小黒一丁目6番13号,34.973988,138.402145,8393,6144
shizuoka,22,コンビニ,2026-05-16,ＧＨＩＭＩＲＥＴＡＲＡローソン吉田町店,榛原郡吉田町住吉754番地の1,34.768135,138.250153,8344,6120
tochigi,09,コンビニ,2026-05-01,法人番号5060001026372株式会社グローイング・カンパニーローソン小山駅南町四丁目店,小山市駅南町四丁目３１番２４号,36.299156,139.813461,8711,6370
tochigi,09,コンビニ,2026-05-31,大門昭文ファミリーマート真岡高勢町店,真岡市高勢町二丁目６番地２,36.435295,139.978394,8744,6396
tokushima,36,スーパー,2026-05-27,法人番号9290001072902株式会社トライアルストアーズスーパーセンタートライアル阿波土成店,阿波市土成町土成字遊ヶ原２８番地,34.1199,134.333862,8188,5493
tokyo,13,コンビニ,2026-05-01,法人番号2013301010706株式会社ファミリーマートファミマサウスタワー店,千代田区丸の内１丁目９番２号グラントウキョウサウスタワー地下１階,35.681252,139.767242,8563,6362
tokyo,13,コンビニ,2026-05-01,法人番号2013301010706株式会社ファミリーマートファミマ！！青山ビル店,港区北青山１丁目２番３号青山ビル１階,35.673054,139.723206,8561,6355
tokyo,13,コンビニ,2026-05-12,川﨑博和セブン－イレブン北新宿１丁目小滝橋通り店,新宿区北新宿１丁目８番２号Ｓ－ＬＩＮＫ北新宿１階,35.700737,139.695404,8568,6351
tokyo,13,コンビニ,2026-05-01,法人番号3010802020340有限会社サトナカローソン小石川一丁目店,文京区小石川１丁目１４番３号ＴＨＥＴＯＷＥＲＫＯＩＳＨＩＫＡＷＡ１階１０３,35.712452,139.751373,8570,6360
tokyo,13,コンビニ,2026-05-31,法人番号2013301010706株式会社ファミリーマートファミリーマート本駒込六丁目店,文京区本駒込６丁目４番２５号アルカーデン文京六義園１階,35.730103,139.743088,8575,6358
tokyo,13,コンビニ,2026-05-01,竹井義貴ファミリーマート亀沢一丁目店,墨田区亀沢１丁目１番１０号総武線両国～錦糸町駅間３ｋ７１０ｍ付近高架下,35.695831,139.798782,8566,6367
tokyo,13,コンビニ,2026-05-21,法人番号6011702003928ケンコーポレーション株式会社セブン－イレブン北砂亀高橋店,江東区北砂７丁目１番２号コンフォリア・リヴ南砂町ＥＡＳＴ１階,35.67651,139.834015,8562,6373
tokyo,13,コンビニ,2026-05-01,西尾豊実セブン－イレブン大田区山王春日橋店,大田区山王３丁目１４番５号,35.581928,139.721237,8539,6355
tokyo,13,コンビニ,2026-05-19,法人番号1010701035020株式会社ローソンアーバンワークスローソン羽田エアポートガーデンスーベニア店,大田区羽田空港２丁目７番１号羽田エアポートガーデン２階２１８、２１９、２２０、２２６、２２７及び２２８区画,35.543854,139.764679,8530,6362
tokyo,13,コンビニ,2026-05-19,法人番号2013301010706株式会社ファミリーマートファミリーマート中野駅南店,中野区中野３丁目３４番２９号中野パールスカイビル１階,35.704586,139.665329,8569,6346
tokyo,13,コンビニ,2026-05-16,法人番号1010001088181株式会社セブン－イレブン・ジャパンセブン－イレブン東高円寺店,杉並区高円寺南１丁目３３番１号南高円寺コーポ１階１０２号,35.701,139.656891,8568,6345
tokyo,13,コンビニ,2026-05-21,辛敏燕ファミリーマート杉並松庵三丁目店,杉並区松庵３丁目１番１号西荻ユニティー１階,35.698471,139.597565,8567,6335
tokyo,13,ドラッグ・薬局,2026-05-01,法人番号9120001030612株式会社コクミンコクミンドラッグ王子駅前店,北区王子１丁目９番１５号リバティビル１階及び２階,35.753777,139.738266,8580,6358
tokyo,13,コンビニ,2026-05-25,法人番号1010001088181株式会社セブン－イレブン・ジャパンセブン－イレブン北区神谷環七通り店,北区神谷１丁目３３番１３号ラ・メゾン・エクラ１階,35.768173,139.730133,8584,6356
tokyo,13,コンビニ,2026-05-11,崔安娜セブン－イレブン練馬光が丘２丁目店,練馬区光が丘２丁目２番１号,35.763828,139.635452,8583,6341
tokyo,13,コンビニ,2026-05-28,法人番号6010001251800株式会社フェイスアップローソンＨ葛飾立石六丁目店,葛飾区立石６丁目３０番８号サンリブ青砥１階,35.744175,139.853195,8578,6376
tokyo,13,コンビニ,2026-05-31,鬼﨑新紀ファミリーマート堀切六丁目店,葛飾区堀切６丁目１１番２０号,35.751007,139.831833,8580,6373
tokyo,13,コンビニ,2026-05-27,法人番号8011801035812東京投資管理株式会社ローソン江戸川南小岩三丁目店,江戸川区南小岩３丁目６番２号,35.724983,139.884155,8573,6381
tokyo,13,コンビニ,2026-05-31,法人番号2013301010706株式会社ファミリーマートファミリーマート南篠崎町二丁目店,江戸川区南篠崎町２丁目４５番２１号建物１階,35.691376,139.905075,8565,6384
tokyo,13,コンビニ,2026-05-01,法人番号1010701035020株式会社ローソンアーバンワークスローソン葛西中央通店,江戸川区西葛西７丁目２９番１４号ロイヤルシラコ１階,35.65974,139.863831,8558,6378
tokyo,13,コンビニ,2026-05-01,法人番号4010001030181ミニストップ株式会社ミニストップ八王子明神町店,八王子市明神町２丁目１番１３号,35.65601,139.349609,8557,6295
tokyo,13,コンビニ,2026-05-27,法人番号1010001088181株式会社セブン－イレブン・ジャパンセブン－イレブン八王子松木北店,八王子市松木１５番地７,35.626446,139.391678,8550,6302
tokyo,13,コンビニ,2026-05-31,金城鳴人ファミリーマート八王子戸吹町店,八王子市戸吹町１６６番地２９,35.708069,139.29689,8569,6287
tokyo,13,コンビニ,2026-05-07,樋口義一ローソン立川若葉町三丁目店,立川市若葉町３丁目５４番地の７,35.721489,139.442902,8573,6310
tokyo,13,スーパー,2026-05-29,法人番号2040001000456イオンリテール株式会社イオンスタイル武蔵村山南,武蔵村山市伊奈平３丁目３６番１号建物１階,35.73571,139.379135,8576,6300
tokyo,13,コンビニ,2026-05-01,法人番号5012401041567株式会社サクラ屋セブン－イレブン三鷹下連雀３丁目店,三鷹市下連雀３丁目４２番１８号迦葉三鷹マンション１階,35.699993,139.559082,8567,6329
tokyo,13,コンビニ,2026-05-13,須田博樹ファミリーマート航空自衛隊府中基地店,府中市浅間町１丁目５番地の５,35.673817,139.49498,8561,6319
tokyo,13,コンビニ,2026-05-22,法人番号7030001158282一禄株式会社ミニストップ府中西原町店,府中市西原町２丁目１番地の６１,35.680496,139.458725,8563,6313
tokyo,13,コンビニ,2026-05-01,法人番号4010001030181ミニストップ株式会社ミニストップ日野栄町店,日野市栄町１丁目２番地３,35.681061,139.392654,8563,6302
tottori,31,コンビニ,2026-05-01,小原雄ローソン鳥取緑ケ丘三丁目店,鳥取市緑ケ丘三丁目18番21号,35.508301,134.203445,8521,5472
tottori,31,コンビニ,2026-05-29,髙見文夫セブン－イレブン米子淀江インター店,米子市淀江町今津152番地2,35.464405,133.431152,8511,5348
toyama,16,コンビニ,2026-05-15,法人番号8230001014002株式会社Ｇ．Ｔ．Ｃローソン富山大島店,富山市大島１丁目１１番地,36.663403,137.27713,8799,5964
toyama,16,ドラッグ・薬局,2026-05-28,法人番号7180301016951株式会社スギ薬局スギドラッグ高岡美幸町店,高岡市美幸町１丁目３番２号,36.755642,136.995499,8821,5919
toyama,16,コンビニ,2026-05-31,森征典ファミリーマート砺波東石丸店,砺波市東石丸７４番地１,36.658237,136.981277,8797,5917
yamanashi,19,コンビニ,2026-05-31,古屋好子セブン－イレブン山梨万力店,山梨市万力９９９番地１,35.688396,138.673859,8565,6187
yamanashi,19,コンビニ,2026-05-01,丸山直輝セブン－イレブン富士吉田市役所前店,富士吉田市下吉田６丁目１５番３号,35.486565,138.806488,8516,6209
aichi,23,コンビニ,2026-06-12,法人番号4010001030181ミニストップ株式会社ミニストップ一社駅前店,名古屋市名東区高社二丁目113番地,35.168697,136.996506,8440,5919
aichi,23,スーパー,2026-06-25,法人番号1080101006499マックスバリュ東海株式会社マックスバリュエクスプレス池下駅北店,名古屋市千種区池下町2丁目19番地クレール池下,35.168499,136.946671,8440,5911
aichi,23,コンビニ,2026-06-29,法人番号7180001143848株式会社アイデア企画セブン－イレブンＵＲ大幸東団地店,名古屋市東区砂田橋三丁目2番UR大幸東団地102号棟第120号室,35.189548,136.960251,8445,5913
aichi,23,コンビニ,2026-06-01,広龍水寿セブン－イレブン名古屋稲葉地町店,名古屋市中村区稲葉地町一丁目16番地3,35.168049,136.844803,8440,5895
aichi,23,コンビニ,2026-06-01,道元宏成ファミリーマート岩塚本通五丁目店,名古屋市中村区岩塚本通五丁目18番地,35.157814,136.842972,8437,5894
aichi,23,コンビニ,2026-06-01,法人番号9080002000164有限会社アクティブローソン中区金山五丁目店,名古屋市中区金山五丁目12番20号,35.144157,136.910416,8434,5905
aichi,23,コンビニ,2026-06-01,金澤理恵ローソン上前津店,名古屋市中区大須四丁目12番31号,35.157909,136.907303,8437,5905
aichi,23,コンビニ,2026-06-01,法人番号7180001119625株式会社勇佑ローソンザ・ランドマーク名古屋栄店,名古屋市中区錦三丁目25番1号ザ・ランドマーク名古屋栄12階,35.169731,136.90712,8440,5905
aichi,23,コンビニ,2026-06-18,野田貴之ファミリーマート大須本通店,名古屋市中区大須三丁目24番37号,35.159794,136.901871,8438,5904
aichi,23,スーパー,2026-06-19,法人番号1080101006499マックスバリュ東海株式会社マックスバリュエクスプレス新栄2丁目店,名古屋市中区新栄二丁目41番13号一興ポレール新栄1階,35.162884,136.921967,8439,5907
aichi,23,コンビニ,2026-06-19,三上修セブン－イレブン名古屋大須新天地通店,名古屋市中区大須三丁目19番19号,35.159832,136.905014,8438,5904
aichi,23,コンビニ,2026-06-04,法人番号2180001086993エフエムエイチ株式会社ファミリーマートＡＳＴＹ岡崎店,岡崎市西三河都市計画事業岡崎駅東土地区画整理事業10街区2画地,34.994549,137.17984,8398,5948
aichi,23,ドラッグ・薬局,2026-06-30,法人番号7180301016951株式会社スギ薬局スギドラッグ岡崎伊賀店,岡崎市伊賀町三丁目46番地,34.970119,137.171326,8392,5947
aichi,23,コンビニ,2026-06-01,法人番号4010001030181ミニストップ株式会社ミニストップ稲沢旗屋町店,稲沢市赤池旗屋町62番地1,35.272259,136.815247,8465,5890
aichi,23,コンビニ,2026-06-19,法人番号1180001125257株式会社柊樟ローソン一宮天王店,一宮市天王二丁目2番2号,35.308052,136.79277,8473,5886
aichi,23,コンビニ,2026-06-11,法人番号1010001088181株式会社セブン－イレブン・ジャパンセブン－イレブン尾張旭新居町店,尾張旭市新居町上の田17番地,35.220985,137.038193,8453,5926
aichi,23,コンビニ,2026-06-01,高田泰幸セブン－イレブン半田成岩本町店,半田市成岩本町三丁目75番地1,34.882633,136.925415,8371,5908
aichi,23,コンビニ,2026-06-12,法人番号2013301010706株式会社ファミリーマートファミリーマート常滑古社店,常滑市字古社1番地,34.889603,136.85112,8373,5896
aichi,23,スーパー,2026-06-15,法人番号5011001016616株式会社ハンズハンズイオンモール東浦店,知多郡東浦町大字緒川字旭13番地2,34.982567,136.971863,8395,5915
aichi,23,コンビニ,2026-06-01,法人番号9180301035974株式会社ＴＲセブン－イレブン高浜神明町店,高浜市神明町七丁目13番地1,34.931973,137.001556,8383,5920
akita,05,コンビニ,2026-06-15,八柳孝美ファミリーマートＥＮホテル秋田／Ｓ店,秋田市大町二丁目2番41号ＥＮホテル秋田1階,39.718456,140.117294,9532,6418
akita,05,コンビニ,2026-06-16,松田岳ローソン秋田川尻総社町店,秋田市川尻総社町1番1号,39.713512,140.101074,9531,6416
akita,05,コンビニ,2026-06-16,中島雄也ローソン秋田寺内蛭根店,秋田市寺内蛭根一丁目16番11号,39.727291,140.085709,9534,6413
akita,05,コンビニ,2026-06-30,法人番号2013301010706株式会社ファミリーマートファミリーマート大館中道店,大館市中道二丁目3番42号,40.281326,140.554672,9667,6488
akita,05,コンビニ,2026-06-05,佐々木直人セブン－イレブン由利本荘中梵天店,由利本荘市中梵天30番地1,39.383034,140.059937,9451,6409
aomori,02,ドラッグ・薬局,2026-06-02,法人番号1430001010672株式会社ツルハツルハドラッグ八戸鮫店,八戸市大字鮫町字二見町21番地1,40.527321,141.554535,9726,6648
aomori,02,コンビニ,2026-06-01,鈴木英梨佳ローソン野辺地馬門道店,上北郡野辺地町字馬門道54番地1,40.871113,141.11673,9809,6578
chiba,12,コンビニ,2026-06-26,前野一也セブン－イレブン千葉神明町店,千葉市中央区神明町２０６番地３ハイツ千葉市神明町１０１,35.60384,140.115341,8544,6418
chiba,12,コンビニ,2026-06-30,加川嵩也ファミリーマート千葉ポートスクエア店,千葉市中央区問屋町１番５０号千葉ポートタウンＡＮＮＥＸ棟２階,35.602768,140.109818,8544,6417
chiba,12,コンビニ,2026-06-16,御園生敏子セブン－イレブン市原町田店,市原市町田１８５番地３３,35.485992,140.082016,8516,6413
chiba,12,コンビニ,2026-06-01,法人番号4040002013612有限会社デイリーキセンデイリーヤマザキ習志野実籾本郷店,習志野市実籾本郷４番７号,35.679379,140.068436,8563,6410
chiba,12,コンビニ,2026-06-01,法人番号2013301010706株式会社ファミリーマートファミリーマート八千代高津店,八千代市高津６７５番地１,35.717487,140.084198,8572,6413
chiba,12,ドラッグ・薬局,2026-06-02,法人番号1040001036939株式会社マツモトキヨシドラッグストアマツモトキヨシ習志野大久保店,習志野市大久保１丁目９番８号,35.689659,140.047623,8565,6407
chiba,12,コンビニ,2026-06-10,法人番号5010001093525伊藤忠リーテイルリンク株式会社ファミリーマート新浦安マーレ店,浦安市入船１丁目２番１号新浦安駅前プラザマーレ１階,35.650169,139.913925,8556,6386
chiba,12,コンビニ,2026-06-01,法人番号1010701035020株式会社ローソンアーバンワークスローソン鎌ケ谷道野辺本町一丁目店,鎌ケ谷市道野辺本町１丁目１４番１５号,35.763817,139.99826,8583,6399
chiba,12,スーパー,2026-06-29,法人番号2040001000456イオンリテール株式会社イオンスタイル新松戸,松戸市新松戸３丁目２番地の２イオン新松戸１階、２階、３階及び４階,35.825249,139.916031,8598,6386
chiba,12,コンビニ,2026-06-01,法人番号7040002057508有限会社千商セブン－イレブン本埜長門橋店,印西市安食卜杭６５２番地の３,35.839394,140.226669,8601,6436
chiba,12,コンビニ,2026-06-26,佐藤秀行ローソン佐倉城店,佐倉市城７７７番地１８,35.698288,140.231506,8567,6437
chiba,12,コンビニ,2026-06-01,法人番号6030003009402合同会社ｆｌｅｘｉｂｌｅローソン野田木間ケ瀬南店,野田市木間ケ瀬５２６０番地１,36.011959,139.833435,8642,6373
chiba,12,コンビニ,2026-06-01,法人番号1010001088181株式会社セブン－イレブン・ジャパンセブン－イレブン柏南増尾１丁目店,柏市南増尾１丁目２５番２３号,35.818588,139.975235,8596,6396
chiba,12,コンビニ,2026-06-04,法人番号8040001100845株式会社ライジング－フォースローソン野田工業団地店,野田市下三ケ尾４５５番地２,35.927254,139.908936,8622,6385
ehime,38,コンビニ,2026-06-11,法人番号6500001026450伯方シッピング株式会社セブン－イレブン伯方島テラス店,今治市伯方町木浦甲１２１３番地１,34.207458,133.115082,8209,5298
ehime,38,コンビニ,2026-06-24,工藤ちはるファミリーマート西条小松新屋敷店,西条市小松町新屋敷甲４９９番地,33.895889,133.112381,8135,5297
ehime,38,コンビニ,2026-06-30,高橋賢明セブン－イレブン四国中央中曽根町店,四国中央市中曽根町１７２０番地１,33.975121,133.542801,8154,5366
fukui,18,コンビニ,2026-06-02,前川彰吾セブン－イレブン大野横枕店,大野市横枕１字遠田１３番４,36.004604,136.503235,8641,5840
fukui,18,コンビニ,2026-06-01,長谷部由香里ファミリーマート三国新保店,坂井市三国町新保９７字港２３番３２,36.201488,136.134964,8688,5781
fukui,18,コンビニ,2026-06-01,前田茂人ローソン三国山王店,坂井市三国町山王５丁目３９番１,36.208035,136.160004,8689,5785
fukuoka,40,コンビニ,2026-06-30,早川知克ファミリーマート門司梅ノ木町店,北九州市門司区梅ノ木町１番９号,33.909931,130.937119,8138,4949
fukuoka,40,ドラッグ・薬局,2026-06-04,法人番号9240001021698株式会社ツルハグループドラッグ＆ファーマシー西日本ツルハドラッグ下上津役店,北九州市八幡西区下上津役四丁目１１番９号,33.827408,130.746796,8118,4919
fukuoka,40,コンビニ,2026-06-30,法人番号2013301010706株式会社ファミリーマートファミリーマート福岡市地下鉄博多駅店,福岡市博多区博多駅中央街福岡市地下鉄空港線博多駅博多口構内地下１階,33.589783,130.420593,8061,4867
fukuoka,40,コンビニ,2026-06-14,山本光一郎ファミリーマートトリアス久山店,糟屋郡久山町大字山田１１０３番地,33.654331,130.49025,8077,4878
fukuoka,40,スーパー,2026-06-04,法人番号6290001017604イオン九州株式会社マックスバリュエクスプレス大橋駅西口店,福岡市南区大橋一丁目１３番８号,33.557594,130.426712,8053,4868
fukuoka,40,コンビニ,2026-06-04,大津広実ローソン福岡高宮三丁目店,福岡市南区高宮三丁目１４番１１号,33.566723,130.413589,8056,4866
fukuoka,40,コンビニ,2026-06-04,法人番号2290003013035合同会社あゆみファミリーマート天神２丁目ビジネスセンター店,福岡市中央区天神二丁目８番３５号天神住友生命ＦＪビジネスセンター,33.590748,130.396591,8061,4863
fukuoka,40,スーパー,2026-06-09,法人番号9290001098798イオンウエルシア九州株式会社ウエルシアプラス友丘店,福岡市城南区友丘二丁目３番６号,33.560863,130.375931,8054,4860
fukuoka,40,ドラッグ・薬局,2026-06-09,法人番号9290001044133株式会社ドラッグストアモリドラッグストアモリ荘島店,久留米市荘島町１３番地１,33.313908,130.505524,7995,4880
fukuoka,40,コンビニ,2026-06-18,森下利一ファミリーマート香春中津原店,田川郡香春町大字中津原２４６３番地１,33.65398,130.848892,8076,4935
fukuoka,40,スーパー,2026-06-05,法人番号9290001072902株式会社トライアルストアーズＴＲＩＡＬＧＯ春日原駅前店,春日市春日原北町三丁目２４番地マルシンビル１階,33.537754,130.471863,8049,4875
fukuoka,40,スーパー,2026-06-30,法人番号9290001098798イオンウエルシア九州株式会社ウエルシアプラス大野城中央店,大野城市中央二丁目４番３号,33.522587,130.482864,8045,4877
fukushima,07,コンビニ,2026-06-01,佐藤あけみファミリーマート福島駅西口店,福島市太田町30番15号,37.755527,140.453812,9061,6472
fukushima,07,コンビニ,2026-06-01,佐藤あけみファミリーマート福島飯坂町東湯野店,福島市飯坂町東湯野字姥懐3番地の18,37.824142,140.479874,9077,6476
fukushima,07,コンビニ,2026-06-01,加藤研一ファミリーマート福島大森下町店,福島市大森字下町11番地の1,37.728977,140.439362,9054,6470
fukushima,07,コンビニ,2026-06-01,原宏一ファミリーマート福島北五老内町店,福島市北五老内町5番20号,37.761906,140.476379,9062,6476
fukushima,07,コンビニ,2026-06-01,法人番号4010001030181ミニストップ株式会社ミニストップ郡山久保田店,郡山市富久山町久保田字太郎殿前2番地の7,37.40744,140.397125,8977,6463
fukushima,07,ドラッグ・薬局,2026-06-17,法人番号9290001025414株式会社コスモス薬品ドラッグコスモス白河老久保店,白河市老久保12番地,37.114517,140.197815,8907,6431
fukushima,07,コンビニ,2026-06-02,法人番号1010001088181株式会社セブン－イレブン・ジャパンセブン－イレブン喜多方北町店,喜多方市字北町上37番地,37.658531,139.87796,9038,6380
gifu,21,コンビニ,2026-06-30,法人番号2013301010706株式会社ファミリーマートファミリーマート可児下切北店,可児市下切3294番地1,35.407799,137.060196,8497,5929
gifu,21,コンビニ,2026-06-17,法人番号1010001088181株式会社セブン－イレブン・ジャパンセブン－イレブン関市小屋名店,関市小屋名1322番地1,35.486244,136.876358,8516,5900
gumma,10,コンビニ,2026-06-08,法人番号2013301010706株式会社ファミリーマートファミリーマート前橋富田町店,前橋市富田町１１４１番地２,36.391258,139.143692,8733,6262
gumma,10,コンビニ,2026-06-05,蟻坂克之ローソン渋川石原店,渋川市石原３０５番地１２,36.488419,139.00618,8757,6240
gumma,10,コンビニ,2026-06-02,木村太悟セブン－イレブン伊勢崎国定１丁目店,伊勢崎市国定町一丁目１６１８番地１,36.363453,139.26001,8727,6281
gumma,10,コンビニ,2026-06-19,法人番号1010001088181株式会社セブン－イレブン・ジャパンセブン－イレブン太田市細谷町店,太田市細谷町５０４番地３,36.275459,139.345917,8706,6295
hiroshima,34,コンビニ,2026-06-01,法人番号8240001066307株式会社ミッションプラスローソン広島宝町店,広島市中区宝町8番21号,34.384628,132.463394,8252,5194
hyogo,28,コンビニ,2026-06-19,法人番号1010001088181株式会社セブン－イレブン・ジャパンセブン－イレブン神戸元町駅西店,神戸市中央区元町通３丁目１２番１号,34.688568,135.186249,8325,5629
hyogo,28,コンビニ,2026-06-01,法人番号9140001138998株式会社ＴＹローソン神出町小束野店,神戸市西区神出町小束野５３番地の１６２,34.765465,134.975693,8343,5596
hyogo,28,コンビニ,2026-06-29,山本智也デイリーヤマザキ六甲アイランド店,神戸市東灘区向洋町西１丁目７番地,34.695637,135.265671,8326,5642
hyogo,28,コンビニ,2026-06-01,白井亮士ローソン伊丹昆陽池一丁目店,伊丹市昆陽池１丁目１０番地,34.78532,135.397949,8348,5663
hyogo,28,コンビニ,2026-06-08,西田泰代ローソン出石町寺坂店,豊岡市出石町日野辺４番地の３,35.452038,134.886246,8508,5581
hyogo,28,ドラッグ・薬局,2026-06-23,法人番号7180301016951株式会社スギ薬局スギドラッグ高砂店,高砂市梅井５丁目５番２５号アクロスプラザ高砂,34.765442,134.777298,8343,5564
hyogo,28,コンビニ,2026-06-05,西田泰代ローソン養父八鹿店,養父市八鹿町八鹿１５８７番地１,35.402908,134.769852,8496,5563
ibaraki,08,コンビニ,2026-06-01,田宮弦奏ローソン岩井矢作店,坂東市矢作３０９番地４,35.990833,139.907013,8637,6385
ibaraki,08,スーパー,2026-06-23,法人番号7050001000756株式会社カワサキ業務スーパー筑西店,筑西市岡芹９３７番地１４,36.313408,139.973953,8715,6395
ibaraki,08,コンビニ,2026-06-01,法人番号5060001026372株式会社グローイング・カンパニーローソン守谷松並庚塚店,守谷市松並１６２５番地１,35.958385,139.996811,8630,6399
ibaraki,08,コンビニ,2026-06-30,小山博美ファミリーマート常陸大宮上小瀬店,常陸大宮市上小瀬１４１５番地１,36.61068,140.322083,8786,6451
ibaraki,08,コンビニ,2026-06-05,法人番号5050001049770株式会社イイツカファミリーマートＤ’ＳＴＡＴＩＯＮ鹿島店,鹿嶋市宮中六丁目５番２７号Ｄ’ステーションＷＡＫＯ鹿島店内,35.962612,140.634079,8631,6501
iwate,03,スーパー,2026-06-09,法人番号6010901003292株式会社キャメル珈琲カルディコーヒーファームイオンモール盛岡店,盛岡市前潟四丁目7番1号イオンモール盛岡1階,39.710526,141.101059,9530,6576
iwate,03,コンビニ,2026-06-17,中田大貴セブン－イレブン盛岡本宮店,盛岡市本宮六丁目23番21号,39.688503,141.120163,9525,6579
iwate,03,コンビニ,2026-06-23,法人番号7400002003458有限会社杜屋ローソン盛岡本町通三丁目店,盛岡市本町通三丁目4番15号,39.707943,141.145752,9529,6583
iwate,03,コンビニ,2026-06-01,法人番号1400001017308株式会社ＹＫＮローソン一関大町店,一関市大町1番6号,38.926865,141.135941,9342,6581
iwate,03,コンビニ,2026-06-30,法人番号2013301010706株式会社ファミリーマートファミリーマート花泉金沢店,一関市花泉町金沢字内ノ目37番地,38.866306,141.190109,9327,6590
iwate,03,コンビニ,2026-06-29,田家亘セブン－イレブン二戸金田一温泉入口店,二戸市金田一字馬場54番地1,40.315987,141.305252,9675,6608
iwate,03,コンビニ,2026-06-29,荒田繁樹セブン－イレブン九戸インター店,九戸郡九戸村大字江刺家第4地割103番地1,40.258636,141.40596,9662,6624
kagawa,37,コンビニ,2026-06-02,法人番号1470001017318株式会社ＦｏｒｔｈＣｏｍｐａｎｙファミリーマート綾川町千疋店,高松市香南町西庄８６９番地６,34.235882,133.996552,8216,5439
kagawa,37,コンビニ,2026-06-01,松原里早ローソン綾川町陶店,綾歌郡綾川町陶２７５５番地１,34.256058,133.956665,8221,5433
kagawa,37,スーパー,2026-06-29,法人番号2220001008745株式会社クスリのアオキスーパーのアオキ三野店,三豊市三野町下高瀬９８５番地８,34.201553,133.697586,8208,5391
kanagawa,14,コンビニ,2026-06-08,上田太一ファミリーマートエキニア横浜店,横浜市西区北幸１丁目１番８号エキニア横浜１階,35.467426,139.621674,8512,6339
kanagawa,14,コンビニ,2026-06-01,吉村紀康ファミリーマート鶴ヶ峰本町店,横浜市旭区鶴ケ峰町２丁目４５番１７号,35.471313,139.54921,8513,6327
kanagawa,14,コンビニ,2026-06-03,根津文霞ファミリーマート横浜今宿二丁目店,横浜市旭区今宿２丁目２０番２４番,35.476196,139.516785,8514,6322
kanagawa,14,コンビニ,2026-06-01,法人番号8013303006705Ｒｅｉ合同会社ローソン上大岡京急店,横浜市港南区上大岡西１丁目６番１号上大岡京急ビル１階,35.408283,139.596436,8497,6335
kanagawa,14,スーパー,2026-06-23,法人番号4180001101313イオンビッグ株式会社ザ・ビッグ港南台店,横浜市港南区港南台３丁目１番２号,35.375042,139.577301,8490,6332
kanagawa,14,コンビニ,2026-06-30,法人番号8020001138400株式会社ＧＭＰファミリーマート幸浦二丁目店,横浜市金沢区幸浦２丁目１番地２０建物１階,35.362846,139.645081,8487,6343
kanagawa,14,コンビニ,2026-06-12,法人番号7020001049037株式会社プログレスローソン泉緑園四丁目店,横浜市泉区緑園４丁目２番１９号アーバンプラザ１階,35.441013,139.52298,8505,6323
kanagawa,14,コンビニ,2026-06-30,田川賢司セブン－イレブン横浜美しが丘西３丁目店,横浜市青葉区美しが丘西３丁目５１番地７,35.58712,139.529495,8540,6324
kanagawa,14,コンビニ,2026-06-04,加納敬大ローソン川崎紺屋町店,川崎市幸区紺屋町９０番地,35.541321,139.690948,8529,6350
kanagawa,14,コンビニ,2026-06-01,濵尾龍太ローソンストア１００武蔵中原店,川崎市中原区下小田中１丁目１番１号ファースト・アヴェニュー１階１０２号室,35.58028,139.6409,8539,6342
kanagawa,14,コンビニ,2026-06-29,法人番号2020001084179株式会社ベルワイズローソン川崎井田三丁目店,川崎市中原区井田３丁目３４番４号,35.560673,139.637375,8534,6341
kanagawa,14,コンビニ,2026-06-01,松浦二三夫ローソン川崎下麻生三丁目店,川崎市麻生区下麻生３丁目３７番１６号,35.574959,139.509628,8537,6321
kanagawa,14,コンビニ,2026-06-01,鈴木厚徳ローソンストア１００茅ヶ崎十間坂店,茅ヶ崎市十間坂１丁目４番５７号,35.331116,139.400894,8479,6304
kanagawa,14,コンビニ,2026-06-16,法人番号8021001065782ジーリバティ株式会社ローソン片瀬海岸二丁目店,藤沢市片瀬海岸２丁目１６番２１号建物１階及び２階,35.308388,139.482559,8474,6317
kanagawa,14,ドラッグ・薬局,2026-06-25,法人番号1040001036939株式会社マツモトキヨシ薬マツモトキヨシさいか屋藤沢店,藤沢市藤沢５５５番地さいか屋藤沢店１階,35.339855,139.486969,8481,6317
kanagawa,14,コンビニ,2026-06-01,法人番号8010701011279株式会社ベルーフファミリーマート相模原横山台店,相模原市中央区横山台１丁目２９番１０号,35.56686,139.355942,8536,6296
kanagawa,14,コンビニ,2026-06-16,佐藤尚弘セブン－イレブン相模原上矢部店,相模原市中央区上矢部４丁目２６番１号建物１階,35.580811,139.396622,8539,6303
kanagawa,14,コンビニ,2026-06-26,法人番号4021001084010幸せ株式会社ローソングラントーレ橋本店,相模原市緑区橋本６丁目３６番１号グラントーレ橋本１階,35.597652,139.34169,8543,6294
kanagawa,14,コンビニ,2026-06-01,佐久間克己ローソン海老名中新田一丁目店,海老名市中新田１丁目４番５１号,35.442921,139.384369,8506,6301
kanagawa,14,コンビニ,2026-06-26,坂本愛美ローソン大和柳橋一丁目店,大和市柳橋１丁目２２番１号,35.461212,139.462082,8510,6313
kyoto,26,コンビニ,2026-06-01,杉原智亮ローソン吉祥院西ノ茶屋店,京都市南区吉祥院西ノ茶屋町８２番地２,34.970173,135.7258,8392,5716
kyoto,26,コンビニ,2026-06-16,法人番号9130001031221株式会社フレックスローソン向日市上植野店,向日市上植野町伴田１６番地１,34.93259,135.707489,8383,5713
kyoto,26,コンビニ,2026-06-01,中島健ローソン深草西浦店,京都市伏見区深草西浦町５丁目４８番地,34.957561,135.766907,8389,5722
mie,24,コンビニ,2026-06-01,法人番号4010001030181ミニストップ株式会社ミニストップ四日市天カ須賀店,四日市市天カ須賀四丁目3番2号,35.014271,136.671127,8403,5867
mie,24,コンビニ,2026-06-30,孟克那順ファミリーマート四日市西新地店,四日市市西新地9番10号,34.970009,136.620712,8392,5859
mie,24,コンビニ,2026-06-30,法人番号2013301010706株式会社ファミリーマートファミリーマート西富田店,四日市市西富田町字大宮田263番地1,35.013599,136.646729,8403,5863
miyagi,04,ドラッグ・薬局,2026-06-10,法人番号1430001010672株式会社ツルハツルハドラッグ仙台小田原2丁目店,仙台市宮城野区小田原二丁目1番26号,38.264584,140.893829,9183,6543
miyagi,04,コンビニ,2026-06-01,法人番号4010001030181ミニストップ株式会社ミニストップ宮城亘理店,亘理郡亘理町逢隈高屋字堂田197番地1,38.040459,140.872299,9129,6539
miyagi,04,スーパー,2026-06-10,法人番号9290001072902株式会社トライアルストアーズスーパーセンタートライアル石巻店,石巻市浦屋敷南2番地1,38.43425,141.302734,9224,6608
miyagi,04,コンビニ,2026-06-22,鈴木崇也セブン－イレブン涌谷赤間屋敷店,遠田郡涌谷町字赤間屋敷171番地1,38.550835,141.094269,9252,6575
miyagi,04,コンビニ,2026-06-22,吉田純一セブン－イレブン本吉津谷バイパス店,気仙沼市本吉町中島251番地3,38.773125,141.512711,9305,6642
nagano,20,コンビニ,2026-06-08,西山芽里セブン－イレブン長野東和田店,長野市大字東和田９３５番地コイデビル１階,36.653805,138.222961,8796,6115
nagano,20,コンビニ,2026-06-03,遠山陽一セブン－イレブン塩尻大小屋店,塩尻市大字大小屋１１３番地３,36.107441,137.967407,8665,6074
nagasaki,42,コンビニ,2026-06-01,前道祐介ローソン佐世保川下町店,佐世保市川下町４１番１号,33.191261,129.667068,7965,4746
nagasaki,42,スーパー,2026-06-29,法人番号5150001012025ＮＣＲ株式会社買取大吉マックスバリュ中里店,佐世保市上本山町１０３８番地,33.207226,129.69133,7969,4750
nagasaki,42,コンビニ,2026-06-01,光武真理ローソン諫早幸町店,諫早市幸町７９番１,32.837154,130.067139,7880,4810
nara,29,コンビニ,2026-06-30,竹谷加奈子ファミリーマートならやま大通り店,奈良市押熊町１１０６番地の１,34.720528,135.770767,8332,5723
nara,29,コンビニ,2026-06-30,川﨑美佐子ファミリーマート北郡山店,大和郡山市北郡山町１４５番地の１１,34.653275,135.784378,8316,5725
nara,29,コンビニ,2026-06-01,法人番号7150001000837アイアンドエル株式会社ローソン高田南今里店,大和高田市南今里町８番３６号,34.50523,135.749283,8281,5719
niigata,15,コンビニ,2026-06-01,法人番号3110002004209有限会社ティ・エンタープライズローソン新潟中木戸店,新潟市東区中木戸１３４番地１,37.928284,139.099609,9102,6255
niigata,15,コンビニ,2026-06-01,渡邊大地ローソン六日町西泉田店,南魚沼市西泉田６７番地１,37.049088,138.874664,8891,6219
okayama,33,コンビニ,2026-06-30,片岡正文ローソン岡山江崎西店,岡山市中区江崎217番地2,34.626717,133.960281,8310,5433
okayama,33,コンビニ,2026-06-01,法人番号2260001033392Ｂ２商事株式会社ローソン倉敷神田店,倉敷市神田三丁目14番9号,34.544659,133.731659,8290,5397
okayama,33,スーパー,2026-06-29,法人番号2240001047246株式会社エブリイ業務スーパー玉島店,倉敷市玉島阿賀崎2丁目1番47号,34.548412,133.673355,8291,5387
okinawa,47,コンビニ,2026-06-22,當山京子ローソン那覇辻一丁目店,那覇市辻１丁目６番１２号,26.217049,127.670456,6292,4427
okinawa,47,コンビニ,2026-06-01,新垣留美ローソン浦添西原店,浦添市当山２丁目５番１号１階,26.251778,127.738396,6300,4438
okinawa,47,コンビニ,2026-06-23,法人番号5360003007910合同会社Ｍａｎａ＆Ｒｅｔａｉｌファミリーマート浦添にしばる店,浦添市西原３丁目１番１号,26.257257,127.74118,6301,4438
okinawa,47,コンビニ,2026-06-15,銘苅朝也ファミリーマート読谷大湾東店,中頭郡読谷村字ときわ１１番地３号１階,26.396111,127.744446,6335,4439
okinawa,47,コンビニ,2026-06-18,法人番号3360001000497株式会社沖縄ファミリーマートファミリーマートうるま昆布店,うるま市字昆布１２３８番地１,26.398478,127.848335,6335,4455
osaka,27,コンビニ,2026-06-30,法人番号2120001134790株式会社フィールズファミリーマート四ツ橋北堀江一丁目店,大阪市西区北堀江１丁目３番２０号,34.673134,135.495911,8321,5679
osaka,27,コンビニ,2026-06-01,法人番号9120901047334株式会社七曜ファミリーマート鶴見緑地東店,大阪市鶴見区浜５丁目南１番１８号,34.712593,135.582458,8331,5693
osaka,27,コンビニ,2026-06-30,渡邊幹司セブン－イレブンあべの高松店,大阪市阿倍野区天王寺町南２丁目５番１３号,34.643372,135.523849,8314,5683
osaka,27,ドラッグ・薬局,2026-06-05,法人番号1040001036939株式会社マツモトキヨシドラッグストアマツモトキヨシ南住吉店,大阪市住吉区南住吉３丁目１番１０号コノミヤ南住吉ビル,34.605968,135.505859,8305,5680
osaka,27,コンビニ,2026-06-11,法人番号5120001095527株式会社キャロッツファミリーマート東三国五丁目店,大阪市淀川区東三国５丁目４番１号,34.742802,135.497955,8338,5679
osaka,27,コンビニ,2026-06-16,谷森直樹ローソンＪＲ淡路駅前店,大阪市東淀川区菅原５丁目１１番１０１０１号,34.740486,135.518768,8337,5683
osaka,27,ドラッグ・薬局,2026-06-23,法人番号1040001036939株式会社マツモトキヨシ薬マツモトキヨシ淀川加島店,大阪市淀川区加島１丁目５８番９号スプランディッドⅦ１０１号室,34.727398,135.45961,8334,5673
osaka,27,コンビニ,2026-06-30,法人番号2013301010706株式会社ファミリーマートファミリーマート野崎町店,大阪市北区野崎町６番７号大阪北野ビル１階,34.700409,135.506165,8328,5680
osaka,27,コンビニ,2026-06-30,法人番号1010001088181株式会社セブン－イレブン・ジャパンセブン－イレブン大阪玉造１丁目店,大阪市中央区玉造１丁目１１番８号,34.675537,135.531891,8322,5685
osaka,27,コンビニ,2026-06-22,法人番号2120001240283株式会社Ａｎｏｔｈｅｒｐｌａｃｅセブン－イレブン大阪島之内２丁目店,大阪市中央区島之内２丁目６番１５号,34.671085,135.509537,8321,5681
osaka,27,コンビニ,2026-06-01,法人番号2013301010706株式会社ファミリーマートファミリーマート堺初芝駅前店,堺市東区日置荘西町１丁２１番１９号,34.543396,135.526917,8290,5684
osaka,27,スーパー,2026-06-12,法人番号5010901028646株式会社成城石井成城石井イオンモール堺北花田店,堺市北区東浅香山町４丁１番１２号イオンモール堺北花田１階,34.584618,135.513718,8300,5682
osaka,27,コンビニ,2026-06-18,法人番号4120101059762ＦＰＳ株式会社ファミリーマート堺錦之町店,堺市堺区錦之町西３丁２番２４号,34.589378,135.480179,8301,5676
osaka,27,コンビニ,2026-06-23,法人番号5120001086352南海フードシステム株式会社セブン－イレブン南海堺駅南口店,堺市堺区栄橋町１丁１０番１号,34.580795,135.467392,8299,5674
osaka,27,コンビニ,2026-06-01,森屋律子セブン－イレブン豊中北桜塚４丁目店,豊中市北桜塚４丁目１７番２０号,34.787712,135.472214,8349,5675
osaka,27,コンビニ,2026-06-01,森屋律子セブン－イレブン豊中中桜塚５丁目店,豊中市中桜塚５丁目１９番３０号,34.780018,135.475159,8347,5676
osaka,27,コンビニ,2026-06-16,惣坊泉ファミリーマート豊中大黒町店,豊中市大黒町１丁目１番１号,34.742947,135.472168,8338,5675
osaka,27,ドラッグ・薬局,2026-06-16,法人番号9122001015015株式会社アカカベユニカムドラッグ少路店,豊中市少路１丁目１４番１号,34.806198,135.475296,8353,5676
osaka,27,ドラッグ・薬局,2026-06-16,法人番号9122001015015株式会社アカカベユニカムドラッグ西泉丘店,豊中市西泉丘３丁目１番２５号,34.782669,135.489136,8347,5678
osaka,27,コンビニ,2026-06-30,法人番号3010401063724株式会社ビープラスファミリーマート能勢町栗栖店,豊能郡能勢町栗栖５６番地５,34.968876,135.398438,8392,5663
osaka,27,コンビニ,2026-06-12,法人番号3120001280898ＭｉＲＯＫＵ株式会社セブン－イレブン枚方伊加賀本町店,枚方市伊加賀本町１２番５号,34.809254,135.636017,8354,5701
osaka,27,コンビニ,2026-06-12,明見純一セブン－イレブン寝屋川東大利町店,寝屋川市東大利町１２番２１号,34.76384,135.617401,8343,5698
osaka,27,コンビニ,2026-06-01,梅景文久ファミリーマート高槻天川新町店,高槻市天川新町１２番２１号,34.845062,135.636398,8362,5701
osaka,27,コンビニ,2026-06-01,法人番号1010001088181株式会社セブン－イレブン・ジャパンセブン－イレブンりんくう松原店,泉佐野市りんくう往来南２番２２号,34.408695,135.299438,8258,5647
osaka,27,スーパー,2026-06-04,法人番号8010901017654株式会社アエナアエナイオンモールりんくう泉南店,泉南市りんくう南浜３番地１２イオンモールりんくう泉南２階,34.382992,135.267197,8251,5642
osaka,27,コンビニ,2026-06-02,三木崇ローソン藤井寺沢田二丁目店,藤井寺市沢田２丁目７番５号,34.572803,135.609344,8297,5697
osaka,27,コンビニ,2026-06-24,法人番号2013301010706株式会社ファミリーマートファミリーマート千代田駅前店,河内長野市千代田南町１番６号,34.468021,135.567429,8272,5690
osaka,27,コンビニ,2026-06-01,森本祐子ローソン四條畷岡山東二丁目店,四條畷市岡山東２丁目１番１６号,34.746136,135.646454,8339,5703
osaka,27,コンビニ,2026-06-01,法人番号2120002078632有限会社田中屋ファミリーマート守口東通店,守口市南寺方東通６丁目１３番１３号,34.718674,135.582413,8332,5693
osaka,27,ドラッグ・薬局,2026-06-17,法人番号7180301016951株式会社スギ薬局スギドラッグ大東御領店,大東市御領１丁目１０番４号,34.717155,135.618225,8332,5698
osaka,27,コンビニ,2026-06-01,岸澤弘治ファミリーマート小阪駅前店,東大阪市小阪１丁目１番１２号,34.664013,135.580093,8319,5692
osaka,27,コンビニ,2026-06-01,西村禎泰ファミリーマート東大阪大蓮南店,東大阪市大蓮南１丁目５番２４号,34.635098,135.581406,8312,5693
saitama,11,コンビニ,2026-06-16,ＴＨＡＰＡＬＩＹＡＳＡＮＧＩＴＡセブン－イレブン川越上寺山店,川越市大字上寺山３９４番地２,35.931007,139.467148,8623,6314
saitama,11,コンビニ,2026-06-01,法人番号2013301010706株式会社ファミリーマートファミリーマートＤ’ＳＴＡＴＩＯＮ花園/S店,深谷市荒川４０４番地Ｄ‘ＳＴＡＴＩＯＮ花園店内,36.120113,139.231155,8668,6276
saitama,11,コンビニ,2026-06-01,法人番号2030001005927東京通商株式会社ローソンさいたま北袋町二丁目店,さいたま市大宮区北袋町二丁目４７１番地,35.889698,139.644394,8613,6343
saitama,11,コンビニ,2026-06-30,丸島悦子ファミリーマート羽生東七丁目店,羽生市東七丁目１６番地１,36.171059,139.551849,8681,6328
saitama,11,コンビニ,2026-06-01,法人番号5030001093218株式会社あづまやセブン－イレブン秩父太田店,秩父市太田４２８番地,36.056049,139.06572,8653,6250
saitama,11,コンビニ,2026-06-01,法人番号9030003003641合資会社スカイセブン－イレブン吉見大串店,比企郡吉見町大字大串５９９番地１,36.025249,139.457184,8646,6313
saitama,11,コンビニ,2026-06-01,法人番号9030003004433合同会社アライローソン滑川羽尾店,比企郡滑川町大字羽尾３５６３番地１,36.044945,139.383438,8650,6301
saitama,11,コンビニ,2026-06-01,向井武ローソン東松山大谷中堀店,東松山市大字大谷５５７１番地１,36.075718,139.394852,8658,6303
saitama,11,コンビニ,2026-06-01,法人番号4010001030181ミニストップ株式会社ミニストップ八潮８丁目店,八潮市八潮八丁目２２番地８,35.812687,139.828659,8595,6372
saitama,11,スーパー,2026-06-18,法人番号6010001127026株式会社そごう・西武イオンレイクタウンｋａｚｅ店１階西武・そごうショップ,越谷市レイクタウン四丁目２番地イオンレイクタウンｋａｚｅ１階１３１区画,35.877773,139.825058,8610,6372
saitama,11,コンビニ,2026-06-17,法人番号6010401166193グッドチャレンジ株式会社ファミリーマート南山堂志木ニュータウン店,志木市館二丁目５番２号志木ニュータウン鹿島ビル１階,35.830402,139.561996,8599,6329
sapporo,01,コンビニ,2026-06-04,法人番号5430003004066合同会社アニマローソン札幌篠路４条七丁目店,札幌市北区篠路四条七丁目１番１号,43.145187,141.365662,10354,6618
sapporo,01,コンビニ,2026-06-04,法人番号8430002042196有限会社垂水ローソン札幌篠路８条三丁目店,札幌市北区篠路八条三丁目５番１９号,43.153065,141.358032,10356,6617
sapporo,01,コンビニ,2026-06-01,法人番号3430001041864株式会社Ｔ＆Ｋローソン札幌清田３条店,札幌市清田区清田三条三丁目２番１号,42.999626,141.432343,10319,6629
sapporo,01,コンビニ,2026-06-18,鶴岡弘セブン-イレブン札幌川沿１２条１丁目店,札幌市南区川沿十二条一丁目１番８２号,42.980186,141.336517,10315,6613
sapporo,01,コンビニ,2026-06-01,法人番号9430001011003株式会社出村商店ローソン札幌南６条西二十丁目店,札幌市中央区南六条西二十丁目２番３０号,43.050674,141.327515,10332,6612
sapporo,01,コンビニ,2026-06-11,岩井工ファミリーマート札幌中央卸売市場店,札幌市中央区北十四条西二十丁目１番２７号札幌中央卸売市場立体駐車場１階,43.074642,141.32103,10337,6611
sapporo,01,コンビニ,2026-06-02,稲田貴浩ローソン旭川大町１条店,旭川市大町一条六丁目１４番地２６１,43.787544,142.35643,10509,6777
sapporo,01,コンビニ,2026-06-01,法人番号2010701019195株式会社ローソンローソン帯広西８条南九丁目店,帯広市西八条南九丁目２２番地,42.921726,143.19194,10301,6910
shiga,25,コンビニ,2026-06-01,法人番号1010001088181株式会社セブン－イレブン・ジャパンセブン－イレブン米原インター店,米原市樋口２２４番地,35.32045,136.32933,8476,5812
shimane,32,コンビニ,2026-06-30,加藤慎哉ファミリーマート安来西赤江店,安来市西赤江町769番地1,35.421764,133.214584,8501,5314
shizuoka,22,ドラッグ・薬局,2026-06-08,法人番号9290001025414株式会社コスモス薬品ドラッグコスモス静岡千代田店,静岡市葵区千代田七丁目5番5号,35.00032,138.405762,8400,6144
shizuoka,22,コンビニ,2026-06-17,法人番号2013301010706株式会社ファミリーマートファミリーマート清水インター店,静岡市清水区西久保字瓦場46番地の9,35.035927,138.48494,8408,6157
shizuoka,22,コンビニ,2026-06-17,法人番号2013301010706株式会社ファミリーマートファミリーマート清水沼田町店,静岡市清水区沼田町4番30号,34.997112,138.484558,8399,6157
shizuoka,22,ドラッグ・薬局,2026-06-26,法人番号7180301016951株式会社スギ薬局スギドラッグ清水折戸店,静岡市清水区折戸四丁目2番35号,34.992855,138.513214,8398,6162
shizuoka,22,スーパー,2026-06-08,法人番号9290001072902株式会社トライアルストアーズスーパーセンタートライアル浜松葵西店,浜松市中央区葵西六丁目10番22号,34.768044,137.699768,8344,6031
shizuoka,22,スーパー,2026-06-17,法人番号1080101006499マックスバリュ東海株式会社マックスバリュエクスプレス浜松西浅田店,浜松市中央区西浅田二丁目9番26号,34.691792,137.725067,8326,6036
shizuoka,22,ドラッグ・薬局,2026-06-11,法人番号7180301016951株式会社スギ薬局スギドラッグ磐田白羽店,磐田市白羽370番地1,34.673771,137.80397,8321,6048
shizuoka,22,コンビニ,2026-06-01,稲葉和博ローソン東伊豆町大川店,賀茂郡東伊豆町大川160番地の10,34.847084,139.080322,8363,6252
tochigi,09,コンビニ,2026-06-01,法人番号5060002012339有限会社村上商事ローソン宇都宮テクノポリスセンター店,宇都宮市ゆいの杜七丁目８番４号,36.574245,139.990646,8777,6398
tochigi,09,コンビニ,2026-06-18,茂呂浩史ファミリーマートビックマーチ西川田／Ｓ店,宇都宮市西川田南二丁目１番地１５ビックマーチ西川田店１階,36.508804,139.853104,8762,6376
tochigi,09,コンビニ,2026-06-22,茂呂浩史ファミリーマート宇都宮細谷一丁目店,宇都宮市細谷一丁目３９５番地９,36.591194,139.855698,8781,6376
tochigi,09,コンビニ,2026-06-30,法人番号1060002004513ジーエムシー有限会社ファミリーマート河内上田原店,宇都宮市上田原町１４７７番地１,36.643867,139.904465,8794,6384
tochigi,09,コンビニ,2026-06-30,金原豪ファミリーマート壬生安塚店,下都賀郡壬生町大字安塚７７４番地１３,36.471867,139.832397,8753,6373
tokushima,36,ドラッグ・薬局,2026-06-19,法人番号9290001044133株式会社ドラッグストアモリドラッグストアモリ津田店,徳島市津田本町四丁目５２７番地１,34.04607,134.576218,8171,5532
tokushima,36,コンビニ,2026-06-01,法人番号8480003000727合同会社Ａ．Ｒ．Ｉローソン阿南税務署前店,阿南市富岡町滝の下１２番地１,33.917255,134.660431,8140,5545
tokyo,13,コンビニ,2026-06-29,西本健太郎ファミリーマート外神田四丁目蔵前橋通り店,千代田区外神田４丁目１２番６号ラティエラ秋葉原１階,35.702698,139.773453,8568,6363
tokyo,13,コンビニ,2026-06-23,法人番号8013401001062株式会社京王ストアセブン－イレブン京王八重洲バスターミナル店,中央区八重洲１丁目６番１号ＴＯＦＲＯＭＹＡＥＳＵＴＯＷＥＲ地下２階バスターミナル東京八重洲地下Ａ,35.681679,139.770248,8563,6363
tokyo,13,コンビニ,2026-06-02,法人番号2011401007325富士フイルムシステムサービス株式会社ファミリーマート宝町八重洲通り店,中央区京橋１丁目１８番１号ＷＯＲＫＶＩＬＬＡＹＡＥＳＵ１階,35.678173,139.773895,8562,6363
tokyo,13,コンビニ,2026-06-30,法人番号6010001144938株式会社竹内コーポレーションファミリーマート新川二丁目店,中央区新川２丁目６番２号石橋ビル１階,35.676643,139.781433,8562,6365
tokyo,13,コンビニ,2026-06-30,法人番号3011701016009株式会社ｐｅｒｓｉｍｍｏｎファミリーマート茅場町駅東店,中央区新川１丁目２番８号第五山京ビル１階１０１号室及び２階２０１号室,35.678795,139.782684,8562,6365
tokyo,13,コンビニ,2026-06-19,横溝武士ファミリーマート東京タワー通り店,港区芝公園３丁目５番１２号長谷川グリーンビル１階及び地下２階,35.660172,139.746017,8558,6359
tokyo,13,コンビニ,2026-06-01,法人番号2010801016902株式会社スズセンローソン品川大崎三丁目店,品川区大崎３丁目１６番２０号,35.618694,139.722153,8548,6355
tokyo,13,コンビニ,2026-06-10,法人番号1010701035020株式会社ローソンアーバンワークスローソン鮫洲駅前店,品川区東大井１丁目２番１１号ウエノ東大井ハイツ１階１０８及び１０９号室,35.605457,139.743393,8545,6358
tokyo,13,コンビニ,2026-06-30,元京珠ファミリーマート四谷四丁目店,新宿区四谷４丁目７番地新宿ヒロセビル１階,35.687359,139.716476,8564,6354
tokyo,13,コンビニ,2026-06-30,法人番号8030002009194有限会社テムスミニストップ吾妻橋３丁目店,墨田区吾妻橋３丁目１番３号,35.70842,139.804504,8570,6368
tokyo,13,コンビニ,2026-06-23,佐藤宗史セブン－イレブン深川不動尊店,江東区富岡１丁目９番２号建物１階及び２階,35.6716,139.797562,8561,6367
tokyo,13,コンビニ,2026-06-05,本田スルヤファミリーマート中目黒一丁目店,目黒区中目黒１丁目１１番１２号手塚ビルディング１階,35.641106,139.702408,8553,6352
tokyo,13,コンビニ,2026-06-01,法人番号4010001030181ミニストップ株式会社ミニストップ成城通店,世田谷区上祖師谷４丁目６番７号マンション高野１階,35.653915,139.596344,8556,6335
tokyo,13,コンビニ,2026-06-12,市原徹ファミリーマート世田谷船橋一丁目店,世田谷区船橋１丁目４３番９号,35.650707,139.619492,8556,6339
tokyo,13,コンビニ,2026-06-09,法人番号5011001022762株式会社ミハラ屋ローソン富ヶ谷一丁目店,渋谷区富ヶ谷１丁目６番９号富ヶ谷ウエストガーデン１階,35.669037,139.689346,8560,6350
tokyo,13,コンビニ,2026-06-01,内山正浩デイリーヤマザキ高円寺環七通り店,杉並区高円寺南５丁目４４番１号,35.705399,139.655899,8569,6344
tokyo,13,スーパー,2026-06-26,法人番号2040001000456イオンリテール株式会社イオンスタイル西台,板橋区蓮根３丁目８番１２号イオン西台地下１階、１階及び４階,35.785866,139.674896,8588,6347
tokyo,13,コンビニ,2026-06-24,法人番号1010001088181株式会社セブン－イレブン・ジャパンセブン－イレブン練馬早宮３丁目店,練馬区早宮３丁目１番１７号,35.748661,139.654953,8579,6344
tokyo,13,コンビニ,2026-06-25,法人番号1010701035020株式会社ローソンアーバンワークスローソン綾瀬三丁目店,足立区綾瀬３丁目２６番１６号モンターニュ綾瀬１階,35.764572,139.827759,8583,6372
tokyo,13,コンビニ,2026-06-11,法人番号5011702011130株式会社イージスリテイリングローソンＪＲ小岩駅北口店,江戸川区西小岩１丁目２３番１３号植草ビル１階,35.733513,139.881058,8576,6380
tokyo,13,コンビニ,2026-06-25,法人番号9010601039147株式会社八福屋ファミリーマート篠崎駅南口店,江戸川区篠崎町２丁目６番１号ビザプロバンス篠崎ビル１階,35.706078,139.904526,8569,6384
tokyo,13,コンビニ,2026-06-30,法人番号3010003023432合同会社ｆｕｎ＆ｔｈａｎｋｓファミリーマート瑞江一丁目店,江戸川区瑞江１丁目４番１１号,35.698452,139.893478,8567,6382
tokyo,13,コンビニ,2026-06-15,法人番号1020001096126株式会社ｓｅｌｆｃｒｅａｔｉｏｎファミリーマート国分寺本町三丁目店,国分寺市本町３丁目８番１２号エクシードビル１階,35.702957,139.479843,8568,6316
tokyo,13,コンビニ,2026-06-01,法人番号2013402002577有限会社ティー・エム・ケーローソン三鷹大沢四丁目店,三鷹市大沢４丁目１２番１４号,35.667171,139.539413,8560,6326
tokyo,13,ドラッグ・薬局,2026-06-05,法人番号7180301016951株式会社スギ薬局スギドラッグ府中小柳町店,府中市小柳町２丁目１３番地の１,35.662994,139.500351,8559,6320
tokyo,13,コンビニ,2026-06-10,赤川翔ファミリーマート花小金井四丁目店,小平市花小金井４丁目１３番９号,35.735748,139.508316,8576,6321
toyama,16,コンビニ,2026-06-11,高田秀人ファミリーマート高岡清水町店,高岡市清水町３丁目３２番地,36.738026,137.004578,8817,5920
yamagata,06,コンビニ,2026-06-30,法人番号2013301010706株式会社ファミリーマートファミリーマート山形沼の辺町店,山形市沼の辺町1番27号,38.264503,140.362228,9183,6457
yamagata,06,コンビニ,2026-06-30,法人番号9390001013631株式会社万代商店ファミリーマート山形飯田西店,山形市飯田西四丁目2番1号,38.214542,140.322464,9171,6451
yamagata,06,コンビニ,2026-06-30,法人番号5390002010672有限会社世和ファミリーマート鶴岡水沢店,鶴岡市水沢字水沢尻21番地1,38.709625,139.737381,9290,6357
yamagata,06,コンビニ,2026-06-01,法人番号4390001018313株式会社小国リテールセブン－イレブン小国町町原店,西置賜郡小国町大字町原342番地1,38.050751,139.756577,9132,6361
yamaguchi,35,コンビニ,2026-06-01,法人番号7250001015511株式会社ＭＡＥＤＡセブンーイレブン宇部沖ノ旦店,宇部市大字沖ﾉ旦790番地1,33.996925,131.225647,8159,4996
yamaguchi,35,コンビニ,2026-06-01,法人番号9250001000065株式会社岩城酒舗ローソン山口黒川店,山口市黒川1029番地7,34.141045,131.460342,8193,5033
yamaguchi,35,コンビニ,2026-06-16,法人番号5240001056657株式会社ポプラリテールローソン熊毛平生町店,熊毛郡平生町平生村511番地2,33.945328,132.07637,8146,5132
yamanashi,19,スーパー,2026-06-15,法人番号6040001000485株式会社イオンファンタジーミューの森,上野原市棡原１３８８０番地,35.672298,139.085815,8561,6253
